catalog_year,course_code,rubric,course_number,academic_elective_eligible,final_course_family,final_resolution_status,resolution_note,original_course_family,original_crosswalk_status,source_file
2021-2022,ACCT 2301,ACCT,2301,True,ACADEMIC,RESOLVED_FROM_CATALOG_MARKER,,ACADEMIC,RESOLVED,data\raw\catalogs\2021-2022\2021-2022_Catalog.docx
2021-2022,ACCT 2302,ACCT,2302,True,ACADEMIC,RESOLVED_FROM_CATALOG_MARKER,,ACADEMIC,RESOLVED,data\raw\catalogs\2021-2022\2021-2022_Catalog.docx
2021-2022,ACNT 1311,ACNT,1311,False,TECHNICAL,RESOLVED_NOT_ACADEMIC,,TECHNICAL,RESOLVED,data\raw\catalogs\2021-2022\2021-2022_Catalog.docx
2021-2022,ACNT 1329,ACNT,1329,False,TECHNICAL,RESOLVED_NOT_ACADEMIC,,TECHNICAL,RESOLVED,data\raw\catalogs\2021-2022\2021-2022_Catalog.docx
2021-2022,ANTH 2351,ANTH,2351,True,ACADEMIC,RESOLVED_FROM_CATALOG_MARKER,,ACADEMIC,RESOLVED,data\raw\catalogs\2021-2022\2021-2022_Catalog.docx
2021-2022,ARTC 1325,ARTC,1325,False,TECHNICAL,RESOLVED_NOT_ACADEMIC,,TECHNICAL,RESOLVED,data\raw\catalogs\2021-2022\2021-2022_Catalog.docx
2021-2022,ARTC 1353,ARTC,1353,False,TECHNICAL,RESOLVED_NOT_ACADEMIC,,TECHNICAL,RESOLVED,data\raw\catalogs\2021-2022\2021-2022_Catalog.docx
2021-2022,ARTS 1301,ARTS,1301,True,ACADEMIC,RESOLVED_FROM_CATALOG_MARKER,,ACADEMIC,RESOLVED,data\raw\catalogs\2021-2022\2021-2022_Catalog.docx
2021-2022,ARTS 1311,ARTS,1311,True,ACADEMIC,RESOLVED_FROM_CATALOG_MARKER,,ACADEMIC,RESOLVED,data\raw\catalogs\2021-2022\2021-2022_Catalog.docx
2021-2022,ARTS 1316,ARTS,1316,True,ACADEMIC,RESOLVED_FROM_CATALOG_MARKER,,ACADEMIC,RESOLVED,data\raw\catalogs\2021-2022\2021-2022_Catalog.docx
2021-2022,BIOL 1322,BIOL,1322,True,ACADEMIC,RESOLVED_FROM_CATALOG_MARKER,,ACADEMIC,RESOLVED,data\raw\catalogs\2021-2022\2021-2022_Catalog.docx
2021-2022,BIOL 1406,BIOL,1406,True,ACADEMIC,RESOLVED_FROM_CATALOG_MARKER,,ACADEMIC,RESOLVED,data\raw\catalogs\2021-2022\2021-2022_Catalog.docx
2021-2022,BIOL 1407,BIOL,1407,True,ACADEMIC,RESOLVED_FROM_CATALOG_MARKER,,ACADEMIC,RESOLVED,data\raw\catalogs\2021-2022\2021-2022_Catalog.docx
2021-2022,BIOL 1408,BIOL,1408,True,ACADEMIC,RESOLVED_FROM_CATALOG_MARKER,,ACADEMIC,RESOLVED,data\raw\catalogs\2021-2022\2021-2022_Catalog.docx
2021-2022,BIOL 1409,BIOL,1409,True,ACADEMIC,RESOLVED_FROM_CATALOG_MARKER,,ACADEMIC,RESOLVED,data\raw\catalogs\2021-2022\2021-2022_Catalog.docx
2021-2022,BIOL 1411,BIOL,1411,True,ACADEMIC,AUTHORIZED_ACADEMIC_CORRECTION,Catalog course description omitted AC marker; course is an academic TCCNS course.,UNKNOWN,REVIEW_REQUIRED,data\raw\catalogs\2021-2022\2021-2022_Catalog.docx
2021-2022,BIOL 1413,BIOL,1413,True,ACADEMIC,RESOLVED_FROM_CATALOG_MARKER,,ACADEMIC,RESOLVED,data\raw\catalogs\2021-2022\2021-2022_Catalog.docx
2021-2022,BIOL 2401,BIOL,2401,True,ACADEMIC,RESOLVED_FROM_CATALOG_MARKER,,ACADEMIC,RESOLVED,data\raw\catalogs\2021-2022\2021-2022_Catalog.docx
2021-2022,BIOL 2402,BIOL,2402,True,ACADEMIC,RESOLVED_FROM_CATALOG_MARKER,,ACADEMIC,RESOLVED,data\raw\catalogs\2021-2022\2021-2022_Catalog.docx
2021-2022,BIOL 2404,BIOL,2404,True,ACADEMIC,RESOLVED_FROM_CATALOG_MARKER,,ACADEMIC,RESOLVED,data\raw\catalogs\2021-2022\2021-2022_Catalog.docx
2021-2022,BIOL 2406,BIOL,2406,True,ACADEMIC,RESOLVED_FROM_CATALOG_MARKER,,ACADEMIC,RESOLVED,data\raw\catalogs\2021-2022\2021-2022_Catalog.docx
2021-2022,BIOL 2420,BIOL,2420,True,ACADEMIC,RESOLVED_FROM_CATALOG_MARKER,,ACADEMIC,RESOLVED,data\raw\catalogs\2021-2022\2021-2022_Catalog.docx
2021-2022,BMGT 1301,BMGT,1301,False,TECHNICAL,RESOLVED_NOT_ACADEMIC,,TECHNICAL,RESOLVED,data\raw\catalogs\2021-2022\2021-2022_Catalog.docx
2021-2022,BMGT 2341,BMGT,2341,False,TECHNICAL,RESOLVED_NOT_ACADEMIC,,TECHNICAL,RESOLVED,data\raw\catalogs\2021-2022\2021-2022_Catalog.docx
2021-2022,BUSG 1301,BUSG,1301,False,TECHNICAL,RESOLVED_NOT_ACADEMIC,,TECHNICAL,RESOLVED,data\raw\catalogs\2021-2022\2021-2022_Catalog.docx
2021-2022,BUSG 2309,BUSG,2309,False,TECHNICAL,RESOLVED_NOT_ACADEMIC,,TECHNICAL,RESOLVED,data\raw\catalogs\2021-2022\2021-2022_Catalog.docx
2021-2022,BUSI 1301,BUSI,1301,True,ACADEMIC,RESOLVED_FROM_CATALOG_MARKER,,ACADEMIC,RESOLVED,data\raw\catalogs\2021-2022\2021-2022_Catalog.docx
2021-2022,BUSI 1307,BUSI,1307,True,ACADEMIC,RESOLVED_FROM_CATALOG_MARKER,,ACADEMIC,RESOLVED,data\raw\catalogs\2021-2022\2021-2022_Catalog.docx
2021-2022,BUSI 2301,BUSI,2301,True,ACADEMIC,RESOLVED_FROM_CATALOG_MARKER,,ACADEMIC,RESOLVED,data\raw\catalogs\2021-2022\2021-2022_Catalog.docx
2021-2022,BUSI 2304,BUSI,2304,True,ACADEMIC,RESOLVED_FROM_CATALOG_MARKER,,ACADEMIC,RESOLVED,data\raw\catalogs\2021-2022\2021-2022_Catalog.docx
2021-2022,CETT 1403,CETT,1403,False,TECHNICAL,RESOLVED_NOT_ACADEMIC,,TECHNICAL,RESOLVED,data\raw\catalogs\2021-2022\2021-2022_Catalog.docx
2021-2022,CETT 1405,CETT,1405,False,TECHNICAL,RESOLVED_NOT_ACADEMIC,,TECHNICAL,RESOLVED,data\raw\catalogs\2021-2022\2021-2022_Catalog.docx
2021-2022,CETT 1415,CETT,1415,False,TECHNICAL,RESOLVED_NOT_ACADEMIC,,TECHNICAL,RESOLVED,data\raw\catalogs\2021-2022\2021-2022_Catalog.docx
2021-2022,CETT 1441,CETT,1441,False,TECHNICAL,RESOLVED_NOT_ACADEMIC,,TECHNICAL,RESOLVED,data\raw\catalogs\2021-2022\2021-2022_Catalog.docx
2021-2022,CHEM 1406,CHEM,1406,True,ACADEMIC,RESOLVED_FROM_CATALOG_MARKER,,ACADEMIC,RESOLVED,data\raw\catalogs\2021-2022\2021-2022_Catalog.docx
2021-2022,CHEM 1407,CHEM,1407,True,ACADEMIC,RESOLVED_FROM_CATALOG_MARKER,,ACADEMIC,RESOLVED,data\raw\catalogs\2021-2022\2021-2022_Catalog.docx
2021-2022,CHEM 1411,CHEM,1411,True,ACADEMIC,RESOLVED_FROM_CATALOG_MARKER,,ACADEMIC,RESOLVED,data\raw\catalogs\2021-2022\2021-2022_Catalog.docx
2021-2022,CHEM 1412,CHEM,1412,True,ACADEMIC,RESOLVED_FROM_CATALOG_MARKER,,ACADEMIC,RESOLVED,data\raw\catalogs\2021-2022\2021-2022_Catalog.docx
2021-2022,CJCR 1381,CJCR,1381,False,TECHNICAL,RESOLVED_NOT_ACADEMIC,,TECHNICAL,RESOLVED,data\raw\catalogs\2021-2022\2021-2022_Catalog.docx
2021-2022,CJSA 1312,CJSA,1312,False,TECHNICAL,RESOLVED_NOT_ACADEMIC,,TECHNICAL,RESOLVED,data\raw\catalogs\2021-2022\2021-2022_Catalog.docx
2021-2022,CJSA 1313,CJSA,1313,False,TECHNICAL,RESOLVED_NOT_ACADEMIC,,TECHNICAL,RESOLVED,data\raw\catalogs\2021-2022\2021-2022_Catalog.docx
2021-2022,CJSA 1317,CJSA,1317,False,TECHNICAL,RESOLVED_NOT_ACADEMIC,,TECHNICAL,RESOLVED,data\raw\catalogs\2021-2022\2021-2022_Catalog.docx
2021-2022,CJSA 1322,CJSA,1322,False,TECHNICAL,RESOLVED_NOT_ACADEMIC,,TECHNICAL,RESOLVED,data\raw\catalogs\2021-2022\2021-2022_Catalog.docx
2021-2022,CJSA 1342,CJSA,1342,False,TECHNICAL,RESOLVED_NOT_ACADEMIC,,TECHNICAL,RESOLVED,data\raw\catalogs\2021-2022\2021-2022_Catalog.docx
2021-2022,CNBT 1210,CNBT,1210,False,TECHNICAL,RESOLVED_NOT_ACADEMIC,,TECHNICAL,RESOLVED,data\raw\catalogs\2021-2022\2021-2022_Catalog.docx
2021-2022,CNBT 1300,CNBT,1300,False,TECHNICAL,RESOLVED_NOT_ACADEMIC,,TECHNICAL,RESOLVED,data\raw\catalogs\2021-2022\2021-2022_Catalog.docx
2021-2022,CNBT 1342,CNBT,1342,False,TECHNICAL,RESOLVED_NOT_ACADEMIC,,TECHNICAL,RESOLVED,data\raw\catalogs\2021-2022\2021-2022_Catalog.docx
2021-2022,CNBT 1346,CNBT,1346,False,TECHNICAL,RESOLVED_NOT_ACADEMIC,,TECHNICAL,RESOLVED,data\raw\catalogs\2021-2022\2021-2022_Catalog.docx
2021-2022,CNBT 1411,CNBT,1411,False,TECHNICAL,RESOLVED_NOT_ACADEMIC,,TECHNICAL,RESOLVED,data\raw\catalogs\2021-2022\2021-2022_Catalog.docx
2021-2022,CNBT 2344,CNBT,2344,False,TECHNICAL,RESOLVED_NOT_ACADEMIC,,TECHNICAL,RESOLVED,data\raw\catalogs\2021-2022\2021-2022_Catalog.docx
2021-2022,COSC 1301,COSC,1301,True,ACADEMIC,RESOLVED_FROM_CATALOG_MARKER,,ACADEMIC,RESOLVED,data\raw\catalogs\2021-2022\2021-2022_Catalog.docx
2021-2022,COSC 1436,COSC,1436,True,ACADEMIC,RESOLVED_FROM_CATALOG_MARKER,,ACADEMIC,RESOLVED,data\raw\catalogs\2021-2022\2021-2022_Catalog.docx
2021-2022,COSC 1437,COSC,1437,True,ACADEMIC,RESOLVED_FROM_CATALOG_MARKER,,ACADEMIC,RESOLVED,data\raw\catalogs\2021-2022\2021-2022_Catalog.docx
2021-2022,COSC 2425,COSC,2425,True,ACADEMIC,RESOLVED_FROM_CATALOG_MARKER,,ACADEMIC,RESOLVED,data\raw\catalogs\2021-2022\2021-2022_Catalog.docx
2021-2022,CPMT 2302,CPMT,2302,False,TECHNICAL,RESOLVED_NOT_ACADEMIC,,TECHNICAL,RESOLVED,data\raw\catalogs\2021-2022\2021-2022_Catalog.docx
2021-2022,CRIJ 1301,CRIJ,1301,True,ACADEMIC,RESOLVED_FROM_CATALOG_MARKER,,ACADEMIC,RESOLVED,data\raw\catalogs\2021-2022\2021-2022_Catalog.docx
2021-2022,CRIJ 1306,CRIJ,1306,True,ACADEMIC,RESOLVED_FROM_CATALOG_MARKER,,ACADEMIC,RESOLVED,data\raw\catalogs\2021-2022\2021-2022_Catalog.docx
2021-2022,CRIJ 1307,CRIJ,1307,True,ACADEMIC,RESOLVED_FROM_CATALOG_MARKER,,ACADEMIC,RESOLVED,data\raw\catalogs\2021-2022\2021-2022_Catalog.docx
2021-2022,CRIJ 1310,CRIJ,1310,True,ACADEMIC,RESOLVED_FROM_CATALOG_MARKER,,ACADEMIC,RESOLVED,data\raw\catalogs\2021-2022\2021-2022_Catalog.docx
2021-2022,CRIJ 1313,CRIJ,1313,True,ACADEMIC,RESOLVED_FROM_CATALOG_MARKER,,ACADEMIC,RESOLVED,data\raw\catalogs\2021-2022\2021-2022_Catalog.docx
2021-2022,CRIJ 2301,CRIJ,2301,True,ACADEMIC,RESOLVED_FROM_CATALOG_MARKER,,ACADEMIC,RESOLVED,data\raw\catalogs\2021-2022\2021-2022_Catalog.docx
2021-2022,CRIJ 2313,CRIJ,2313,True,ACADEMIC,RESOLVED_FROM_CATALOG_MARKER,,ACADEMIC,RESOLVED,data\raw\catalogs\2021-2022\2021-2022_Catalog.docx
2021-2022,CRIJ 2314,CRIJ,2314,True,ACADEMIC,RESOLVED_FROM_CATALOG_MARKER,,ACADEMIC,RESOLVED,data\raw\catalogs\2021-2022\2021-2022_Catalog.docx
2021-2022,CRIJ 2323,CRIJ,2323,True,ACADEMIC,RESOLVED_FROM_CATALOG_MARKER,,ACADEMIC,RESOLVED,data\raw\catalogs\2021-2022\2021-2022_Catalog.docx
2021-2022,CRIJ 2328,CRIJ,2328,True,ACADEMIC,RESOLVED_FROM_CATALOG_MARKER,,ACADEMIC,RESOLVED,data\raw\catalogs\2021-2022\2021-2022_Catalog.docx
2021-2022,CRTR 1004,CRTR,1004,False,UNKNOWN,CONSERVATIVE_EXCLUSION_UNRESOLVED,No authoritative academic marker; excluded from academic-elective eligibility.,UNKNOWN,REVIEW_REQUIRED,data\raw\catalogs\2021-2022\2021-2022_Catalog.docx
2021-2022,CRTR 1006,CRTR,1006,False,UNKNOWN,CONSERVATIVE_EXCLUSION_UNRESOLVED,No authoritative academic marker; excluded from academic-elective eligibility.,UNKNOWN,REVIEW_REQUIRED,data\raw\catalogs\2021-2022\2021-2022_Catalog.docx
2021-2022,CRTR 1057,CRTR,1057,False,UNKNOWN,CONSERVATIVE_EXCLUSION_UNRESOLVED,No authoritative academic marker; excluded from academic-elective eligibility.,UNKNOWN,REVIEW_REQUIRED,data\raw\catalogs\2021-2022\2021-2022_Catalog.docx
2021-2022,CRTR 1059,CRTR,1059,False,UNKNOWN,CONSERVATIVE_EXCLUSION_UNRESOLVED,No authoritative academic marker; excluded from academic-elective eligibility.,UNKNOWN,REVIEW_REQUIRED,data\raw\catalogs\2021-2022\2021-2022_Catalog.docx
2021-2022,CRTR 2013,CRTR,2013,False,UNKNOWN,CONSERVATIVE_EXCLUSION_UNRESOLVED,No authoritative academic marker; excluded from academic-elective eligibility.,UNKNOWN,REVIEW_REQUIRED,data\raw\catalogs\2021-2022\2021-2022_Catalog.docx
2021-2022,CRTR 2031,CRTR,2031,False,UNKNOWN,CONSERVATIVE_EXCLUSION_UNRESOLVED,No authoritative academic marker; excluded from academic-elective eligibility.,UNKNOWN,REVIEW_REQUIRED,data\raw\catalogs\2021-2022\2021-2022_Catalog.docx
2021-2022,CTEC 2445,CTEC,2445,False,TECHNICAL,RESOLVED_NOT_ACADEMIC,,TECHNICAL,RESOLVED,data\raw\catalogs\2021-2022\2021-2022_Catalog.docx
2021-2022,CTEC 2480,CTEC,2480,False,TECHNICAL,RESOLVED_NOT_ACADEMIC,,TECHNICAL,RESOLVED,data\raw\catalogs\2021-2022\2021-2022_Catalog.docx
2021-2022,DIRW 0400,DIRW,0400,False,COLLEGE_PREPARATORY,RESOLVED_NOT_ACADEMIC,,COLLEGE_PREPARATORY,RESOLVED,data\raw\catalogs\2021-2022\2021-2022_Catalog.docx
2021-2022,DMTH 0300,DMTH,0300,False,COLLEGE_PREPARATORY,RESOLVED_NOT_ACADEMIC,,COLLEGE_PREPARATORY,RESOLVED,data\raw\catalogs\2021-2022\2021-2022_Catalog.docx
2021-2022,DMTH 0301,DMTH,0301,False,COLLEGE_PREPARATORY,RESOLVED_NOT_ACADEMIC,,COLLEGE_PREPARATORY,RESOLVED,data\raw\catalogs\2021-2022\2021-2022_Catalog.docx
2021-2022,DMTH 0302,DMTH,0302,False,COLLEGE_PREPARATORY,RESOLVED_NOT_ACADEMIC,,COLLEGE_PREPARATORY,RESOLVED,data\raw\catalogs\2021-2022\2021-2022_Catalog.docx
2021-2022,DMTH 0312,DMTH,0312,False,COLLEGE_PREPARATORY,RESOLVED_NOT_ACADEMIC,,COLLEGE_PREPARATORY,RESOLVED,data\raw\catalogs\2021-2022\2021-2022_Catalog.docx
2021-2022,DMTH 0314,DMTH,0314,False,COLLEGE_PREPARATORY,RESOLVED_NOT_ACADEMIC,,COLLEGE_PREPARATORY,RESOLVED,data\raw\catalogs\2021-2022\2021-2022_Catalog.docx
2021-2022,DMTH 0400,DMTH,0400,False,COLLEGE_PREPARATORY,RESOLVED_NOT_ACADEMIC,,COLLEGE_PREPARATORY,RESOLVED,data\raw\catalogs\2021-2022\2021-2022_Catalog.docx
2021-2022,DMTH 0401,DMTH,0401,False,COLLEGE_PREPARATORY,RESOLVED_NOT_ACADEMIC,,COLLEGE_PREPARATORY,RESOLVED,data\raw\catalogs\2021-2022\2021-2022_Catalog.docx
2021-2022,DNTA 1241,DNTA,1241,False,TECHNICAL,RESOLVED_NOT_ACADEMIC,,TECHNICAL,RESOLVED,data\raw\catalogs\2021-2022\2021-2022_Catalog.docx
2021-2022,DNTA 1245,DNTA,1245,False,TECHNICAL,RESOLVED_NOT_ACADEMIC,,TECHNICAL,RESOLVED,data\raw\catalogs\2021-2022\2021-2022_Catalog.docx
2021-2022,DNTA 1249,DNTA,1249,False,TECHNICAL,RESOLVED_NOT_ACADEMIC,,TECHNICAL,RESOLVED,data\raw\catalogs\2021-2022\2021-2022_Catalog.docx
2021-2022,DNTA 1251,DNTA,1251,False,TECHNICAL,RESOLVED_NOT_ACADEMIC,,TECHNICAL,RESOLVED,data\raw\catalogs\2021-2022\2021-2022_Catalog.docx
2021-2022,DNTA 1305,DNTA,1305,False,TECHNICAL,RESOLVED_NOT_ACADEMIC,,TECHNICAL,RESOLVED,data\raw\catalogs\2021-2022\2021-2022_Catalog.docx
2021-2022,DNTA 1311,DNTA,1311,False,TECHNICAL,RESOLVED_NOT_ACADEMIC,,TECHNICAL,RESOLVED,data\raw\catalogs\2021-2022\2021-2022_Catalog.docx
2021-2022,DNTA 1315,DNTA,1315,False,TECHNICAL,RESOLVED_NOT_ACADEMIC,,TECHNICAL,RESOLVED,data\raw\catalogs\2021-2022\2021-2022_Catalog.docx
2021-2022,DNTA 1353,DNTA,1353,False,TECHNICAL,RESOLVED_NOT_ACADEMIC,,TECHNICAL,RESOLVED,data\raw\catalogs\2021-2022\2021-2022_Catalog.docx
2021-2022,DNTA 1401,DNTA,1401,False,TECHNICAL,RESOLVED_NOT_ACADEMIC,,TECHNICAL,RESOLVED,data\raw\catalogs\2021-2022\2021-2022_Catalog.docx
2021-2022,DNTA 1660,DNTA,1660,False,TECHNICAL,RESOLVED_NOT_ACADEMIC,,TECHNICAL,RESOLVED,data\raw\catalogs\2021-2022\2021-2022_Catalog.docx
2021-2022,DNTA 2461,DNTA,2461,False,TECHNICAL,RESOLVED_NOT_ACADEMIC,,TECHNICAL,RESOLVED,data\raw\catalogs\2021-2022\2021-2022_Catalog.docx
2021-2022,DRAM 1310,DRAM,1310,True,ACADEMIC,RESOLVED_FROM_CATALOG_MARKER,,ACADEMIC,RESOLVED,data\raw\catalogs\2021-2022\2021-2022_Catalog.docx
2021-2022,ECON 2301,ECON,2301,True,ACADEMIC,RESOLVED_FROM_CATALOG_MARKER,,ACADEMIC,RESOLVED,data\raw\catalogs\2021-2022\2021-2022_Catalog.docx
2021-2022,ECON 2302,ECON,2302,True,ACADEMIC,RESOLVED_FROM_CATALOG_MARKER,,ACADEMIC,RESOLVED,data\raw\catalogs\2021-2022\2021-2022_Catalog.docx
2021-2022,ECRD 1211,ECRD,1211,False,TECHNICAL,RESOLVED_NOT_ACADEMIC,,TECHNICAL,RESOLVED,data\raw\catalogs\2021-2022\2021-2022_Catalog.docx
2021-2022,EDUC 1300,EDUC,1300,True,ACADEMIC,RESOLVED_FROM_CATALOG_MARKER,,ACADEMIC,RESOLVED,data\raw\catalogs\2021-2022\2021-2022_Catalog.docx
2021-2022,EDUC 1301,EDUC,1301,True,ACADEMIC,RESOLVED_FROM_CATALOG_MARKER,,ACADEMIC,RESOLVED,data\raw\catalogs\2021-2022\2021-2022_Catalog.docx
2021-2022,EDUC 2301,EDUC,2301,True,ACADEMIC,RESOLVED_FROM_CATALOG_MARKER,,ACADEMIC,RESOLVED,data\raw\catalogs\2021-2022\2021-2022_Catalog.docx
2021-2022,EMSP 1208,EMSP,1208,False,TECHNICAL,RESOLVED_NOT_ACADEMIC,,TECHNICAL,RESOLVED,data\raw\catalogs\2021-2022\2021-2022_Catalog.docx
2021-2022,EMSP 1260,EMSP,1260,False,TECHNICAL,RESOLVED_NOT_ACADEMIC,,TECHNICAL,RESOLVED,data\raw\catalogs\2021-2022\2021-2022_Catalog.docx
2021-2022,EMSP 1438,EMSP,1438,False,TECHNICAL,RESOLVED_NOT_ACADEMIC,,TECHNICAL,RESOLVED,data\raw\catalogs\2021-2022\2021-2022_Catalog.docx
2021-2022,EMSP 1501,EMSP,1501,False,TECHNICAL,RESOLVED_NOT_ACADEMIC,,TECHNICAL,RESOLVED,data\raw\catalogs\2021-2022\2021-2022_Catalog.docx
2021-2022,EMSP 2260,EMSP,2260,False,TECHNICAL,RESOLVED_NOT_ACADEMIC,,TECHNICAL,RESOLVED,data\raw\catalogs\2021-2022\2021-2022_Catalog.docx
2021-2022,ENGL 1301,ENGL,1301,True,ACADEMIC,RESOLVED_FROM_CATALOG_MARKER,,ACADEMIC,RESOLVED,data\raw\catalogs\2021-2022\2021-2022_Catalog.docx
2021-2022,ENGL 1302,ENGL,1302,True,ACADEMIC,RESOLVED_FROM_CATALOG_MARKER,,ACADEMIC,RESOLVED,data\raw\catalogs\2021-2022\2021-2022_Catalog.docx
2021-2022,ENGL 2307,ENGL,2307,True,ACADEMIC,RESOLVED_FROM_CATALOG_MARKER,,ACADEMIC,RESOLVED,data\raw\catalogs\2021-2022\2021-2022_Catalog.docx
2021-2022,ENGL 2322,ENGL,2322,True,ACADEMIC,RESOLVED_FROM_CATALOG_MARKER,,ACADEMIC,RESOLVED,data\raw\catalogs\2021-2022\2021-2022_Catalog.docx
2021-2022,ENGL 2323,ENGL,2323,True,ACADEMIC,RESOLVED_FROM_CATALOG_MARKER,,ACADEMIC,RESOLVED,data\raw\catalogs\2021-2022\2021-2022_Catalog.docx
2021-2022,ENGL 2326,ENGL,2326,True,ACADEMIC,RESOLVED_FROM_CATALOG_MARKER,,ACADEMIC,RESOLVED,data\raw\catalogs\2021-2022\2021-2022_Catalog.docx
2021-2022,ENGL 2331,ENGL,2331,True,ACADEMIC,RESOLVED_FROM_CATALOG_MARKER,,ACADEMIC,RESOLVED,data\raw\catalogs\2021-2022\2021-2022_Catalog.docx
2021-2022,ENGL 2341,ENGL,2341,True,ACADEMIC,RESOLVED_FROM_CATALOG_MARKER,,ACADEMIC,RESOLVED,data\raw\catalogs\2021-2022\2021-2022_Catalog.docx
2021-2022,EPCT 1301,EPCT,1301,False,TECHNICAL,RESOLVED_NOT_ACADEMIC,,TECHNICAL,RESOLVED,data\raw\catalogs\2021-2022\2021-2022_Catalog.docx
2021-2022,EPCT 1305,EPCT,1305,False,TECHNICAL,RESOLVED_NOT_ACADEMIC,,TECHNICAL,RESOLVED,data\raw\catalogs\2021-2022\2021-2022_Catalog.docx
2021-2022,EPCT 1341,EPCT,1341,False,TECHNICAL,RESOLVED_NOT_ACADEMIC,,TECHNICAL,RESOLVED,data\raw\catalogs\2021-2022\2021-2022_Catalog.docx
2021-2022,EPCT 1349,EPCT,1349,False,TECHNICAL,RESOLVED_NOT_ACADEMIC,,TECHNICAL,RESOLVED,data\raw\catalogs\2021-2022\2021-2022_Catalog.docx
2021-2022,EPCT 2489,EPCT,2489,False,TECHNICAL,RESOLVED_NOT_ACADEMIC,,TECHNICAL,RESOLVED,data\raw\catalogs\2021-2022\2021-2022_Catalog.docx
2021-2022,FORS 2440,FORS,2440,True,ACADEMIC,RESOLVED_FROM_CATALOG_MARKER,,ACADEMIC,RESOLVED,data\raw\catalogs\2021-2022\2021-2022_Catalog.docx
2021-2022,FORS 2450,FORS,2450,True,ACADEMIC,RESOLVED_FROM_CATALOG_MARKER,,ACADEMIC,RESOLVED,data\raw\catalogs\2021-2022\2021-2022_Catalog.docx
2021-2022,GEOG 1301,GEOG,1301,True,ACADEMIC,RESOLVED_FROM_CATALOG_MARKER,,ACADEMIC,RESOLVED,data\raw\catalogs\2021-2022\2021-2022_Catalog.docx
2021-2022,GEOG 1302,GEOG,1302,True,ACADEMIC,RESOLVED_FROM_CATALOG_MARKER,,ACADEMIC,RESOLVED,data\raw\catalogs\2021-2022\2021-2022_Catalog.docx
2021-2022,GEOL 1403,GEOL,1403,True,ACADEMIC,RESOLVED_FROM_CATALOG_MARKER,,ACADEMIC,RESOLVED,data\raw\catalogs\2021-2022\2021-2022_Catalog.docx
2021-2022,GEOL 1404,GEOL,1404,True,ACADEMIC,RESOLVED_FROM_CATALOG_MARKER,,ACADEMIC,RESOLVED,data\raw\catalogs\2021-2022\2021-2022_Catalog.docx
2021-2022,GOVT 2304,GOVT,2304,True,ACADEMIC,RESOLVED_FROM_CATALOG_MARKER,,ACADEMIC,RESOLVED,data\raw\catalogs\2021-2022\2021-2022_Catalog.docx
2021-2022,GOVT 2305,GOVT,2305,True,ACADEMIC,RESOLVED_FROM_CATALOG_MARKER,,ACADEMIC,RESOLVED,data\raw\catalogs\2021-2022\2021-2022_Catalog.docx
2021-2022,GOVT 2306,GOVT,2306,True,ACADEMIC,RESOLVED_FROM_CATALOG_MARKER,,ACADEMIC,RESOLVED,data\raw\catalogs\2021-2022\2021-2022_Catalog.docx
2021-2022,HIST 1301,HIST,1301,True,ACADEMIC,RESOLVED_FROM_CATALOG_MARKER,,ACADEMIC,RESOLVED,data\raw\catalogs\2021-2022\2021-2022_Catalog.docx
2021-2022,HIST 1302,HIST,1302,True,ACADEMIC,RESOLVED_FROM_CATALOG_MARKER,,ACADEMIC,RESOLVED,data\raw\catalogs\2021-2022\2021-2022_Catalog.docx
2021-2022,HIST 2301,HIST,2301,True,ACADEMIC,RESOLVED_FROM_CATALOG_MARKER,,ACADEMIC,RESOLVED,data\raw\catalogs\2021-2022\2021-2022_Catalog.docx
2021-2022,HIST 2321,HIST,2321,True,ACADEMIC,RESOLVED_FROM_CATALOG_MARKER,,ACADEMIC,RESOLVED,data\raw\catalogs\2021-2022\2021-2022_Catalog.docx
2021-2022,HIST 2322,HIST,2322,True,ACADEMIC,RESOLVED_FROM_CATALOG_MARKER,,ACADEMIC,RESOLVED,data\raw\catalogs\2021-2022\2021-2022_Catalog.docx
2021-2022,HITT 1305,HITT,1305,False,TECHNICAL,RESOLVED_NOT_ACADEMIC,,TECHNICAL,RESOLVED,data\raw\catalogs\2021-2022\2021-2022_Catalog.docx
2021-2022,HUMA 1315,HUMA,1315,True,ACADEMIC,RESOLVED_FROM_CATALOG_MARKER,,ACADEMIC,RESOLVED,data\raw\catalogs\2021-2022\2021-2022_Catalog.docx
2021-2022,HYDR 1305,HYDR,1305,False,TECHNICAL,RESOLVED_NOT_ACADEMIC,,TECHNICAL,RESOLVED,data\raw\catalogs\2021-2022\2021-2022_Catalog.docx
2021-2022,INCR 1402,INCR,1402,False,TECHNICAL,RESOLVED_NOT_ACADEMIC,,TECHNICAL,RESOLVED,data\raw\catalogs\2021-2022\2021-2022_Catalog.docx
2021-2022,INCR 1442,INCR,1442,False,TECHNICAL,RESOLVED_NOT_ACADEMIC,,TECHNICAL,RESOLVED,data\raw\catalogs\2021-2022\2021-2022_Catalog.docx
2021-2022,INTC 1301,INTC,1301,False,TECHNICAL,RESOLVED_NOT_ACADEMIC,,TECHNICAL,RESOLVED,data\raw\catalogs\2021-2022\2021-2022_Catalog.docx
2021-2022,INTC 1358,INTC,1358,False,TECHNICAL,RESOLVED_NOT_ACADEMIC,,TECHNICAL,RESOLVED,data\raw\catalogs\2021-2022\2021-2022_Catalog.docx
2021-2022,INTC 1457,INTC,1457,False,TECHNICAL,RESOLVED_NOT_ACADEMIC,,TECHNICAL,RESOLVED,data\raw\catalogs\2021-2022\2021-2022_Catalog.docx
2021-2022,INTC 2480,INTC,2480,False,TECHNICAL,RESOLVED_NOT_ACADEMIC,,TECHNICAL,RESOLVED,data\raw\catalogs\2021-2022\2021-2022_Catalog.docx
2021-2022,ITCC 1314,ITCC,1314,False,TECHNICAL,RESOLVED_NOT_ACADEMIC,,TECHNICAL,RESOLVED,data\raw\catalogs\2021-2022\2021-2022_Catalog.docx
2021-2022,ITCC 1344,ITCC,1344,False,TECHNICAL,RESOLVED_NOT_ACADEMIC,,TECHNICAL,RESOLVED,data\raw\catalogs\2021-2022\2021-2022_Catalog.docx
2021-2022,ITDF 1300,ITDF,1300,False,TECHNICAL,RESOLVED_NOT_ACADEMIC,,TECHNICAL,RESOLVED,data\raw\catalogs\2021-2022\2021-2022_Catalog.docx
2021-2022,ITNW 1313,ITNW,1313,False,TECHNICAL,RESOLVED_NOT_ACADEMIC,,TECHNICAL,RESOLVED,data\raw\catalogs\2021-2022\2021-2022_Catalog.docx
2021-2022,ITNW 1336,ITNW,1336,False,TECHNICAL,RESOLVED_NOT_ACADEMIC,,TECHNICAL,RESOLVED,data\raw\catalogs\2021-2022\2021-2022_Catalog.docx
2021-2022,ITNW 1354,ITNW,1354,False,TECHNICAL,RESOLVED_NOT_ACADEMIC,,TECHNICAL,RESOLVED,data\raw\catalogs\2021-2022\2021-2022_Catalog.docx
2021-2022,ITSC 1325,ITSC,1325,False,TECHNICAL,RESOLVED_NOT_ACADEMIC,,TECHNICAL,RESOLVED,data\raw\catalogs\2021-2022\2021-2022_Catalog.docx
2021-2022,ITSC 2387,ITSC,2387,False,TECHNICAL,RESOLVED_NOT_ACADEMIC,,TECHNICAL,RESOLVED,data\raw\catalogs\2021-2022\2021-2022_Catalog.docx
2021-2022,ITSE 1331,ITSE,1331,False,UNKNOWN,CONSERVATIVE_EXCLUSION_UNRESOLVED,No authoritative academic marker; excluded from academic-elective eligibility.,UNKNOWN,REVIEW_REQUIRED,data\raw\catalogs\2021-2022\2021-2022_Catalog.docx
2021-2022,ITSE 1345,ITSE,1345,False,TECHNICAL,RESOLVED_NOT_ACADEMIC,,TECHNICAL,RESOLVED,data\raw\catalogs\2021-2022\2021-2022_Catalog.docx
2021-2022,ITSE 1359,ITSE,1359,False,TECHNICAL,RESOLVED_NOT_ACADEMIC,,TECHNICAL,RESOLVED,data\raw\catalogs\2021-2022\2021-2022_Catalog.docx
2021-2022,ITSW 1304,ITSW,1304,False,TECHNICAL,RESOLVED_NOT_ACADEMIC,,TECHNICAL,RESOLVED,data\raw\catalogs\2021-2022\2021-2022_Catalog.docx
2021-2022,ITSY 1342,ITSY,1342,False,TECHNICAL,RESOLVED_NOT_ACADEMIC,,TECHNICAL,RESOLVED,data\raw\catalogs\2021-2022\2021-2022_Catalog.docx
2021-2022,ITSY 2301,ITSY,2301,False,TECHNICAL,RESOLVED_NOT_ACADEMIC,,TECHNICAL,RESOLVED,data\raw\catalogs\2021-2022\2021-2022_Catalog.docx
2021-2022,MATH 1314,MATH,1314,True,ACADEMIC,RESOLVED_FROM_CATALOG_MARKER,,ACADEMIC,RESOLVED,data\raw\catalogs\2021-2022\2021-2022_Catalog.docx
2021-2022,MATH 1316,MATH,1316,True,ACADEMIC,RESOLVED_FROM_CATALOG_MARKER,,ACADEMIC,RESOLVED,data\raw\catalogs\2021-2022\2021-2022_Catalog.docx
2021-2022,MATH 1324,MATH,1324,True,ACADEMIC,RESOLVED_FROM_CATALOG_MARKER,,ACADEMIC,RESOLVED,data\raw\catalogs\2021-2022\2021-2022_Catalog.docx
2021-2022,MATH 1325,MATH,1325,True,ACADEMIC,RESOLVED_FROM_CATALOG_MARKER,,ACADEMIC,RESOLVED,data\raw\catalogs\2021-2022\2021-2022_Catalog.docx
2021-2022,MATH 1332,MATH,1332,True,ACADEMIC,RESOLVED_FROM_CATALOG_MARKER,,ACADEMIC,RESOLVED,data\raw\catalogs\2021-2022\2021-2022_Catalog.docx
2021-2022,MATH 1342,MATH,1342,True,ACADEMIC,RESOLVED_FROM_CATALOG_MARKER,,ACADEMIC,RESOLVED,data\raw\catalogs\2021-2022\2021-2022_Catalog.docx
2021-2022,MATH 1350,MATH,1350,True,ACADEMIC,RESOLVED_FROM_CATALOG_MARKER,,ACADEMIC,RESOLVED,data\raw\catalogs\2021-2022\2021-2022_Catalog.docx
2021-2022,MATH 1351,MATH,1351,True,ACADEMIC,RESOLVED_FROM_CATALOG_MARKER,,ACADEMIC,RESOLVED,data\raw\catalogs\2021-2022\2021-2022_Catalog.docx
2021-2022,MATH 2305,MATH,2305,True,ACADEMIC,RESOLVED_FROM_CATALOG_MARKER,,ACADEMIC,RESOLVED,data\raw\catalogs\2021-2022\2021-2022_Catalog.docx
2021-2022,MATH 2312,MATH,2312,True,ACADEMIC,RESOLVED_FROM_CATALOG_MARKER,,ACADEMIC,RESOLVED,data\raw\catalogs\2021-2022\2021-2022_Catalog.docx
2021-2022,MATH 2413,MATH,2413,True,ACADEMIC,RESOLVED_FROM_CATALOG_MARKER,,ACADEMIC,RESOLVED,data\raw\catalogs\2021-2022\2021-2022_Catalog.docx
2021-2022,MDCA 1254,MDCA,1254,False,TECHNICAL,RESOLVED_NOT_ACADEMIC,,TECHNICAL,RESOLVED,data\raw\catalogs\2021-2022\2021-2022_Catalog.docx
2021-2022,MRKG 1301,MRKG,1301,False,TECHNICAL,RESOLVED_NOT_ACADEMIC,,TECHNICAL,RESOLVED,data\raw\catalogs\2021-2022\2021-2022_Catalog.docx
2021-2022,MRKG 1311,MRKG,1311,False,TECHNICAL,RESOLVED_NOT_ACADEMIC,,TECHNICAL,RESOLVED,data\raw\catalogs\2021-2022\2021-2022_Catalog.docx
2021-2022,MSSG 1005,MSSG,1005,False,UNKNOWN,CONSERVATIVE_EXCLUSION_UNRESOLVED,No authoritative academic marker; excluded from academic-elective eligibility.,UNKNOWN,REVIEW_REQUIRED,data\raw\catalogs\2021-2022\2021-2022_Catalog.docx
2021-2022,MSSG 1007,MSSG,1007,False,UNKNOWN,CONSERVATIVE_EXCLUSION_UNRESOLVED,No authoritative academic marker; excluded from academic-elective eligibility.,UNKNOWN,REVIEW_REQUIRED,data\raw\catalogs\2021-2022\2021-2022_Catalog.docx
2021-2022,MSSG 1009,MSSG,1009,False,UNKNOWN,CONSERVATIVE_EXCLUSION_UNRESOLVED,No authoritative academic marker; excluded from academic-elective eligibility.,UNKNOWN,REVIEW_REQUIRED,data\raw\catalogs\2021-2022\2021-2022_Catalog.docx
2021-2022,MSSG 1011,MSSG,1011,False,UNKNOWN,CONSERVATIVE_EXCLUSION_UNRESOLVED,No authoritative academic marker; excluded from academic-elective eligibility.,UNKNOWN,REVIEW_REQUIRED,data\raw\catalogs\2021-2022\2021-2022_Catalog.docx
2021-2022,MSSG 1013,MSSG,1013,False,UNKNOWN,CONSERVATIVE_EXCLUSION_UNRESOLVED,No authoritative academic marker; excluded from academic-elective eligibility.,UNKNOWN,REVIEW_REQUIRED,data\raw\catalogs\2021-2022\2021-2022_Catalog.docx
2021-2022,MSSG 2011,MSSG,2011,False,UNKNOWN,CONSERVATIVE_EXCLUSION_UNRESOLVED,No authoritative academic marker; excluded from academic-elective eligibility.,UNKNOWN,REVIEW_REQUIRED,data\raw\catalogs\2021-2022\2021-2022_Catalog.docx
2021-2022,MSSG 2013,MSSG,2013,False,UNKNOWN,CONSERVATIVE_EXCLUSION_UNRESOLVED,No authoritative academic marker; excluded from academic-elective eligibility.,UNKNOWN,REVIEW_REQUIRED,data\raw\catalogs\2021-2022\2021-2022_Catalog.docx
2021-2022,MSSG 2014,MSSG,2014,False,UNKNOWN,CONSERVATIVE_EXCLUSION_UNRESOLVED,No authoritative academic marker; excluded from academic-elective eligibility.,UNKNOWN,REVIEW_REQUIRED,data\raw\catalogs\2021-2022\2021-2022_Catalog.docx
2021-2022,MSSG 2086,MSSG,2086,False,UNKNOWN,CONSERVATIVE_EXCLUSION_UNRESOLVED,No authoritative academic marker; excluded from academic-elective eligibility.,UNKNOWN,REVIEW_REQUIRED,data\raw\catalogs\2021-2022\2021-2022_Catalog.docx
2021-2022,MUSI 1181,MUSI,1181,True,ACADEMIC,RESOLVED_FROM_CATALOG_MARKER,,ACADEMIC,RESOLVED,data\raw\catalogs\2021-2022\2021-2022_Catalog.docx
2021-2022,MUSI 1183,MUSI,1183,True,ACADEMIC,RESOLVED_FROM_CATALOG_MARKER,,ACADEMIC,RESOLVED,data\raw\catalogs\2021-2022\2021-2022_Catalog.docx
2021-2022,MUSI 1306,MUSI,1306,True,ACADEMIC,RESOLVED_FROM_CATALOG_MARKER,,ACADEMIC,RESOLVED,data\raw\catalogs\2021-2022\2021-2022_Catalog.docx
2021-2022,NAUT 1264,NAUT,1264,False,TECHNICAL,RESOLVED_NOT_ACADEMIC,,TECHNICAL,RESOLVED,data\raw\catalogs\2021-2022\2021-2022_Catalog.docx
2021-2022,NAUT 1371,NAUT,1371,False,TECHNICAL,RESOLVED_NOT_ACADEMIC,,TECHNICAL,RESOLVED,data\raw\catalogs\2021-2022\2021-2022_Catalog.docx
2021-2022,NAUT 1372,NAUT,1372,False,TECHNICAL,RESOLVED_NOT_ACADEMIC,,TECHNICAL,RESOLVED,data\raw\catalogs\2021-2022\2021-2022_Catalog.docx
2021-2022,NAUT 1373,NAUT,1373,False,TECHNICAL,RESOLVED_NOT_ACADEMIC,,TECHNICAL,RESOLVED,data\raw\catalogs\2021-2022\2021-2022_Catalog.docx
2021-2022,NAUT 1374,NAUT,1374,False,TECHNICAL,RESOLVED_NOT_ACADEMIC,,TECHNICAL,RESOLVED,data\raw\catalogs\2021-2022\2021-2022_Catalog.docx
2021-2022,NAUT 1375,NAUT,1375,False,TECHNICAL,RESOLVED_NOT_ACADEMIC,,TECHNICAL,RESOLVED,data\raw\catalogs\2021-2022\2021-2022_Catalog.docx
2021-2022,NAUT 1376,NAUT,1376,False,TECHNICAL,RESOLVED_NOT_ACADEMIC,,TECHNICAL,RESOLVED,data\raw\catalogs\2021-2022\2021-2022_Catalog.docx
2021-2022,NAUT 2265,NAUT,2265,False,TECHNICAL,RESOLVED_NOT_ACADEMIC,,TECHNICAL,RESOLVED,data\raw\catalogs\2021-2022\2021-2022_Catalog.docx
2021-2022,NAUT 2274,NAUT,2274,False,TECHNICAL,RESOLVED_NOT_ACADEMIC,,TECHNICAL,RESOLVED,data\raw\catalogs\2021-2022\2021-2022_Catalog.docx
2021-2022,NAUT 2371,NAUT,2371,False,TECHNICAL,RESOLVED_NOT_ACADEMIC,,TECHNICAL,RESOLVED,data\raw\catalogs\2021-2022\2021-2022_Catalog.docx
2021-2022,NAUT 2375,NAUT,2375,False,TECHNICAL,RESOLVED_NOT_ACADEMIC,,TECHNICAL,RESOLVED,data\raw\catalogs\2021-2022\2021-2022_Catalog.docx
2021-2022,NAUT 2376,NAUT,2376,False,TECHNICAL,RESOLVED_NOT_ACADEMIC,,TECHNICAL,RESOLVED,data\raw\catalogs\2021-2022\2021-2022_Catalog.docx
2021-2022,NAUT 2377,NAUT,2377,False,TECHNICAL,RESOLVED_NOT_ACADEMIC,,TECHNICAL,RESOLVED,data\raw\catalogs\2021-2022\2021-2022_Catalog.docx
2021-2022,NCBM 0101,NCBM,0101,False,COLLEGE_PREPARATORY,RESOLVED_NOT_ACADEMIC,,COLLEGE_PREPARATORY,RESOLVED,data\raw\catalogs\2021-2022\2021-2022_Catalog.docx
2021-2022,NCBM 0102,NCBM,0102,False,COLLEGE_PREPARATORY,RESOLVED_NOT_ACADEMIC,,COLLEGE_PREPARATORY,RESOLVED,data\raw\catalogs\2021-2022\2021-2022_Catalog.docx
2021-2022,NCBM 0114,NCBM,0114,False,COLLEGE_PREPARATORY,RESOLVED_NOT_ACADEMIC,,COLLEGE_PREPARATORY,RESOLVED,data\raw\catalogs\2021-2022\2021-2022_Catalog.docx
2021-2022,OSHT 2401,OSHT,2401,False,TECHNICAL,RESOLVED_NOT_ACADEMIC,,TECHNICAL,RESOLVED,data\raw\catalogs\2021-2022\2021-2022_Catalog.docx
2021-2022,PHIL 1301,PHIL,1301,True,ACADEMIC,RESOLVED_FROM_CATALOG_MARKER,,ACADEMIC,RESOLVED,data\raw\catalogs\2021-2022\2021-2022_Catalog.docx
2021-2022,PHIL 2321,PHIL,2321,True,ACADEMIC,RESOLVED_FROM_CATALOG_MARKER,,ACADEMIC,RESOLVED,data\raw\catalogs\2021-2022\2021-2022_Catalog.docx
2021-2022,PHRA 1301,PHRA,1301,False,TECHNICAL,RESOLVED_NOT_ACADEMIC,,TECHNICAL,RESOLVED,data\raw\catalogs\2021-2022\2021-2022_Catalog.docx
2021-2022,PHRA 1304,PHRA,1304,False,TECHNICAL,RESOLVED_NOT_ACADEMIC,,TECHNICAL,RESOLVED,data\raw\catalogs\2021-2022\2021-2022_Catalog.docx
2021-2022,PHRA 1305,PHRA,1305,False,TECHNICAL,RESOLVED_NOT_ACADEMIC,,TECHNICAL,RESOLVED,data\raw\catalogs\2021-2022\2021-2022_Catalog.docx
2021-2022,PHRA 1309,PHRA,1309,False,TECHNICAL,RESOLVED_NOT_ACADEMIC,,TECHNICAL,RESOLVED,data\raw\catalogs\2021-2022\2021-2022_Catalog.docx
2021-2022,PHRA 1313,PHRA,1313,False,TECHNICAL,RESOLVED_NOT_ACADEMIC,,TECHNICAL,RESOLVED,data\raw\catalogs\2021-2022\2021-2022_Catalog.docx
2021-2022,PHRA 1345,PHRA,1345,False,TECHNICAL,RESOLVED_NOT_ACADEMIC,,TECHNICAL,RESOLVED,data\raw\catalogs\2021-2022\2021-2022_Catalog.docx
2021-2022,PHRA 1349,PHRA,1349,False,TECHNICAL,RESOLVED_NOT_ACADEMIC,,TECHNICAL,RESOLVED,data\raw\catalogs\2021-2022\2021-2022_Catalog.docx
2021-2022,PHRA 1445,PHRA,1445,False,TECHNICAL,RESOLVED_NOT_ACADEMIC,,TECHNICAL,RESOLVED,data\raw\catalogs\2021-2022\2021-2022_Catalog.docx
2021-2022,PHRA 2360,PHRA,2360,False,TECHNICAL,RESOLVED_NOT_ACADEMIC,,TECHNICAL,RESOLVED,data\raw\catalogs\2021-2022\2021-2022_Catalog.docx
2021-2022,PHRA 2361,PHRA,2361,False,TECHNICAL,RESOLVED_NOT_ACADEMIC,,TECHNICAL,RESOLVED,data\raw\catalogs\2021-2022\2021-2022_Catalog.docx
2021-2022,PHYS 1401,PHYS,1401,True,ACADEMIC,RESOLVED_FROM_CATALOG_MARKER,,ACADEMIC,RESOLVED,data\raw\catalogs\2021-2022\2021-2022_Catalog.docx
2021-2022,PHYS 1405,PHYS,1405,True,ACADEMIC,RESOLVED_FROM_CATALOG_MARKER,,ACADEMIC,RESOLVED,data\raw\catalogs\2021-2022\2021-2022_Catalog.docx
2021-2022,PHYS 1407,PHYS,1407,True,ACADEMIC,RESOLVED_FROM_CATALOG_MARKER,,ACADEMIC,RESOLVED,data\raw\catalogs\2021-2022\2021-2022_Catalog.docx
2021-2022,PHYS 2425,PHYS,2425,True,ACADEMIC,RESOLVED_FROM_CATALOG_MARKER,,ACADEMIC,RESOLVED,data\raw\catalogs\2021-2022\2021-2022_Catalog.docx
2021-2022,PLAB 1160,PLAB,1160,False,TECHNICAL,RESOLVED_NOT_ACADEMIC,,TECHNICAL,RESOLVED,data\raw\catalogs\2021-2022\2021-2022_Catalog.docx
2021-2022,PLAB 1223,PLAB,1223,False,TECHNICAL,RESOLVED_NOT_ACADEMIC,,TECHNICAL,RESOLVED,data\raw\catalogs\2021-2022\2021-2022_Catalog.docx
2021-2022,PSYC 1300,PSYC,1300,True,ACADEMIC,RESOLVED_FROM_CATALOG_MARKER,,ACADEMIC,RESOLVED,data\raw\catalogs\2021-2022\2021-2022_Catalog.docx
2021-2022,PSYC 2301,PSYC,2301,True,ACADEMIC,RESOLVED_FROM_CATALOG_MARKER,,ACADEMIC,RESOLVED,data\raw\catalogs\2021-2022\2021-2022_Catalog.docx
2021-2022,PSYC 2307,PSYC,2307,True,ACADEMIC,RESOLVED_FROM_CATALOG_MARKER,,ACADEMIC,RESOLVED,data\raw\catalogs\2021-2022\2021-2022_Catalog.docx
2021-2022,PSYC 2308,PSYC,2308,True,ACADEMIC,RESOLVED_FROM_CATALOG_MARKER,,ACADEMIC,RESOLVED,data\raw\catalogs\2021-2022\2021-2022_Catalog.docx
2021-2022,PSYC 2314,PSYC,2314,True,ACADEMIC,RESOLVED_FROM_CATALOG_MARKER,,ACADEMIC,RESOLVED,data\raw\catalogs\2021-2022\2021-2022_Catalog.docx
2021-2022,PTAC 1302,PTAC,1302,False,TECHNICAL,RESOLVED_NOT_ACADEMIC,,TECHNICAL,RESOLVED,data\raw\catalogs\2021-2022\2021-2022_Catalog.docx
2021-2022,PTAC 1408,PTAC,1408,False,TECHNICAL,RESOLVED_NOT_ACADEMIC,,TECHNICAL,RESOLVED,data\raw\catalogs\2021-2022\2021-2022_Catalog.docx
2021-2022,PTAC 1410,PTAC,1410,False,TECHNICAL,RESOLVED_NOT_ACADEMIC,,TECHNICAL,RESOLVED,data\raw\catalogs\2021-2022\2021-2022_Catalog.docx
2021-2022,PTAC 1432,PTAC,1432,False,TECHNICAL,RESOLVED_NOT_ACADEMIC,,TECHNICAL,RESOLVED,data\raw\catalogs\2021-2022\2021-2022_Catalog.docx
2021-2022,PTAC 2314,PTAC,2314,False,TECHNICAL,RESOLVED_NOT_ACADEMIC,,TECHNICAL,RESOLVED,data\raw\catalogs\2021-2022\2021-2022_Catalog.docx
2021-2022,PTAC 2420,PTAC,2420,False,TECHNICAL,RESOLVED_NOT_ACADEMIC,,TECHNICAL,RESOLVED,data\raw\catalogs\2021-2022\2021-2022_Catalog.docx
2021-2022,PTAC 2438,PTAC,2438,False,TECHNICAL,RESOLVED_NOT_ACADEMIC,,TECHNICAL,RESOLVED,data\raw\catalogs\2021-2022\2021-2022_Catalog.docx
2021-2022,PTAC 2446,PTAC,2446,False,TECHNICAL,RESOLVED_NOT_ACADEMIC,,TECHNICAL,RESOLVED,data\raw\catalogs\2021-2022\2021-2022_Catalog.docx
2021-2022,PTHA 1201,PTHA,1201,False,TECHNICAL,RESOLVED_NOT_ACADEMIC,,TECHNICAL,RESOLVED,data\raw\catalogs\2021-2022\2021-2022_Catalog.docx
2021-2022,RBTC 1309,RBTC,1309,False,TECHNICAL,RESOLVED_NOT_ACADEMIC,,TECHNICAL,RESOLVED,data\raw\catalogs\2021-2022\2021-2022_Catalog.docx
2021-2022,RBTC 1401,RBTC,1401,False,TECHNICAL,RESOLVED_NOT_ACADEMIC,,TECHNICAL,RESOLVED,data\raw\catalogs\2021-2022\2021-2022_Catalog.docx
2021-2022,RELE 1300,RELE,1300,False,TECHNICAL,RESOLVED_NOT_ACADEMIC,,TECHNICAL,RESOLVED,data\raw\catalogs\2021-2022\2021-2022_Catalog.docx
2021-2022,RELE 1301,RELE,1301,False,TECHNICAL,RESOLVED_NOT_ACADEMIC,,TECHNICAL,RESOLVED,data\raw\catalogs\2021-2022\2021-2022_Catalog.docx
2021-2022,RELE 1311,RELE,1311,False,TECHNICAL,RESOLVED_NOT_ACADEMIC,,TECHNICAL,RESOLVED,data\raw\catalogs\2021-2022\2021-2022_Catalog.docx
2021-2022,RELE 1319,RELE,1319,False,TECHNICAL,RESOLVED_NOT_ACADEMIC,,TECHNICAL,RESOLVED,data\raw\catalogs\2021-2022\2021-2022_Catalog.docx
2021-2022,RELE 1338,RELE,1338,False,TECHNICAL,RESOLVED_NOT_ACADEMIC,,TECHNICAL,RESOLVED,data\raw\catalogs\2021-2022\2021-2022_Catalog.docx
2021-2022,RELE 2301,RELE,2301,False,TECHNICAL,RESOLVED_NOT_ACADEMIC,,TECHNICAL,RESOLVED,data\raw\catalogs\2021-2022\2021-2022_Catalog.docx
2021-2022,RNSG 1193,RNSG,1193,False,TECHNICAL,RESOLVED_NOT_ACADEMIC,,TECHNICAL,RESOLVED,data\raw\catalogs\2021-2022\2021-2022_Catalog.docx
2021-2022,RNSG 1207,RNSG,1207,False,TECHNICAL,RESOLVED_NOT_ACADEMIC,,TECHNICAL,RESOLVED,data\raw\catalogs\2021-2022\2021-2022_Catalog.docx
2021-2022,RNSG 1210,RNSG,1210,False,TECHNICAL,RESOLVED_NOT_ACADEMIC,,TECHNICAL,RESOLVED,data\raw\catalogs\2021-2022\2021-2022_Catalog.docx
2021-2022,RNSG 1300,RNSG,1300,False,TECHNICAL,RESOLVED_NOT_ACADEMIC,,TECHNICAL,RESOLVED,data\raw\catalogs\2021-2022\2021-2022_Catalog.docx
2021-2022,RNSG 1311,RNSG,1311,False,TECHNICAL,RESOLVED_NOT_ACADEMIC,,TECHNICAL,RESOLVED,data\raw\catalogs\2021-2022\2021-2022_Catalog.docx
2021-2022,RNSG 1327,RNSG,1327,False,TECHNICAL,RESOLVED_NOT_ACADEMIC,,TECHNICAL,RESOLVED,data\raw\catalogs\2021-2022\2021-2022_Catalog.docx
2021-2022,RNSG 2261,RNSG,2261,False,TECHNICAL,RESOLVED_NOT_ACADEMIC,,TECHNICAL,RESOLVED,data\raw\catalogs\2021-2022\2021-2022_Catalog.docx
2021-2022,RNSG 2262,RNSG,2262,False,TECHNICAL,RESOLVED_NOT_ACADEMIC,,TECHNICAL,RESOLVED,data\raw\catalogs\2021-2022\2021-2022_Catalog.docx
2021-2022,RNSG 2363,RNSG,2363,False,TECHNICAL,RESOLVED_NOT_ACADEMIC,,TECHNICAL,RESOLVED,data\raw\catalogs\2021-2022\2021-2022_Catalog.docx
2021-2022,RNSG 2514,RNSG,2514,False,TECHNICAL,RESOLVED_NOT_ACADEMIC,,TECHNICAL,RESOLVED,data\raw\catalogs\2021-2022\2021-2022_Catalog.docx
2021-2022,RNSG 2535,RNSG,2535,False,TECHNICAL,RESOLVED_NOT_ACADEMIC,,TECHNICAL,RESOLVED,data\raw\catalogs\2021-2022\2021-2022_Catalog.docx
2021-2022,SCIT 1418,SCIT,1418,False,TECHNICAL,RESOLVED_NOT_ACADEMIC,,TECHNICAL,RESOLVED,data\raw\catalogs\2021-2022\2021-2022_Catalog.docx
2021-2022,SCIT 1494,SCIT,1494,False,TECHNICAL,RESOLVED_NOT_ACADEMIC,,TECHNICAL,RESOLVED,data\raw\catalogs\2021-2022\2021-2022_Catalog.docx
2021-2022,SGNL 1301,SGNL,1301,True,ACADEMIC,RESOLVED_FROM_CATALOG_MARKER,,ACADEMIC,RESOLVED,data\raw\catalogs\2021-2022\2021-2022_Catalog.docx
2021-2022,SGNL 2301,SGNL,2301,True,ACADEMIC,RESOLVED_FROM_CATALOG_MARKER,,ACADEMIC,RESOLVED,data\raw\catalogs\2021-2022\2021-2022_Catalog.docx
2021-2022,SOCI 1301,SOCI,1301,True,ACADEMIC,RESOLVED_FROM_CATALOG_MARKER,,ACADEMIC,RESOLVED,data\raw\catalogs\2021-2022\2021-2022_Catalog.docx
2021-2022,SOCI 1306,SOCI,1306,True,ACADEMIC,RESOLVED_FROM_CATALOG_MARKER,,ACADEMIC,RESOLVED,data\raw\catalogs\2021-2022\2021-2022_Catalog.docx
2021-2022,SOCI 2301,SOCI,2301,True,ACADEMIC,RESOLVED_FROM_CATALOG_MARKER,,ACADEMIC,RESOLVED,data\raw\catalogs\2021-2022\2021-2022_Catalog.docx
2021-2022,SOCI 2306,SOCI,2306,True,ACADEMIC,RESOLVED_FROM_CATALOG_MARKER,,ACADEMIC,RESOLVED,data\raw\catalogs\2021-2022\2021-2022_Catalog.docx
2021-2022,SOCI 2319,SOCI,2319,True,ACADEMIC,RESOLVED_FROM_CATALOG_MARKER,,ACADEMIC,RESOLVED,data\raw\catalogs\2021-2022\2021-2022_Catalog.docx
2021-2022,SOCI 2326,SOCI,2326,True,ACADEMIC,RESOLVED_FROM_CATALOG_MARKER,,ACADEMIC,RESOLVED,data\raw\catalogs\2021-2022\2021-2022_Catalog.docx
2021-2022,SOCI 2336,SOCI,2336,True,ACADEMIC,RESOLVED_FROM_CATALOG_MARKER,,ACADEMIC,RESOLVED,data\raw\catalogs\2021-2022\2021-2022_Catalog.docx
2021-2022,SOCI 2340,SOCI,2340,True,ACADEMIC,RESOLVED_FROM_CATALOG_MARKER,,ACADEMIC,RESOLVED,data\raw\catalogs\2021-2022\2021-2022_Catalog.docx
2021-2022,SPAN 1311,SPAN,1311,True,ACADEMIC,RESOLVED_FROM_CATALOG_MARKER,,ACADEMIC,RESOLVED,data\raw\catalogs\2021-2022\2021-2022_Catalog.docx
2021-2022,SPAN 1312,SPAN,1312,True,ACADEMIC,RESOLVED_FROM_CATALOG_MARKER,,ACADEMIC,RESOLVED,data\raw\catalogs\2021-2022\2021-2022_Catalog.docx
2021-2022,SPCH 1311,SPCH,1311,True,ACADEMIC,RESOLVED_FROM_CATALOG_MARKER,,ACADEMIC,RESOLVED,data\raw\catalogs\2021-2022\2021-2022_Catalog.docx
2021-2022,SPCH 1315,SPCH,1315,True,ACADEMIC,RESOLVED_FROM_CATALOG_MARKER,,ACADEMIC,RESOLVED,data\raw\catalogs\2021-2022\2021-2022_Catalog.docx
2021-2022,SPCH 1318,SPCH,1318,True,ACADEMIC,RESOLVED_FROM_CATALOG_MARKER,,ACADEMIC,RESOLVED,data\raw\catalogs\2021-2022\2021-2022_Catalog.docx
2021-2022,SPCH 1321,SPCH,1321,True,ACADEMIC,RESOLVED_FROM_CATALOG_MARKER,,ACADEMIC,RESOLVED,data\raw\catalogs\2021-2022\2021-2022_Catalog.docx
2021-2022,SPCH 2335,SPCH,2335,True,ACADEMIC,RESOLVED_FROM_CATALOG_MARKER,,ACADEMIC,RESOLVED,data\raw\catalogs\2021-2022\2021-2022_Catalog.docx
2021-2022,SPCH 2341,SPCH,2341,True,ACADEMIC,RESOLVED_FROM_CATALOG_MARKER,,ACADEMIC,RESOLVED,data\raw\catalogs\2021-2022\2021-2022_Catalog.docx
2021-2022,TECM 1303,TECM,1303,False,TECHNICAL,RESOLVED_NOT_ACADEMIC,,TECHNICAL,RESOLVED,data\raw\catalogs\2021-2022\2021-2022_Catalog.docx
2021-2022,VNSG 1122,VNSG,1122,False,TECHNICAL,RESOLVED_NOT_ACADEMIC,,TECHNICAL,RESOLVED,data\raw\catalogs\2021-2022\2021-2022_Catalog.docx
2021-2022,VNSG 1136,VNSG,1136,False,TECHNICAL,RESOLVED_NOT_ACADEMIC,,TECHNICAL,RESOLVED,data\raw\catalogs\2021-2022\2021-2022_Catalog.docx
2021-2022,VNSG 1138,VNSG,1138,False,TECHNICAL,RESOLVED_NOT_ACADEMIC,,TECHNICAL,RESOLVED,data\raw\catalogs\2021-2022\2021-2022_Catalog.docx
2021-2022,VNSG 1160,VNSG,1160,False,TECHNICAL,RESOLVED_NOT_ACADEMIC,,TECHNICAL,RESOLVED,data\raw\catalogs\2021-2022\2021-2022_Catalog.docx
2021-2022,VNSG 1227,VNSG,1227,False,TECHNICAL,RESOLVED_NOT_ACADEMIC,,TECHNICAL,RESOLVED,data\raw\catalogs\2021-2022\2021-2022_Catalog.docx
2021-2022,VNSG 1230,VNSG,1230,False,TECHNICAL,RESOLVED_NOT_ACADEMIC,,TECHNICAL,RESOLVED,data\raw\catalogs\2021-2022\2021-2022_Catalog.docx
2021-2022,VNSG 1231,VNSG,1231,False,TECHNICAL,RESOLVED_NOT_ACADEMIC,,TECHNICAL,RESOLVED,data\raw\catalogs\2021-2022\2021-2022_Catalog.docx
2021-2022,VNSG 1234,VNSG,1234,False,TECHNICAL,RESOLVED_NOT_ACADEMIC,,TECHNICAL,RESOLVED,data\raw\catalogs\2021-2022\2021-2022_Catalog.docx
2021-2022,VNSG 1323,VNSG,1323,False,TECHNICAL,RESOLVED_NOT_ACADEMIC,,TECHNICAL,RESOLVED,data\raw\catalogs\2021-2022\2021-2022_Catalog.docx
2021-2022,VNSG 1402,VNSG,1402,False,TECHNICAL,RESOLVED_NOT_ACADEMIC,,TECHNICAL,RESOLVED,data\raw\catalogs\2021-2022\2021-2022_Catalog.docx
2021-2022,VNSG 1461,VNSG,1461,False,TECHNICAL,RESOLVED_NOT_ACADEMIC,,TECHNICAL,RESOLVED,data\raw\catalogs\2021-2022\2021-2022_Catalog.docx
2021-2022,VNSG 1462,VNSG,1462,False,TECHNICAL,RESOLVED_NOT_ACADEMIC,,TECHNICAL,RESOLVED,data\raw\catalogs\2021-2022\2021-2022_Catalog.docx
2021-2022,VNSG 2214,VNSG,2214,False,TECHNICAL,RESOLVED_NOT_ACADEMIC,,TECHNICAL,RESOLVED,data\raw\catalogs\2021-2022\2021-2022_Catalog.docx
2021-2022,VNSG 2413,VNSG,2413,False,TECHNICAL,RESOLVED_NOT_ACADEMIC,,TECHNICAL,RESOLVED,data\raw\catalogs\2021-2022\2021-2022_Catalog.docx
2021-2022,VNSG 2463,VNSG,2463,False,TECHNICAL,RESOLVED_NOT_ACADEMIC,,TECHNICAL,RESOLVED,data\raw\catalogs\2021-2022\2021-2022_Catalog.docx
2021-2022,WLDG 1323,WLDG,1323,False,TECHNICAL,RESOLVED_NOT_ACADEMIC,,TECHNICAL,RESOLVED,data\raw\catalogs\2021-2022\2021-2022_Catalog.docx
2021-2022,WLDG 1327,WLDG,1327,False,TECHNICAL,RESOLVED_NOT_ACADEMIC,,TECHNICAL,RESOLVED,data\raw\catalogs\2021-2022\2021-2022_Catalog.docx
2021-2022,WLDG 1428,WLDG,1428,False,TECHNICAL,RESOLVED_NOT_ACADEMIC,,TECHNICAL,RESOLVED,data\raw\catalogs\2021-2022\2021-2022_Catalog.docx
2021-2022,WLDG 1434,WLDG,1434,False,TECHNICAL,RESOLVED_NOT_ACADEMIC,,TECHNICAL,RESOLVED,data\raw\catalogs\2021-2022\2021-2022_Catalog.docx
2021-2022,WLDG 1437,WLDG,1437,False,TECHNICAL,RESOLVED_NOT_ACADEMIC,,TECHNICAL,RESOLVED,data\raw\catalogs\2021-2022\2021-2022_Catalog.docx
2021-2022,WLDG 2406,WLDG,2406,False,TECHNICAL,RESOLVED_NOT_ACADEMIC,,TECHNICAL,RESOLVED,data\raw\catalogs\2021-2022\2021-2022_Catalog.docx
2021-2022,WLDG 2413,WLDG,2413,False,TECHNICAL,RESOLVED_NOT_ACADEMIC,,TECHNICAL,RESOLVED,data\raw\catalogs\2021-2022\2021-2022_Catalog.docx
2021-2022,WLDG 2443,WLDG,2443,False,TECHNICAL,RESOLVED_NOT_ACADEMIC,,TECHNICAL,RESOLVED,data\raw\catalogs\2021-2022\2021-2022_Catalog.docx
2022-2023,ACCT 2301,ACCT,2301,True,ACADEMIC,RESOLVED_FROM_CATALOG_MARKER,,ACADEMIC,RESOLVED,data\raw\catalogs\2022-2023\2022-2023_Catalog.docx
2022-2023,ACCT 2302,ACCT,2302,True,ACADEMIC,RESOLVED_FROM_CATALOG_MARKER,,ACADEMIC,RESOLVED,data\raw\catalogs\2022-2023\2022-2023_Catalog.docx
2022-2023,ACNT 1311,ACNT,1311,False,TECHNICAL,RESOLVED_NOT_ACADEMIC,,TECHNICAL,RESOLVED,data\raw\catalogs\2022-2023\2022-2023_Catalog.docx
2022-2023,ACNT 1329,ACNT,1329,False,TECHNICAL,RESOLVED_NOT_ACADEMIC,,TECHNICAL,RESOLVED,data\raw\catalogs\2022-2023\2022-2023_Catalog.docx
2022-2023,ANTH 2351,ANTH,2351,True,ACADEMIC,RESOLVED_FROM_CATALOG_MARKER,,ACADEMIC,RESOLVED,data\raw\catalogs\2022-2023\2022-2023_Catalog.docx
2022-2023,ARTC 1325,ARTC,1325,False,TECHNICAL,RESOLVED_NOT_ACADEMIC,,TECHNICAL,RESOLVED,data\raw\catalogs\2022-2023\2022-2023_Catalog.docx
2022-2023,ARTC 1353,ARTC,1353,False,TECHNICAL,RESOLVED_NOT_ACADEMIC,,TECHNICAL,RESOLVED,data\raw\catalogs\2022-2023\2022-2023_Catalog.docx
2022-2023,ARTS 1301,ARTS,1301,True,ACADEMIC,RESOLVED_FROM_CATALOG_MARKER,,ACADEMIC,RESOLVED,data\raw\catalogs\2022-2023\2022-2023_Catalog.docx
2022-2023,ARTS 1311,ARTS,1311,True,ACADEMIC,RESOLVED_FROM_CATALOG_MARKER,,ACADEMIC,RESOLVED,data\raw\catalogs\2022-2023\2022-2023_Catalog.docx
2022-2023,ARTS 1316,ARTS,1316,True,ACADEMIC,RESOLVED_FROM_CATALOG_MARKER,,ACADEMIC,RESOLVED,data\raw\catalogs\2022-2023\2022-2023_Catalog.docx
2022-2023,BIOL 1322,BIOL,1322,True,ACADEMIC,RESOLVED_FROM_CATALOG_MARKER,,ACADEMIC,RESOLVED,data\raw\catalogs\2022-2023\2022-2023_Catalog.docx
2022-2023,BIOL 1406,BIOL,1406,True,ACADEMIC,RESOLVED_FROM_CATALOG_MARKER,,ACADEMIC,RESOLVED,data\raw\catalogs\2022-2023\2022-2023_Catalog.docx
2022-2023,BIOL 1407,BIOL,1407,True,ACADEMIC,RESOLVED_FROM_CATALOG_MARKER,,ACADEMIC,RESOLVED,data\raw\catalogs\2022-2023\2022-2023_Catalog.docx
2022-2023,BIOL 1408,BIOL,1408,True,ACADEMIC,RESOLVED_FROM_CATALOG_MARKER,,ACADEMIC,RESOLVED,data\raw\catalogs\2022-2023\2022-2023_Catalog.docx
2022-2023,BIOL 1409,BIOL,1409,True,ACADEMIC,RESOLVED_FROM_CATALOG_MARKER,,ACADEMIC,RESOLVED,data\raw\catalogs\2022-2023\2022-2023_Catalog.docx
2022-2023,BIOL 1411,BIOL,1411,True,ACADEMIC,AUTHORIZED_ACADEMIC_CORRECTION,Catalog course description omitted AC marker; course is an academic TCCNS course.,UNKNOWN,REVIEW_REQUIRED,data\raw\catalogs\2022-2023\2022-2023_Catalog.docx
2022-2023,BIOL 1413,BIOL,1413,True,ACADEMIC,RESOLVED_FROM_CATALOG_MARKER,,ACADEMIC,RESOLVED,data\raw\catalogs\2022-2023\2022-2023_Catalog.docx
2022-2023,BIOL 2401,BIOL,2401,True,ACADEMIC,RESOLVED_FROM_CATALOG_MARKER,,ACADEMIC,RESOLVED,data\raw\catalogs\2022-2023\2022-2023_Catalog.docx
2022-2023,BIOL 2402,BIOL,2402,True,ACADEMIC,RESOLVED_FROM_CATALOG_MARKER,,ACADEMIC,RESOLVED,data\raw\catalogs\2022-2023\2022-2023_Catalog.docx
2022-2023,BIOL 2404,BIOL,2404,True,ACADEMIC,RESOLVED_FROM_CATALOG_MARKER,,ACADEMIC,RESOLVED,data\raw\catalogs\2022-2023\2022-2023_Catalog.docx
2022-2023,BIOL 2406,BIOL,2406,True,ACADEMIC,RESOLVED_FROM_CATALOG_MARKER,,ACADEMIC,RESOLVED,data\raw\catalogs\2022-2023\2022-2023_Catalog.docx
2022-2023,BIOL 2420,BIOL,2420,True,ACADEMIC,RESOLVED_FROM_CATALOG_MARKER,,ACADEMIC,RESOLVED,data\raw\catalogs\2022-2023\2022-2023_Catalog.docx
2022-2023,BMGT 1301,BMGT,1301,False,TECHNICAL,RESOLVED_NOT_ACADEMIC,,TECHNICAL,RESOLVED,data\raw\catalogs\2022-2023\2022-2023_Catalog.docx
2022-2023,BMGT 1309,BMGT,1309,False,TECHNICAL,RESOLVED_NOT_ACADEMIC,,TECHNICAL,RESOLVED,data\raw\catalogs\2022-2023\2022-2023_Catalog.docx
2022-2023,BMGT 1327,BMGT,1327,False,TECHNICAL,RESOLVED_NOT_ACADEMIC,,TECHNICAL,RESOLVED,data\raw\catalogs\2022-2023\2022-2023_Catalog.docx
2022-2023,BMGT 2341,BMGT,2341,False,TECHNICAL,RESOLVED_NOT_ACADEMIC,,TECHNICAL,RESOLVED,data\raw\catalogs\2022-2023\2022-2023_Catalog.docx
2022-2023,BUSG 1301,BUSG,1301,False,TECHNICAL,RESOLVED_NOT_ACADEMIC,,TECHNICAL,RESOLVED,data\raw\catalogs\2022-2023\2022-2023_Catalog.docx
2022-2023,BUSG 2309,BUSG,2309,False,TECHNICAL,RESOLVED_NOT_ACADEMIC,,TECHNICAL,RESOLVED,data\raw\catalogs\2022-2023\2022-2023_Catalog.docx
2022-2023,BUSI 1301,BUSI,1301,True,ACADEMIC,RESOLVED_FROM_CATALOG_MARKER,,ACADEMIC,RESOLVED,data\raw\catalogs\2022-2023\2022-2023_Catalog.docx
2022-2023,BUSI 1307,BUSI,1307,True,ACADEMIC,RESOLVED_FROM_CATALOG_MARKER,,ACADEMIC,RESOLVED,data\raw\catalogs\2022-2023\2022-2023_Catalog.docx
2022-2023,BUSI 2301,BUSI,2301,True,ACADEMIC,RESOLVED_FROM_CATALOG_MARKER,,ACADEMIC,RESOLVED,data\raw\catalogs\2022-2023\2022-2023_Catalog.docx
2022-2023,BUSI 2304,BUSI,2304,True,ACADEMIC,RESOLVED_FROM_CATALOG_MARKER,,ACADEMIC,RESOLVED,data\raw\catalogs\2022-2023\2022-2023_Catalog.docx
2022-2023,CETT 1403,CETT,1403,False,TECHNICAL,RESOLVED_NOT_ACADEMIC,,TECHNICAL,RESOLVED,data\raw\catalogs\2022-2023\2022-2023_Catalog.docx
2022-2023,CETT 1405,CETT,1405,False,TECHNICAL,RESOLVED_NOT_ACADEMIC,,TECHNICAL,RESOLVED,data\raw\catalogs\2022-2023\2022-2023_Catalog.docx
2022-2023,CETT 1415,CETT,1415,False,TECHNICAL,RESOLVED_NOT_ACADEMIC,,TECHNICAL,RESOLVED,data\raw\catalogs\2022-2023\2022-2023_Catalog.docx
2022-2023,CETT 1441,CETT,1441,False,TECHNICAL,RESOLVED_NOT_ACADEMIC,,TECHNICAL,RESOLVED,data\raw\catalogs\2022-2023\2022-2023_Catalog.docx
2022-2023,CHEM 1406,CHEM,1406,True,ACADEMIC,RESOLVED_FROM_CATALOG_MARKER,,ACADEMIC,RESOLVED,data\raw\catalogs\2022-2023\2022-2023_Catalog.docx
2022-2023,CHEM 1407,CHEM,1407,True,ACADEMIC,RESOLVED_FROM_CATALOG_MARKER,,ACADEMIC,RESOLVED,data\raw\catalogs\2022-2023\2022-2023_Catalog.docx
2022-2023,CHEM 1411,CHEM,1411,True,ACADEMIC,RESOLVED_FROM_CATALOG_MARKER,,ACADEMIC,RESOLVED,data\raw\catalogs\2022-2023\2022-2023_Catalog.docx
2022-2023,CHEM 1412,CHEM,1412,True,ACADEMIC,RESOLVED_FROM_CATALOG_MARKER,,ACADEMIC,RESOLVED,data\raw\catalogs\2022-2023\2022-2023_Catalog.docx
2022-2023,CJCR 1307,CJCR,1307,False,TECHNICAL,RESOLVED_NOT_ACADEMIC,,TECHNICAL,RESOLVED,data\raw\catalogs\2022-2023\2022-2023_Catalog.docx
2022-2023,CJCR 1381,CJCR,1381,False,TECHNICAL,RESOLVED_NOT_ACADEMIC,,TECHNICAL,RESOLVED,data\raw\catalogs\2022-2023\2022-2023_Catalog.docx
2022-2023,CJSA 1312,CJSA,1312,False,TECHNICAL,RESOLVED_NOT_ACADEMIC,,TECHNICAL,RESOLVED,data\raw\catalogs\2022-2023\2022-2023_Catalog.docx
2022-2023,CJSA 1313,CJSA,1313,False,TECHNICAL,RESOLVED_NOT_ACADEMIC,,TECHNICAL,RESOLVED,data\raw\catalogs\2022-2023\2022-2023_Catalog.docx
2022-2023,CJSA 1317,CJSA,1317,False,TECHNICAL,RESOLVED_NOT_ACADEMIC,,TECHNICAL,RESOLVED,data\raw\catalogs\2022-2023\2022-2023_Catalog.docx
2022-2023,CJSA 1322,CJSA,1322,False,TECHNICAL,RESOLVED_NOT_ACADEMIC,,TECHNICAL,RESOLVED,data\raw\catalogs\2022-2023\2022-2023_Catalog.docx
2022-2023,CJSA 1327,CJSA,1327,False,TECHNICAL,RESOLVED_NOT_ACADEMIC,,TECHNICAL,RESOLVED,data\raw\catalogs\2022-2023\2022-2023_Catalog.docx
2022-2023,CJSA 1342,CJSA,1342,False,TECHNICAL,RESOLVED_NOT_ACADEMIC,,TECHNICAL,RESOLVED,data\raw\catalogs\2022-2023\2022-2023_Catalog.docx
2022-2023,CJSA 1359,CJSA,1359,False,TECHNICAL,RESOLVED_NOT_ACADEMIC,,TECHNICAL,RESOLVED,data\raw\catalogs\2022-2023\2022-2023_Catalog.docx
2022-2023,CNBT 1210,CNBT,1210,False,TECHNICAL,RESOLVED_NOT_ACADEMIC,,TECHNICAL,RESOLVED,data\raw\catalogs\2022-2023\2022-2023_Catalog.docx
2022-2023,CNBT 1300,CNBT,1300,False,TECHNICAL,RESOLVED_NOT_ACADEMIC,,TECHNICAL,RESOLVED,data\raw\catalogs\2022-2023\2022-2023_Catalog.docx
2022-2023,CNBT 1342,CNBT,1342,False,TECHNICAL,RESOLVED_NOT_ACADEMIC,,TECHNICAL,RESOLVED,data\raw\catalogs\2022-2023\2022-2023_Catalog.docx
2022-2023,CNBT 1346,CNBT,1346,False,TECHNICAL,RESOLVED_NOT_ACADEMIC,,TECHNICAL,RESOLVED,data\raw\catalogs\2022-2023\2022-2023_Catalog.docx
2022-2023,CNBT 1411,CNBT,1411,False,TECHNICAL,RESOLVED_NOT_ACADEMIC,,TECHNICAL,RESOLVED,data\raw\catalogs\2022-2023\2022-2023_Catalog.docx
2022-2023,CNBT 2344,CNBT,2344,False,TECHNICAL,RESOLVED_NOT_ACADEMIC,,TECHNICAL,RESOLVED,data\raw\catalogs\2022-2023\2022-2023_Catalog.docx
2022-2023,COSC 1301,COSC,1301,True,ACADEMIC,RESOLVED_FROM_CATALOG_MARKER,,ACADEMIC,RESOLVED,data\raw\catalogs\2022-2023\2022-2023_Catalog.docx
2022-2023,COSC 1436,COSC,1436,True,ACADEMIC,RESOLVED_FROM_CATALOG_MARKER,,ACADEMIC,RESOLVED,data\raw\catalogs\2022-2023\2022-2023_Catalog.docx
2022-2023,COSC 1437,COSC,1437,True,ACADEMIC,RESOLVED_FROM_CATALOG_MARKER,,ACADEMIC,RESOLVED,data\raw\catalogs\2022-2023\2022-2023_Catalog.docx
2022-2023,COSC 2425,COSC,2425,True,ACADEMIC,RESOLVED_FROM_CATALOG_MARKER,,ACADEMIC,RESOLVED,data\raw\catalogs\2022-2023\2022-2023_Catalog.docx
2022-2023,CPMT 2302,CPMT,2302,False,TECHNICAL,RESOLVED_NOT_ACADEMIC,,TECHNICAL,RESOLVED,data\raw\catalogs\2022-2023\2022-2023_Catalog.docx
2022-2023,CRIJ 1301,CRIJ,1301,True,ACADEMIC,RESOLVED_FROM_CATALOG_MARKER,,ACADEMIC,RESOLVED,data\raw\catalogs\2022-2023\2022-2023_Catalog.docx
2022-2023,CRIJ 1306,CRIJ,1306,True,ACADEMIC,RESOLVED_FROM_CATALOG_MARKER,,ACADEMIC,RESOLVED,data\raw\catalogs\2022-2023\2022-2023_Catalog.docx
2022-2023,CRIJ 1307,CRIJ,1307,True,ACADEMIC,RESOLVED_FROM_CATALOG_MARKER,,ACADEMIC,RESOLVED,data\raw\catalogs\2022-2023\2022-2023_Catalog.docx
2022-2023,CRIJ 1310,CRIJ,1310,True,ACADEMIC,RESOLVED_FROM_CATALOG_MARKER,,ACADEMIC,RESOLVED,data\raw\catalogs\2022-2023\2022-2023_Catalog.docx
2022-2023,CRIJ 1313,CRIJ,1313,True,ACADEMIC,RESOLVED_FROM_CATALOG_MARKER,,ACADEMIC,RESOLVED,data\raw\catalogs\2022-2023\2022-2023_Catalog.docx
2022-2023,CRIJ 2301,CRIJ,2301,True,ACADEMIC,RESOLVED_FROM_CATALOG_MARKER,,ACADEMIC,RESOLVED,data\raw\catalogs\2022-2023\2022-2023_Catalog.docx
2022-2023,CRIJ 2313,CRIJ,2313,True,ACADEMIC,RESOLVED_FROM_CATALOG_MARKER,,ACADEMIC,RESOLVED,data\raw\catalogs\2022-2023\2022-2023_Catalog.docx
2022-2023,CRIJ 2314,CRIJ,2314,True,ACADEMIC,RESOLVED_FROM_CATALOG_MARKER,,ACADEMIC,RESOLVED,data\raw\catalogs\2022-2023\2022-2023_Catalog.docx
2022-2023,CRIJ 2328,CRIJ,2328,True,ACADEMIC,RESOLVED_FROM_CATALOG_MARKER,,ACADEMIC,RESOLVED,data\raw\catalogs\2022-2023\2022-2023_Catalog.docx
2022-2023,CRTR 1202,CRTR,1202,False,TECHNICAL,RESOLVED_NOT_ACADEMIC,,TECHNICAL,RESOLVED,data\raw\catalogs\2022-2023\2022-2023_Catalog.docx
2022-2023,CRTR 1308,CRTR,1308,False,TECHNICAL,RESOLVED_NOT_ACADEMIC,,TECHNICAL,RESOLVED,data\raw\catalogs\2022-2023\2022-2023_Catalog.docx
2022-2023,CRTR 1312,CRTR,1312,False,TECHNICAL,RESOLVED_NOT_ACADEMIC,,TECHNICAL,RESOLVED,data\raw\catalogs\2022-2023\2022-2023_Catalog.docx
2022-2023,CRTR 1314,CRTR,1314,False,TECHNICAL,RESOLVED_NOT_ACADEMIC,,TECHNICAL,RESOLVED,data\raw\catalogs\2022-2023\2022-2023_Catalog.docx
2022-2023,CRTR 1404,CRTR,1404,False,TECHNICAL,RESOLVED_NOT_ACADEMIC,,TECHNICAL,RESOLVED,data\raw\catalogs\2022-2023\2022-2023_Catalog.docx
2022-2023,CRTR 1406,CRTR,1406,False,TECHNICAL,RESOLVED_NOT_ACADEMIC,,TECHNICAL,RESOLVED,data\raw\catalogs\2022-2023\2022-2023_Catalog.docx
2022-2023,CRTR 2206,CRTR,2206,False,TECHNICAL,RESOLVED_NOT_ACADEMIC,,TECHNICAL,RESOLVED,data\raw\catalogs\2022-2023\2022-2023_Catalog.docx
2022-2023,CRTR 2280,CRTR,2280,False,TECHNICAL,RESOLVED_NOT_ACADEMIC,,TECHNICAL,RESOLVED,data\raw\catalogs\2022-2023\2022-2023_Catalog.docx
2022-2023,CRTR 2303,CRTR,2303,False,TECHNICAL,RESOLVED_NOT_ACADEMIC,,TECHNICAL,RESOLVED,data\raw\catalogs\2022-2023\2022-2023_Catalog.docx
2022-2023,CRTR 2311,CRTR,2311,False,TECHNICAL,RESOLVED_NOT_ACADEMIC,,TECHNICAL,RESOLVED,data\raw\catalogs\2022-2023\2022-2023_Catalog.docx
2022-2023,CRTR 2312,CRTR,2312,False,TECHNICAL,RESOLVED_NOT_ACADEMIC,,TECHNICAL,RESOLVED,data\raw\catalogs\2022-2023\2022-2023_Catalog.docx
2022-2023,CRTR 2331,CRTR,2331,False,TECHNICAL,RESOLVED_NOT_ACADEMIC,,TECHNICAL,RESOLVED,data\raw\catalogs\2022-2023\2022-2023_Catalog.docx
2022-2023,CRTR 2335,CRTR,2335,False,TECHNICAL,RESOLVED_NOT_ACADEMIC,,TECHNICAL,RESOLVED,data\raw\catalogs\2022-2023\2022-2023_Catalog.docx
2022-2023,CRTR 2401,CRTR,2401,False,TECHNICAL,RESOLVED_NOT_ACADEMIC,,TECHNICAL,RESOLVED,data\raw\catalogs\2022-2023\2022-2023_Catalog.docx
2022-2023,CSME 1401,CSME,1401,False,TECHNICAL,RESOLVED_NOT_ACADEMIC,,TECHNICAL,RESOLVED,data\raw\catalogs\2022-2023\2022-2023_Catalog.docx
2022-2023,CSME 1405,CSME,1405,False,TECHNICAL,RESOLVED_NOT_ACADEMIC,,TECHNICAL,RESOLVED,data\raw\catalogs\2022-2023\2022-2023_Catalog.docx
2022-2023,CSME 1410,CSME,1410,False,TECHNICAL,RESOLVED_NOT_ACADEMIC,,TECHNICAL,RESOLVED,data\raw\catalogs\2022-2023\2022-2023_Catalog.docx
2022-2023,CSME 1443,CSME,1443,False,TECHNICAL,RESOLVED_NOT_ACADEMIC,,TECHNICAL,RESOLVED,data\raw\catalogs\2022-2023\2022-2023_Catalog.docx
2022-2023,CSME 1447,CSME,1447,False,TECHNICAL,RESOLVED_NOT_ACADEMIC,,TECHNICAL,RESOLVED,data\raw\catalogs\2022-2023\2022-2023_Catalog.docx
2022-2023,CSME 1453,CSME,1453,False,TECHNICAL,RESOLVED_NOT_ACADEMIC,,TECHNICAL,RESOLVED,data\raw\catalogs\2022-2023\2022-2023_Catalog.docx
2022-2023,CSME 2401,CSME,2401,False,TECHNICAL,RESOLVED_NOT_ACADEMIC,,TECHNICAL,RESOLVED,data\raw\catalogs\2022-2023\2022-2023_Catalog.docx
2022-2023,CSME 2541,CSME,2541,False,TECHNICAL,RESOLVED_NOT_ACADEMIC,,TECHNICAL,RESOLVED,data\raw\catalogs\2022-2023\2022-2023_Catalog.docx
2022-2023,CTEC 2445,CTEC,2445,False,TECHNICAL,RESOLVED_NOT_ACADEMIC,,TECHNICAL,RESOLVED,data\raw\catalogs\2022-2023\2022-2023_Catalog.docx
2022-2023,CTEC 2480,CTEC,2480,False,TECHNICAL,RESOLVED_NOT_ACADEMIC,,TECHNICAL,RESOLVED,data\raw\catalogs\2022-2023\2022-2023_Catalog.docx
2022-2023,CVOP 1145,CVOP,1145,False,TECHNICAL,RESOLVED_NOT_ACADEMIC,,TECHNICAL,RESOLVED,data\raw\catalogs\2022-2023\2022-2023_Catalog.docx
2022-2023,CVOP 1201,CVOP,1201,False,TECHNICAL,RESOLVED_NOT_ACADEMIC,,TECHNICAL,RESOLVED,data\raw\catalogs\2022-2023\2022-2023_Catalog.docx
2022-2023,DIRW 0400,DIRW,0400,False,COLLEGE_PREPARATORY,RESOLVED_NOT_ACADEMIC,,COLLEGE_PREPARATORY,RESOLVED,data\raw\catalogs\2022-2023\2022-2023_Catalog.docx
2022-2023,DMTH 0314,DMTH,0314,False,COLLEGE_PREPARATORY,RESOLVED_NOT_ACADEMIC,,COLLEGE_PREPARATORY,RESOLVED,data\raw\catalogs\2022-2023\2022-2023_Catalog.docx
2022-2023,DMTH 0324,DMTH,0324,False,COLLEGE_PREPARATORY,RESOLVED_NOT_ACADEMIC,,COLLEGE_PREPARATORY,RESOLVED,data\raw\catalogs\2022-2023\2022-2023_Catalog.docx
2022-2023,DMTH 0332,DMTH,0332,False,COLLEGE_PREPARATORY,RESOLVED_NOT_ACADEMIC,,COLLEGE_PREPARATORY,RESOLVED,data\raw\catalogs\2022-2023\2022-2023_Catalog.docx
2022-2023,DMTH 0342,DMTH,0342,False,COLLEGE_PREPARATORY,RESOLVED_NOT_ACADEMIC,,COLLEGE_PREPARATORY,RESOLVED,data\raw\catalogs\2022-2023\2022-2023_Catalog.docx
2022-2023,DMTH 0400,DMTH,0400,False,COLLEGE_PREPARATORY,RESOLVED_NOT_ACADEMIC,,COLLEGE_PREPARATORY,RESOLVED,data\raw\catalogs\2022-2023\2022-2023_Catalog.docx
2022-2023,DMTH 0401,DMTH,0401,False,COLLEGE_PREPARATORY,RESOLVED_NOT_ACADEMIC,,COLLEGE_PREPARATORY,RESOLVED,data\raw\catalogs\2022-2023\2022-2023_Catalog.docx
2022-2023,DNTA 1103,DNTA,1103,False,TECHNICAL,RESOLVED_NOT_ACADEMIC,,TECHNICAL,RESOLVED,data\raw\catalogs\2022-2023\2022-2023_Catalog.docx
2022-2023,DNTA 1202,DNTA,1202,False,TECHNICAL,RESOLVED_NOT_ACADEMIC,,TECHNICAL,RESOLVED,data\raw\catalogs\2022-2023\2022-2023_Catalog.docx
2022-2023,DNTA 1213,DNTA,1213,False,TECHNICAL,RESOLVED_NOT_ACADEMIC,,TECHNICAL,RESOLVED,data\raw\catalogs\2022-2023\2022-2023_Catalog.docx
2022-2023,DNTA 1241,DNTA,1241,False,TECHNICAL,RESOLVED_NOT_ACADEMIC,,TECHNICAL,RESOLVED,data\raw\catalogs\2022-2023\2022-2023_Catalog.docx
2022-2023,DNTA 1245,DNTA,1245,False,TECHNICAL,RESOLVED_NOT_ACADEMIC,,TECHNICAL,RESOLVED,data\raw\catalogs\2022-2023\2022-2023_Catalog.docx
2022-2023,DNTA 1249,DNTA,1249,False,TECHNICAL,RESOLVED_NOT_ACADEMIC,,TECHNICAL,RESOLVED,data\raw\catalogs\2022-2023\2022-2023_Catalog.docx
2022-2023,DNTA 1251,DNTA,1251,False,TECHNICAL,RESOLVED_NOT_ACADEMIC,,TECHNICAL,RESOLVED,data\raw\catalogs\2022-2023\2022-2023_Catalog.docx
2022-2023,DNTA 1305,DNTA,1305,False,TECHNICAL,RESOLVED_NOT_ACADEMIC,,TECHNICAL,RESOLVED,data\raw\catalogs\2022-2023\2022-2023_Catalog.docx
2022-2023,DNTA 1311,DNTA,1311,False,TECHNICAL,RESOLVED_NOT_ACADEMIC,,TECHNICAL,RESOLVED,data\raw\catalogs\2022-2023\2022-2023_Catalog.docx
2022-2023,DNTA 1315,DNTA,1315,False,TECHNICAL,RESOLVED_NOT_ACADEMIC,,TECHNICAL,RESOLVED,data\raw\catalogs\2022-2023\2022-2023_Catalog.docx
2022-2023,DNTA 1353,DNTA,1353,False,TECHNICAL,RESOLVED_NOT_ACADEMIC,,TECHNICAL,RESOLVED,data\raw\catalogs\2022-2023\2022-2023_Catalog.docx
2022-2023,DNTA 1401,DNTA,1401,False,TECHNICAL,RESOLVED_NOT_ACADEMIC,,TECHNICAL,RESOLVED,data\raw\catalogs\2022-2023\2022-2023_Catalog.docx
2022-2023,DNTA 1447,DNTA,1447,False,TECHNICAL,RESOLVED_NOT_ACADEMIC,,TECHNICAL,RESOLVED,data\raw\catalogs\2022-2023\2022-2023_Catalog.docx
2022-2023,DNTA 1660,DNTA,1660,False,TECHNICAL,RESOLVED_NOT_ACADEMIC,,TECHNICAL,RESOLVED,data\raw\catalogs\2022-2023\2022-2023_Catalog.docx
2022-2023,DNTA 2461,DNTA,2461,False,TECHNICAL,RESOLVED_NOT_ACADEMIC,,TECHNICAL,RESOLVED,data\raw\catalogs\2022-2023\2022-2023_Catalog.docx
2022-2023,DRAM 1310,DRAM,1310,True,ACADEMIC,RESOLVED_FROM_CATALOG_MARKER,,ACADEMIC,RESOLVED,data\raw\catalogs\2022-2023\2022-2023_Catalog.docx
2022-2023,ECON 2301,ECON,2301,True,ACADEMIC,RESOLVED_FROM_CATALOG_MARKER,,ACADEMIC,RESOLVED,data\raw\catalogs\2022-2023\2022-2023_Catalog.docx
2022-2023,ECON 2302,ECON,2302,True,ACADEMIC,RESOLVED_FROM_CATALOG_MARKER,,ACADEMIC,RESOLVED,data\raw\catalogs\2022-2023\2022-2023_Catalog.docx
2022-2023,ECRD 1211,ECRD,1211,False,TECHNICAL,RESOLVED_NOT_ACADEMIC,,TECHNICAL,RESOLVED,data\raw\catalogs\2022-2023\2022-2023_Catalog.docx
2022-2023,EDUC 1300,EDUC,1300,True,ACADEMIC,RESOLVED_FROM_CATALOG_MARKER,,ACADEMIC,RESOLVED,data\raw\catalogs\2022-2023\2022-2023_Catalog.docx
2022-2023,EDUC 1301,EDUC,1301,True,ACADEMIC,RESOLVED_FROM_CATALOG_MARKER,,ACADEMIC,RESOLVED,data\raw\catalogs\2022-2023\2022-2023_Catalog.docx
2022-2023,EDUC 2301,EDUC,2301,True,ACADEMIC,RESOLVED_FROM_CATALOG_MARKER,,ACADEMIC,RESOLVED,data\raw\catalogs\2022-2023\2022-2023_Catalog.docx
2022-2023,ELPT 1311,ELPT,1311,False,TECHNICAL,RESOLVED_NOT_ACADEMIC,,TECHNICAL,RESOLVED,data\raw\catalogs\2022-2023\2022-2023_Catalog.docx
2022-2023,ELPT 1341,ELPT,1341,False,TECHNICAL,RESOLVED_NOT_ACADEMIC,,TECHNICAL,RESOLVED,data\raw\catalogs\2022-2023\2022-2023_Catalog.docx
2022-2023,EMSP 1208,EMSP,1208,False,TECHNICAL,RESOLVED_NOT_ACADEMIC,,TECHNICAL,RESOLVED,data\raw\catalogs\2022-2023\2022-2023_Catalog.docx
2022-2023,EMSP 1260,EMSP,1260,False,TECHNICAL,RESOLVED_NOT_ACADEMIC,,TECHNICAL,RESOLVED,data\raw\catalogs\2022-2023\2022-2023_Catalog.docx
2022-2023,EMSP 1438,EMSP,1438,False,TECHNICAL,RESOLVED_NOT_ACADEMIC,,TECHNICAL,RESOLVED,data\raw\catalogs\2022-2023\2022-2023_Catalog.docx
2022-2023,EMSP 1501,EMSP,1501,False,TECHNICAL,RESOLVED_NOT_ACADEMIC,,TECHNICAL,RESOLVED,data\raw\catalogs\2022-2023\2022-2023_Catalog.docx
2022-2023,EMSP 2260,EMSP,2260,False,TECHNICAL,RESOLVED_NOT_ACADEMIC,,TECHNICAL,RESOLVED,data\raw\catalogs\2022-2023\2022-2023_Catalog.docx
2022-2023,ENGL 1301,ENGL,1301,True,ACADEMIC,RESOLVED_FROM_CATALOG_MARKER,,ACADEMIC,RESOLVED,data\raw\catalogs\2022-2023\2022-2023_Catalog.docx
2022-2023,ENGL 1302,ENGL,1302,True,ACADEMIC,RESOLVED_FROM_CATALOG_MARKER,,ACADEMIC,RESOLVED,data\raw\catalogs\2022-2023\2022-2023_Catalog.docx
2022-2023,ENGL 2307,ENGL,2307,True,ACADEMIC,RESOLVED_FROM_CATALOG_MARKER,,ACADEMIC,RESOLVED,data\raw\catalogs\2022-2023\2022-2023_Catalog.docx
2022-2023,ENGL 2322,ENGL,2322,True,ACADEMIC,RESOLVED_FROM_CATALOG_MARKER,,ACADEMIC,RESOLVED,data\raw\catalogs\2022-2023\2022-2023_Catalog.docx
2022-2023,ENGL 2323,ENGL,2323,True,ACADEMIC,RESOLVED_FROM_CATALOG_MARKER,,ACADEMIC,RESOLVED,data\raw\catalogs\2022-2023\2022-2023_Catalog.docx
2022-2023,ENGL 2326,ENGL,2326,True,ACADEMIC,RESOLVED_FROM_CATALOG_MARKER,,ACADEMIC,RESOLVED,data\raw\catalogs\2022-2023\2022-2023_Catalog.docx
2022-2023,ENGL 2331,ENGL,2331,True,ACADEMIC,RESOLVED_FROM_CATALOG_MARKER,,ACADEMIC,RESOLVED,data\raw\catalogs\2022-2023\2022-2023_Catalog.docx
2022-2023,ENGL 2341,ENGL,2341,True,ACADEMIC,RESOLVED_FROM_CATALOG_MARKER,,ACADEMIC,RESOLVED,data\raw\catalogs\2022-2023\2022-2023_Catalog.docx
2022-2023,ENGR 2301,ENGR,2301,True,ACADEMIC,RESOLVED_FROM_CATALOG_MARKER,,ACADEMIC,RESOLVED,data\raw\catalogs\2022-2023\2022-2023_Catalog.docx
2022-2023,ENGR 2332,ENGR,2332,True,ACADEMIC,RESOLVED_FROM_CATALOG_MARKER,,ACADEMIC,RESOLVED,data\raw\catalogs\2022-2023\2022-2023_Catalog.docx
2022-2023,EPCT 1301,EPCT,1301,False,TECHNICAL,RESOLVED_NOT_ACADEMIC,,TECHNICAL,RESOLVED,data\raw\catalogs\2022-2023\2022-2023_Catalog.docx
2022-2023,EPCT 1305,EPCT,1305,False,TECHNICAL,RESOLVED_NOT_ACADEMIC,,TECHNICAL,RESOLVED,data\raw\catalogs\2022-2023\2022-2023_Catalog.docx
2022-2023,EPCT 1341,EPCT,1341,False,TECHNICAL,RESOLVED_NOT_ACADEMIC,,TECHNICAL,RESOLVED,data\raw\catalogs\2022-2023\2022-2023_Catalog.docx
2022-2023,EPCT 1349,EPCT,1349,False,TECHNICAL,RESOLVED_NOT_ACADEMIC,,TECHNICAL,RESOLVED,data\raw\catalogs\2022-2023\2022-2023_Catalog.docx
2022-2023,EPCT 2489,EPCT,2489,False,TECHNICAL,RESOLVED_NOT_ACADEMIC,,TECHNICAL,RESOLVED,data\raw\catalogs\2022-2023\2022-2023_Catalog.docx
2022-2023,FDNS 1345,FDNS,1345,False,TECHNICAL,RESOLVED_NOT_ACADEMIC,,TECHNICAL,RESOLVED,data\raw\catalogs\2022-2023\2022-2023_Catalog.docx
2022-2023,FORS 2440,FORS,2440,True,ACADEMIC,RESOLVED_FROM_CATALOG_MARKER,,ACADEMIC,RESOLVED,data\raw\catalogs\2022-2023\2022-2023_Catalog.docx
2022-2023,FORS 2450,FORS,2450,True,ACADEMIC,RESOLVED_FROM_CATALOG_MARKER,,ACADEMIC,RESOLVED,data\raw\catalogs\2022-2023\2022-2023_Catalog.docx
2022-2023,GEOG 1301,GEOG,1301,True,ACADEMIC,RESOLVED_FROM_CATALOG_MARKER,,ACADEMIC,RESOLVED,data\raw\catalogs\2022-2023\2022-2023_Catalog.docx
2022-2023,GEOG 1302,GEOG,1302,True,ACADEMIC,RESOLVED_FROM_CATALOG_MARKER,,ACADEMIC,RESOLVED,data\raw\catalogs\2022-2023\2022-2023_Catalog.docx
2022-2023,GEOL 1403,GEOL,1403,True,ACADEMIC,RESOLVED_FROM_CATALOG_MARKER,,ACADEMIC,RESOLVED,data\raw\catalogs\2022-2023\2022-2023_Catalog.docx
2022-2023,GEOL 1404,GEOL,1404,True,ACADEMIC,RESOLVED_FROM_CATALOG_MARKER,,ACADEMIC,RESOLVED,data\raw\catalogs\2022-2023\2022-2023_Catalog.docx
2022-2023,GOVT 2304,GOVT,2304,True,ACADEMIC,RESOLVED_FROM_CATALOG_MARKER,,ACADEMIC,RESOLVED,data\raw\catalogs\2022-2023\2022-2023_Catalog.docx
2022-2023,GOVT 2305,GOVT,2305,True,ACADEMIC,RESOLVED_FROM_CATALOG_MARKER,,ACADEMIC,RESOLVED,data\raw\catalogs\2022-2023\2022-2023_Catalog.docx
2022-2023,GOVT 2306,GOVT,2306,True,ACADEMIC,RESOLVED_FROM_CATALOG_MARKER,,ACADEMIC,RESOLVED,data\raw\catalogs\2022-2023\2022-2023_Catalog.docx
2022-2023,HIST 1301,HIST,1301,True,ACADEMIC,RESOLVED_FROM_CATALOG_MARKER,,ACADEMIC,RESOLVED,data\raw\catalogs\2022-2023\2022-2023_Catalog.docx
2022-2023,HIST 1302,HIST,1302,True,ACADEMIC,RESOLVED_FROM_CATALOG_MARKER,,ACADEMIC,RESOLVED,data\raw\catalogs\2022-2023\2022-2023_Catalog.docx
2022-2023,HIST 2301,HIST,2301,True,ACADEMIC,RESOLVED_FROM_CATALOG_MARKER,,ACADEMIC,RESOLVED,data\raw\catalogs\2022-2023\2022-2023_Catalog.docx
2022-2023,HIST 2321,HIST,2321,True,ACADEMIC,RESOLVED_FROM_CATALOG_MARKER,,ACADEMIC,RESOLVED,data\raw\catalogs\2022-2023\2022-2023_Catalog.docx
2022-2023,HIST 2322,HIST,2322,True,ACADEMIC,RESOLVED_FROM_CATALOG_MARKER,,ACADEMIC,RESOLVED,data\raw\catalogs\2022-2023\2022-2023_Catalog.docx
2022-2023,HITT 1305,HITT,1305,False,TECHNICAL,RESOLVED_NOT_ACADEMIC,,TECHNICAL,RESOLVED,data\raw\catalogs\2022-2023\2022-2023_Catalog.docx
2022-2023,HUMA 1315,HUMA,1315,True,ACADEMIC,RESOLVED_FROM_CATALOG_MARKER,,ACADEMIC,RESOLVED,data\raw\catalogs\2022-2023\2022-2023_Catalog.docx
2022-2023,HYDR 1305,HYDR,1305,False,TECHNICAL,RESOLVED_NOT_ACADEMIC,,TECHNICAL,RESOLVED,data\raw\catalogs\2022-2023\2022-2023_Catalog.docx
2022-2023,INCR 1402,INCR,1402,False,TECHNICAL,RESOLVED_NOT_ACADEMIC,,TECHNICAL,RESOLVED,data\raw\catalogs\2022-2023\2022-2023_Catalog.docx
2022-2023,INCR 1442,INCR,1442,False,TECHNICAL,RESOLVED_NOT_ACADEMIC,,TECHNICAL,RESOLVED,data\raw\catalogs\2022-2023\2022-2023_Catalog.docx
2022-2023,INMT 2301,INMT,2301,False,TECHNICAL,RESOLVED_NOT_ACADEMIC,,TECHNICAL,RESOLVED,data\raw\catalogs\2022-2023\2022-2023_Catalog.docx
2022-2023,INMT 2345,INMT,2345,False,TECHNICAL,RESOLVED_NOT_ACADEMIC,,TECHNICAL,RESOLVED,data\raw\catalogs\2022-2023\2022-2023_Catalog.docx
2022-2023,INTC 1301,INTC,1301,False,TECHNICAL,RESOLVED_NOT_ACADEMIC,,TECHNICAL,RESOLVED,data\raw\catalogs\2022-2023\2022-2023_Catalog.docx
2022-2023,INTC 1358,INTC,1358,False,TECHNICAL,RESOLVED_NOT_ACADEMIC,,TECHNICAL,RESOLVED,data\raw\catalogs\2022-2023\2022-2023_Catalog.docx
2022-2023,INTC 1457,INTC,1457,False,TECHNICAL,RESOLVED_NOT_ACADEMIC,,TECHNICAL,RESOLVED,data\raw\catalogs\2022-2023\2022-2023_Catalog.docx
2022-2023,INTC 2480,INTC,2480,False,TECHNICAL,RESOLVED_NOT_ACADEMIC,,TECHNICAL,RESOLVED,data\raw\catalogs\2022-2023\2022-2023_Catalog.docx
2022-2023,INTC 2488,INTC,2488,False,TECHNICAL,RESOLVED_NOT_ACADEMIC,,TECHNICAL,RESOLVED,data\raw\catalogs\2022-2023\2022-2023_Catalog.docx
2022-2023,ITCC 1314,ITCC,1314,False,TECHNICAL,RESOLVED_NOT_ACADEMIC,,TECHNICAL,RESOLVED,data\raw\catalogs\2022-2023\2022-2023_Catalog.docx
2022-2023,ITCC 1344,ITCC,1344,False,TECHNICAL,RESOLVED_NOT_ACADEMIC,,TECHNICAL,RESOLVED,data\raw\catalogs\2022-2023\2022-2023_Catalog.docx
2022-2023,ITCC 2320,ITCC,2320,False,TECHNICAL,RESOLVED_NOT_ACADEMIC,,TECHNICAL,RESOLVED,data\raw\catalogs\2022-2023\2022-2023_Catalog.docx
2022-2023,ITDF 1300,ITDF,1300,False,TECHNICAL,RESOLVED_NOT_ACADEMIC,,TECHNICAL,RESOLVED,data\raw\catalogs\2022-2023\2022-2023_Catalog.docx
2022-2023,ITNW 1313,ITNW,1313,False,TECHNICAL,RESOLVED_NOT_ACADEMIC,,TECHNICAL,RESOLVED,data\raw\catalogs\2022-2023\2022-2023_Catalog.docx
2022-2023,ITNW 1336,ITNW,1336,False,TECHNICAL,RESOLVED_NOT_ACADEMIC,,TECHNICAL,RESOLVED,data\raw\catalogs\2022-2023\2022-2023_Catalog.docx
2022-2023,ITNW 1354,ITNW,1354,False,TECHNICAL,RESOLVED_NOT_ACADEMIC,,TECHNICAL,RESOLVED,data\raw\catalogs\2022-2023\2022-2023_Catalog.docx
2022-2023,ITSC 1325,ITSC,1325,False,TECHNICAL,RESOLVED_NOT_ACADEMIC,,TECHNICAL,RESOLVED,data\raw\catalogs\2022-2023\2022-2023_Catalog.docx
2022-2023,ITSC 2387,ITSC,2387,False,TECHNICAL,RESOLVED_NOT_ACADEMIC,,TECHNICAL,RESOLVED,data\raw\catalogs\2022-2023\2022-2023_Catalog.docx
2022-2023,ITSE 1331,ITSE,1331,False,UNKNOWN,CONSERVATIVE_EXCLUSION_UNRESOLVED,No authoritative academic marker; excluded from academic-elective eligibility.,UNKNOWN,REVIEW_REQUIRED,data\raw\catalogs\2022-2023\2022-2023_Catalog.docx
2022-2023,ITSE 1345,ITSE,1345,False,TECHNICAL,RESOLVED_NOT_ACADEMIC,,TECHNICAL,RESOLVED,data\raw\catalogs\2022-2023\2022-2023_Catalog.docx
2022-2023,ITSE 1359,ITSE,1359,False,TECHNICAL,RESOLVED_NOT_ACADEMIC,,TECHNICAL,RESOLVED,data\raw\catalogs\2022-2023\2022-2023_Catalog.docx
2022-2023,ITSW 1304,ITSW,1304,False,TECHNICAL,RESOLVED_NOT_ACADEMIC,,TECHNICAL,RESOLVED,data\raw\catalogs\2022-2023\2022-2023_Catalog.docx
2022-2023,ITSY 1342,ITSY,1342,False,TECHNICAL,RESOLVED_NOT_ACADEMIC,,TECHNICAL,RESOLVED,data\raw\catalogs\2022-2023\2022-2023_Catalog.docx
2022-2023,ITSY 2343,ITSY,2343,False,TECHNICAL,RESOLVED_NOT_ACADEMIC,,TECHNICAL,RESOLVED,data\raw\catalogs\2022-2023\2022-2023_Catalog.docx
2022-2023,LMGT 1319,LMGT,1319,False,TECHNICAL,RESOLVED_NOT_ACADEMIC,,TECHNICAL,RESOLVED,data\raw\catalogs\2022-2023\2022-2023_Catalog.docx
2022-2023,LMGT 1321,LMGT,1321,False,TECHNICAL,RESOLVED_NOT_ACADEMIC,,TECHNICAL,RESOLVED,data\raw\catalogs\2022-2023\2022-2023_Catalog.docx
2022-2023,LMGT 1323,LMGT,1323,False,TECHNICAL,RESOLVED_NOT_ACADEMIC,,TECHNICAL,RESOLVED,data\raw\catalogs\2022-2023\2022-2023_Catalog.docx
2022-2023,LMGT 1325,LMGT,1325,False,TECHNICAL,RESOLVED_NOT_ACADEMIC,,TECHNICAL,RESOLVED,data\raw\catalogs\2022-2023\2022-2023_Catalog.docx
2022-2023,LMGT 1345,LMGT,1345,False,TECHNICAL,RESOLVED_NOT_ACADEMIC,,TECHNICAL,RESOLVED,data\raw\catalogs\2022-2023\2022-2023_Catalog.docx
2022-2023,LMGT 2334,LMGT,2334,False,TECHNICAL,RESOLVED_NOT_ACADEMIC,,TECHNICAL,RESOLVED,data\raw\catalogs\2022-2023\2022-2023_Catalog.docx
2022-2023,LMGT 2388,LMGT,2388,False,TECHNICAL,RESOLVED_NOT_ACADEMIC,,TECHNICAL,RESOLVED,data\raw\catalogs\2022-2023\2022-2023_Catalog.docx
2022-2023,MATH 1314,MATH,1314,True,ACADEMIC,RESOLVED_FROM_CATALOG_MARKER,,ACADEMIC,RESOLVED,data\raw\catalogs\2022-2023\2022-2023_Catalog.docx
2022-2023,MATH 1316,MATH,1316,True,ACADEMIC,RESOLVED_FROM_CATALOG_MARKER,,ACADEMIC,RESOLVED,data\raw\catalogs\2022-2023\2022-2023_Catalog.docx
2022-2023,MATH 1324,MATH,1324,True,ACADEMIC,RESOLVED_FROM_CATALOG_MARKER,,ACADEMIC,RESOLVED,data\raw\catalogs\2022-2023\2022-2023_Catalog.docx
2022-2023,MATH 1325,MATH,1325,True,ACADEMIC,RESOLVED_FROM_CATALOG_MARKER,,ACADEMIC,RESOLVED,data\raw\catalogs\2022-2023\2022-2023_Catalog.docx
2022-2023,MATH 1332,MATH,1332,True,ACADEMIC,RESOLVED_FROM_CATALOG_MARKER,,ACADEMIC,RESOLVED,data\raw\catalogs\2022-2023\2022-2023_Catalog.docx
2022-2023,MATH 1342,MATH,1342,True,ACADEMIC,RESOLVED_FROM_CATALOG_MARKER,,ACADEMIC,RESOLVED,data\raw\catalogs\2022-2023\2022-2023_Catalog.docx
2022-2023,MATH 1350,MATH,1350,True,ACADEMIC,RESOLVED_FROM_CATALOG_MARKER,,ACADEMIC,RESOLVED,data\raw\catalogs\2022-2023\2022-2023_Catalog.docx
2022-2023,MATH 1351,MATH,1351,True,ACADEMIC,RESOLVED_FROM_CATALOG_MARKER,,ACADEMIC,RESOLVED,data\raw\catalogs\2022-2023\2022-2023_Catalog.docx
2022-2023,MATH 2305,MATH,2305,True,ACADEMIC,RESOLVED_FROM_CATALOG_MARKER,,ACADEMIC,RESOLVED,data\raw\catalogs\2022-2023\2022-2023_Catalog.docx
2022-2023,MATH 2312,MATH,2312,True,ACADEMIC,RESOLVED_FROM_CATALOG_MARKER,,ACADEMIC,RESOLVED,data\raw\catalogs\2022-2023\2022-2023_Catalog.docx
2022-2023,MATH 2318,MATH,2318,True,ACADEMIC,RESOLVED_FROM_CATALOG_MARKER,,ACADEMIC,RESOLVED,data\raw\catalogs\2022-2023\2022-2023_Catalog.docx
2022-2023,MATH 2320,MATH,2320,True,ACADEMIC,RESOLVED_FROM_CATALOG_MARKER,,ACADEMIC,RESOLVED,data\raw\catalogs\2022-2023\2022-2023_Catalog.docx
2022-2023,MATH 2413,MATH,2413,True,ACADEMIC,RESOLVED_FROM_CATALOG_MARKER,,ACADEMIC,RESOLVED,data\raw\catalogs\2022-2023\2022-2023_Catalog.docx
2022-2023,MATH 2414,MATH,2414,True,ACADEMIC,RESOLVED_FROM_CATALOG_MARKER,,ACADEMIC,RESOLVED,data\raw\catalogs\2022-2023\2022-2023_Catalog.docx
2022-2023,MATH 2415,MATH,2415,True,ACADEMIC,RESOLVED_FROM_CATALOG_MARKER,,ACADEMIC,RESOLVED,data\raw\catalogs\2022-2023\2022-2023_Catalog.docx
2022-2023,MCHN 1320,MCHN,1320,False,TECHNICAL,RESOLVED_NOT_ACADEMIC,,TECHNICAL,RESOLVED,data\raw\catalogs\2022-2023\2022-2023_Catalog.docx
2022-2023,MCHN 1338,MCHN,1338,False,TECHNICAL,RESOLVED_NOT_ACADEMIC,,TECHNICAL,RESOLVED,data\raw\catalogs\2022-2023\2022-2023_Catalog.docx
2022-2023,MRKG 1301,MRKG,1301,False,TECHNICAL,RESOLVED_NOT_ACADEMIC,,TECHNICAL,RESOLVED,data\raw\catalogs\2022-2023\2022-2023_Catalog.docx
2022-2023,MRKG 1311,MRKG,1311,False,TECHNICAL,RESOLVED_NOT_ACADEMIC,,TECHNICAL,RESOLVED,data\raw\catalogs\2022-2023\2022-2023_Catalog.docx
2022-2023,MSSG 1105,MSSG,1105,False,TECHNICAL,RESOLVED_NOT_ACADEMIC,,TECHNICAL,RESOLVED,data\raw\catalogs\2022-2023\2022-2023_Catalog.docx
2022-2023,MSSG 1109,MSSG,1109,False,TECHNICAL,RESOLVED_NOT_ACADEMIC,,TECHNICAL,RESOLVED,data\raw\catalogs\2022-2023\2022-2023_Catalog.docx
2022-2023,MSSG 1207,MSSG,1207,False,TECHNICAL,RESOLVED_NOT_ACADEMIC,,TECHNICAL,RESOLVED,data\raw\catalogs\2022-2023\2022-2023_Catalog.docx
2022-2023,MSSG 1411,MSSG,1411,False,TECHNICAL,RESOLVED_NOT_ACADEMIC,,TECHNICAL,RESOLVED,data\raw\catalogs\2022-2023\2022-2023_Catalog.docx
2022-2023,MSSG 1413,MSSG,1413,False,TECHNICAL,RESOLVED_NOT_ACADEMIC,,TECHNICAL,RESOLVED,data\raw\catalogs\2022-2023\2022-2023_Catalog.docx
2022-2023,MSSG 2186,MSSG,2186,False,TECHNICAL,RESOLVED_NOT_ACADEMIC,,TECHNICAL,RESOLVED,data\raw\catalogs\2022-2023\2022-2023_Catalog.docx
2022-2023,MSSG 2311,MSSG,2311,False,TECHNICAL,RESOLVED_NOT_ACADEMIC,,TECHNICAL,RESOLVED,data\raw\catalogs\2022-2023\2022-2023_Catalog.docx
2022-2023,MSSG 2314,MSSG,2314,False,TECHNICAL,RESOLVED_NOT_ACADEMIC,,TECHNICAL,RESOLVED,data\raw\catalogs\2022-2023\2022-2023_Catalog.docx
2022-2023,MSSG 2413,MSSG,2413,False,TECHNICAL,RESOLVED_NOT_ACADEMIC,,TECHNICAL,RESOLVED,data\raw\catalogs\2022-2023\2022-2023_Catalog.docx
2022-2023,MUSI 1181,MUSI,1181,True,ACADEMIC,RESOLVED_FROM_CATALOG_MARKER,,ACADEMIC,RESOLVED,data\raw\catalogs\2022-2023\2022-2023_Catalog.docx
2022-2023,MUSI 1183,MUSI,1183,True,ACADEMIC,RESOLVED_FROM_CATALOG_MARKER,,ACADEMIC,RESOLVED,data\raw\catalogs\2022-2023\2022-2023_Catalog.docx
2022-2023,MUSI 1306,MUSI,1306,True,ACADEMIC,RESOLVED_FROM_CATALOG_MARKER,,ACADEMIC,RESOLVED,data\raw\catalogs\2022-2023\2022-2023_Catalog.docx
2022-2023,NAUT 1264,NAUT,1264,False,TECHNICAL,RESOLVED_NOT_ACADEMIC,,TECHNICAL,RESOLVED,data\raw\catalogs\2022-2023\2022-2023_Catalog.docx
2022-2023,NAUT 1305,NAUT,1305,False,TECHNICAL,RESOLVED_NOT_ACADEMIC,,TECHNICAL,RESOLVED,data\raw\catalogs\2022-2023\2022-2023_Catalog.docx
2022-2023,NAUT 1315,NAUT,1315,False,TECHNICAL,RESOLVED_NOT_ACADEMIC,,TECHNICAL,RESOLVED,data\raw\catalogs\2022-2023\2022-2023_Catalog.docx
2022-2023,NAUT 1320,NAUT,1320,False,TECHNICAL,RESOLVED_NOT_ACADEMIC,,TECHNICAL,RESOLVED,data\raw\catalogs\2022-2023\2022-2023_Catalog.docx
2022-2023,NAUT 1343,NAUT,1343,False,TECHNICAL,RESOLVED_NOT_ACADEMIC,,TECHNICAL,RESOLVED,data\raw\catalogs\2022-2023\2022-2023_Catalog.docx
2022-2023,NAUT 1345,NAUT,1345,False,TECHNICAL,RESOLVED_NOT_ACADEMIC,,TECHNICAL,RESOLVED,data\raw\catalogs\2022-2023\2022-2023_Catalog.docx
2022-2023,NAUT 1350,NAUT,1350,False,TECHNICAL,RESOLVED_NOT_ACADEMIC,,TECHNICAL,RESOLVED,data\raw\catalogs\2022-2023\2022-2023_Catalog.docx
2022-2023,NAUT 2205,NAUT,2205,False,TECHNICAL,RESOLVED_NOT_ACADEMIC,,TECHNICAL,RESOLVED,data\raw\catalogs\2022-2023\2022-2023_Catalog.docx
2022-2023,NAUT 2265,NAUT,2265,False,TECHNICAL,RESOLVED_NOT_ACADEMIC,,TECHNICAL,RESOLVED,data\raw\catalogs\2022-2023\2022-2023_Catalog.docx
2022-2023,NAUT 2310,NAUT,2310,False,TECHNICAL,RESOLVED_NOT_ACADEMIC,,TECHNICAL,RESOLVED,data\raw\catalogs\2022-2023\2022-2023_Catalog.docx
2022-2023,NAUT 2312,NAUT,2312,False,TECHNICAL,RESOLVED_NOT_ACADEMIC,,TECHNICAL,RESOLVED,data\raw\catalogs\2022-2023\2022-2023_Catalog.docx
2022-2023,NAUT 2315,NAUT,2315,False,TECHNICAL,RESOLVED_NOT_ACADEMIC,,TECHNICAL,RESOLVED,data\raw\catalogs\2022-2023\2022-2023_Catalog.docx
2022-2023,NAUT 2320,NAUT,2320,False,TECHNICAL,RESOLVED_NOT_ACADEMIC,,TECHNICAL,RESOLVED,data\raw\catalogs\2022-2023\2022-2023_Catalog.docx
2022-2023,NAUT 2325,NAUT,2325,False,TECHNICAL,RESOLVED_NOT_ACADEMIC,,TECHNICAL,RESOLVED,data\raw\catalogs\2022-2023\2022-2023_Catalog.docx
2022-2023,NCBM 0114,NCBM,0114,False,COLLEGE_PREPARATORY,RESOLVED_NOT_ACADEMIC,,COLLEGE_PREPARATORY,RESOLVED,data\raw\catalogs\2022-2023\2022-2023_Catalog.docx
2022-2023,NURA 1160,NURA,1160,False,TECHNICAL,RESOLVED_NOT_ACADEMIC,,TECHNICAL,RESOLVED,data\raw\catalogs\2022-2023\2022-2023_Catalog.docx
2022-2023,NURA 1301,NURA,1301,False,TECHNICAL,RESOLVED_NOT_ACADEMIC,,TECHNICAL,RESOLVED,data\raw\catalogs\2022-2023\2022-2023_Catalog.docx
2022-2023,OSHT 2401,OSHT,2401,False,TECHNICAL,RESOLVED_NOT_ACADEMIC,,TECHNICAL,RESOLVED,data\raw\catalogs\2022-2023\2022-2023_Catalog.docx
2022-2023,PHIL 1301,PHIL,1301,True,ACADEMIC,RESOLVED_FROM_CATALOG_MARKER,,ACADEMIC,RESOLVED,data\raw\catalogs\2022-2023\2022-2023_Catalog.docx
2022-2023,PHIL 2321,PHIL,2321,True,ACADEMIC,RESOLVED_FROM_CATALOG_MARKER,,ACADEMIC,RESOLVED,data\raw\catalogs\2022-2023\2022-2023_Catalog.docx
2022-2023,PHRA 1301,PHRA,1301,False,TECHNICAL,RESOLVED_NOT_ACADEMIC,,TECHNICAL,RESOLVED,data\raw\catalogs\2022-2023\2022-2023_Catalog.docx
2022-2023,PHRA 1304,PHRA,1304,False,TECHNICAL,RESOLVED_NOT_ACADEMIC,,TECHNICAL,RESOLVED,data\raw\catalogs\2022-2023\2022-2023_Catalog.docx
2022-2023,PHRA 1305,PHRA,1305,False,TECHNICAL,RESOLVED_NOT_ACADEMIC,,TECHNICAL,RESOLVED,data\raw\catalogs\2022-2023\2022-2023_Catalog.docx
2022-2023,PHRA 1309,PHRA,1309,False,TECHNICAL,RESOLVED_NOT_ACADEMIC,,TECHNICAL,RESOLVED,data\raw\catalogs\2022-2023\2022-2023_Catalog.docx
2022-2023,PHRA 1313,PHRA,1313,False,TECHNICAL,RESOLVED_NOT_ACADEMIC,,TECHNICAL,RESOLVED,data\raw\catalogs\2022-2023\2022-2023_Catalog.docx
2022-2023,PHRA 1349,PHRA,1349,False,TECHNICAL,RESOLVED_NOT_ACADEMIC,,TECHNICAL,RESOLVED,data\raw\catalogs\2022-2023\2022-2023_Catalog.docx
2022-2023,PHRA 1445,PHRA,1445,False,TECHNICAL,RESOLVED_NOT_ACADEMIC,,TECHNICAL,RESOLVED,data\raw\catalogs\2022-2023\2022-2023_Catalog.docx
2022-2023,PHRA 2360,PHRA,2360,False,TECHNICAL,RESOLVED_NOT_ACADEMIC,,TECHNICAL,RESOLVED,data\raw\catalogs\2022-2023\2022-2023_Catalog.docx
2022-2023,PHRA 2361,PHRA,2361,False,TECHNICAL,RESOLVED_NOT_ACADEMIC,,TECHNICAL,RESOLVED,data\raw\catalogs\2022-2023\2022-2023_Catalog.docx
2022-2023,PHYS 1401,PHYS,1401,True,ACADEMIC,RESOLVED_FROM_CATALOG_MARKER,,ACADEMIC,RESOLVED,data\raw\catalogs\2022-2023\2022-2023_Catalog.docx
2022-2023,PHYS 1405,PHYS,1405,True,ACADEMIC,RESOLVED_FROM_CATALOG_MARKER,,ACADEMIC,RESOLVED,data\raw\catalogs\2022-2023\2022-2023_Catalog.docx
2022-2023,PHYS 1407,PHYS,1407,True,ACADEMIC,RESOLVED_FROM_CATALOG_MARKER,,ACADEMIC,RESOLVED,data\raw\catalogs\2022-2023\2022-2023_Catalog.docx
2022-2023,PHYS 2425,PHYS,2425,True,ACADEMIC,RESOLVED_FROM_CATALOG_MARKER,,ACADEMIC,RESOLVED,data\raw\catalogs\2022-2023\2022-2023_Catalog.docx
2022-2023,PHYS 2426,PHYS,2426,True,ACADEMIC,AUTHORIZED_ACADEMIC_CORRECTION,Catalog course description omitted AC marker; course is an academic TCCNS course.,UNKNOWN,REVIEW_REQUIRED,data\raw\catalogs\2022-2023\2022-2023_Catalog.docx
2022-2023,PLAB 1160,PLAB,1160,False,TECHNICAL,RESOLVED_NOT_ACADEMIC,,TECHNICAL,RESOLVED,data\raw\catalogs\2022-2023\2022-2023_Catalog.docx
2022-2023,PLAB 1223,PLAB,1223,False,TECHNICAL,RESOLVED_NOT_ACADEMIC,,TECHNICAL,RESOLVED,data\raw\catalogs\2022-2023\2022-2023_Catalog.docx
2022-2023,PSYC 1300,PSYC,1300,True,ACADEMIC,RESOLVED_FROM_CATALOG_MARKER,,ACADEMIC,RESOLVED,data\raw\catalogs\2022-2023\2022-2023_Catalog.docx
2022-2023,PSYC 2301,PSYC,2301,True,ACADEMIC,RESOLVED_FROM_CATALOG_MARKER,,ACADEMIC,RESOLVED,data\raw\catalogs\2022-2023\2022-2023_Catalog.docx
2022-2023,PSYC 2307,PSYC,2307,True,ACADEMIC,RESOLVED_FROM_CATALOG_MARKER,,ACADEMIC,RESOLVED,data\raw\catalogs\2022-2023\2022-2023_Catalog.docx
2022-2023,PSYC 2308,PSYC,2308,True,ACADEMIC,RESOLVED_FROM_CATALOG_MARKER,,ACADEMIC,RESOLVED,data\raw\catalogs\2022-2023\2022-2023_Catalog.docx
2022-2023,PSYC 2314,PSYC,2314,True,ACADEMIC,RESOLVED_FROM_CATALOG_MARKER,,ACADEMIC,RESOLVED,data\raw\catalogs\2022-2023\2022-2023_Catalog.docx
2022-2023,PTAC 1302,PTAC,1302,False,TECHNICAL,RESOLVED_NOT_ACADEMIC,,TECHNICAL,RESOLVED,data\raw\catalogs\2022-2023\2022-2023_Catalog.docx
2022-2023,PTAC 1408,PTAC,1408,False,TECHNICAL,RESOLVED_NOT_ACADEMIC,,TECHNICAL,RESOLVED,data\raw\catalogs\2022-2023\2022-2023_Catalog.docx
2022-2023,PTAC 1410,PTAC,1410,False,TECHNICAL,RESOLVED_NOT_ACADEMIC,,TECHNICAL,RESOLVED,data\raw\catalogs\2022-2023\2022-2023_Catalog.docx
2022-2023,PTAC 1432,PTAC,1432,False,TECHNICAL,RESOLVED_NOT_ACADEMIC,,TECHNICAL,RESOLVED,data\raw\catalogs\2022-2023\2022-2023_Catalog.docx
2022-2023,PTAC 2314,PTAC,2314,False,TECHNICAL,RESOLVED_NOT_ACADEMIC,,TECHNICAL,RESOLVED,data\raw\catalogs\2022-2023\2022-2023_Catalog.docx
2022-2023,PTAC 2420,PTAC,2420,False,TECHNICAL,RESOLVED_NOT_ACADEMIC,,TECHNICAL,RESOLVED,data\raw\catalogs\2022-2023\2022-2023_Catalog.docx
2022-2023,PTAC 2438,PTAC,2438,False,TECHNICAL,RESOLVED_NOT_ACADEMIC,,TECHNICAL,RESOLVED,data\raw\catalogs\2022-2023\2022-2023_Catalog.docx
2022-2023,PTAC 2446,PTAC,2446,False,TECHNICAL,RESOLVED_NOT_ACADEMIC,,TECHNICAL,RESOLVED,data\raw\catalogs\2022-2023\2022-2023_Catalog.docx
2022-2023,PTHA 1201,PTHA,1201,False,TECHNICAL,RESOLVED_NOT_ACADEMIC,,TECHNICAL,RESOLVED,data\raw\catalogs\2022-2023\2022-2023_Catalog.docx
2022-2023,RBTC 1309,RBTC,1309,False,TECHNICAL,RESOLVED_NOT_ACADEMIC,,TECHNICAL,RESOLVED,data\raw\catalogs\2022-2023\2022-2023_Catalog.docx
2022-2023,RBTC 1401,RBTC,1401,False,TECHNICAL,RESOLVED_NOT_ACADEMIC,,TECHNICAL,RESOLVED,data\raw\catalogs\2022-2023\2022-2023_Catalog.docx
2022-2023,RELE 1300,RELE,1300,False,TECHNICAL,RESOLVED_NOT_ACADEMIC,,TECHNICAL,RESOLVED,data\raw\catalogs\2022-2023\2022-2023_Catalog.docx
2022-2023,RELE 1301,RELE,1301,False,TECHNICAL,RESOLVED_NOT_ACADEMIC,,TECHNICAL,RESOLVED,data\raw\catalogs\2022-2023\2022-2023_Catalog.docx
2022-2023,RELE 1311,RELE,1311,False,TECHNICAL,RESOLVED_NOT_ACADEMIC,,TECHNICAL,RESOLVED,data\raw\catalogs\2022-2023\2022-2023_Catalog.docx
2022-2023,RELE 1319,RELE,1319,False,TECHNICAL,RESOLVED_NOT_ACADEMIC,,TECHNICAL,RESOLVED,data\raw\catalogs\2022-2023\2022-2023_Catalog.docx
2022-2023,RELE 1338,RELE,1338,False,TECHNICAL,RESOLVED_NOT_ACADEMIC,,TECHNICAL,RESOLVED,data\raw\catalogs\2022-2023\2022-2023_Catalog.docx
2022-2023,RELE 2301,RELE,2301,False,TECHNICAL,RESOLVED_NOT_ACADEMIC,,TECHNICAL,RESOLVED,data\raw\catalogs\2022-2023\2022-2023_Catalog.docx
2022-2023,RNSG 1193,RNSG,1193,False,TECHNICAL,RESOLVED_NOT_ACADEMIC,,TECHNICAL,RESOLVED,data\raw\catalogs\2022-2023\2022-2023_Catalog.docx
2022-2023,RNSG 1207,RNSG,1207,False,TECHNICAL,RESOLVED_NOT_ACADEMIC,,TECHNICAL,RESOLVED,data\raw\catalogs\2022-2023\2022-2023_Catalog.docx
2022-2023,RNSG 1210,RNSG,1210,False,TECHNICAL,RESOLVED_NOT_ACADEMIC,,TECHNICAL,RESOLVED,data\raw\catalogs\2022-2023\2022-2023_Catalog.docx
2022-2023,RNSG 1300,RNSG,1300,False,TECHNICAL,RESOLVED_NOT_ACADEMIC,,TECHNICAL,RESOLVED,data\raw\catalogs\2022-2023\2022-2023_Catalog.docx
2022-2023,RNSG 1311,RNSG,1311,False,TECHNICAL,RESOLVED_NOT_ACADEMIC,,TECHNICAL,RESOLVED,data\raw\catalogs\2022-2023\2022-2023_Catalog.docx
2022-2023,RNSG 1327,RNSG,1327,False,TECHNICAL,RESOLVED_NOT_ACADEMIC,,TECHNICAL,RESOLVED,data\raw\catalogs\2022-2023\2022-2023_Catalog.docx
2022-2023,RNSG 2261,RNSG,2261,False,TECHNICAL,RESOLVED_NOT_ACADEMIC,,TECHNICAL,RESOLVED,data\raw\catalogs\2022-2023\2022-2023_Catalog.docx
2022-2023,RNSG 2262,RNSG,2262,False,TECHNICAL,RESOLVED_NOT_ACADEMIC,,TECHNICAL,RESOLVED,data\raw\catalogs\2022-2023\2022-2023_Catalog.docx
2022-2023,RNSG 2363,RNSG,2363,False,TECHNICAL,RESOLVED_NOT_ACADEMIC,,TECHNICAL,RESOLVED,data\raw\catalogs\2022-2023\2022-2023_Catalog.docx
2022-2023,RNSG 2514,RNSG,2514,False,TECHNICAL,RESOLVED_NOT_ACADEMIC,,TECHNICAL,RESOLVED,data\raw\catalogs\2022-2023\2022-2023_Catalog.docx
2022-2023,RNSG 2535,RNSG,2535,False,TECHNICAL,RESOLVED_NOT_ACADEMIC,,TECHNICAL,RESOLVED,data\raw\catalogs\2022-2023\2022-2023_Catalog.docx
2022-2023,SCIT 1418,SCIT,1418,False,TECHNICAL,RESOLVED_NOT_ACADEMIC,,TECHNICAL,RESOLVED,data\raw\catalogs\2022-2023\2022-2023_Catalog.docx
2022-2023,SCIT 1494,SCIT,1494,False,TECHNICAL,RESOLVED_NOT_ACADEMIC,,TECHNICAL,RESOLVED,data\raw\catalogs\2022-2023\2022-2023_Catalog.docx
2022-2023,SGNL 1301,SGNL,1301,True,ACADEMIC,RESOLVED_FROM_CATALOG_MARKER,,ACADEMIC,RESOLVED,data\raw\catalogs\2022-2023\2022-2023_Catalog.docx
2022-2023,SGNL 2301,SGNL,2301,True,ACADEMIC,RESOLVED_FROM_CATALOG_MARKER,,ACADEMIC,RESOLVED,data\raw\catalogs\2022-2023\2022-2023_Catalog.docx
2022-2023,SOCI 1301,SOCI,1301,True,ACADEMIC,RESOLVED_FROM_CATALOG_MARKER,,ACADEMIC,RESOLVED,data\raw\catalogs\2022-2023\2022-2023_Catalog.docx
2022-2023,SOCI 1306,SOCI,1306,True,ACADEMIC,RESOLVED_FROM_CATALOG_MARKER,,ACADEMIC,RESOLVED,data\raw\catalogs\2022-2023\2022-2023_Catalog.docx
2022-2023,SOCI 2301,SOCI,2301,True,ACADEMIC,RESOLVED_FROM_CATALOG_MARKER,,ACADEMIC,RESOLVED,data\raw\catalogs\2022-2023\2022-2023_Catalog.docx
2022-2023,SOCI 2306,SOCI,2306,True,ACADEMIC,RESOLVED_FROM_CATALOG_MARKER,,ACADEMIC,RESOLVED,data\raw\catalogs\2022-2023\2022-2023_Catalog.docx
2022-2023,SOCI 2319,SOCI,2319,True,ACADEMIC,RESOLVED_FROM_CATALOG_MARKER,,ACADEMIC,RESOLVED,data\raw\catalogs\2022-2023\2022-2023_Catalog.docx
2022-2023,SOCI 2326,SOCI,2326,True,ACADEMIC,RESOLVED_FROM_CATALOG_MARKER,,ACADEMIC,RESOLVED,data\raw\catalogs\2022-2023\2022-2023_Catalog.docx
2022-2023,SOCI 2336,SOCI,2336,True,ACADEMIC,RESOLVED_FROM_CATALOG_MARKER,,ACADEMIC,RESOLVED,data\raw\catalogs\2022-2023\2022-2023_Catalog.docx
2022-2023,SOCI 2340,SOCI,2340,True,ACADEMIC,RESOLVED_FROM_CATALOG_MARKER,,ACADEMIC,RESOLVED,data\raw\catalogs\2022-2023\2022-2023_Catalog.docx
2022-2023,SPAN 1311,SPAN,1311,True,ACADEMIC,RESOLVED_FROM_CATALOG_MARKER,,ACADEMIC,RESOLVED,data\raw\catalogs\2022-2023\2022-2023_Catalog.docx
2022-2023,SPAN 1312,SPAN,1312,True,ACADEMIC,RESOLVED_FROM_CATALOG_MARKER,,ACADEMIC,RESOLVED,data\raw\catalogs\2022-2023\2022-2023_Catalog.docx
2022-2023,SPCH 1311,SPCH,1311,True,ACADEMIC,RESOLVED_FROM_CATALOG_MARKER,,ACADEMIC,RESOLVED,data\raw\catalogs\2022-2023\2022-2023_Catalog.docx
2022-2023,SPCH 1315,SPCH,1315,True,ACADEMIC,RESOLVED_FROM_CATALOG_MARKER,,ACADEMIC,RESOLVED,data\raw\catalogs\2022-2023\2022-2023_Catalog.docx
2022-2023,SPCH 1318,SPCH,1318,True,ACADEMIC,RESOLVED_FROM_CATALOG_MARKER,,ACADEMIC,RESOLVED,data\raw\catalogs\2022-2023\2022-2023_Catalog.docx
2022-2023,SPCH 1321,SPCH,1321,True,ACADEMIC,RESOLVED_FROM_CATALOG_MARKER,,ACADEMIC,RESOLVED,data\raw\catalogs\2022-2023\2022-2023_Catalog.docx
2022-2023,SPCH 2335,SPCH,2335,True,ACADEMIC,RESOLVED_FROM_CATALOG_MARKER,,ACADEMIC,RESOLVED,data\raw\catalogs\2022-2023\2022-2023_Catalog.docx
2022-2023,SPCH 2341,SPCH,2341,True,ACADEMIC,RESOLVED_FROM_CATALOG_MARKER,,ACADEMIC,RESOLVED,data\raw\catalogs\2022-2023\2022-2023_Catalog.docx
2022-2023,TECM 1303,TECM,1303,False,TECHNICAL,RESOLVED_NOT_ACADEMIC,,TECHNICAL,RESOLVED,data\raw\catalogs\2022-2023\2022-2023_Catalog.docx
2022-2023,VNSG 1122,VNSG,1122,False,TECHNICAL,RESOLVED_NOT_ACADEMIC,,TECHNICAL,RESOLVED,data\raw\catalogs\2022-2023\2022-2023_Catalog.docx
2022-2023,VNSG 1136,VNSG,1136,False,TECHNICAL,RESOLVED_NOT_ACADEMIC,,TECHNICAL,RESOLVED,data\raw\catalogs\2022-2023\2022-2023_Catalog.docx
2022-2023,VNSG 1138,VNSG,1138,False,TECHNICAL,RESOLVED_NOT_ACADEMIC,,TECHNICAL,RESOLVED,data\raw\catalogs\2022-2023\2022-2023_Catalog.docx
2022-2023,VNSG 1160,VNSG,1160,False,TECHNICAL,RESOLVED_NOT_ACADEMIC,,TECHNICAL,RESOLVED,data\raw\catalogs\2022-2023\2022-2023_Catalog.docx
2022-2023,VNSG 1227,VNSG,1227,False,TECHNICAL,RESOLVED_NOT_ACADEMIC,,TECHNICAL,RESOLVED,data\raw\catalogs\2022-2023\2022-2023_Catalog.docx
2022-2023,VNSG 1230,VNSG,1230,False,TECHNICAL,RESOLVED_NOT_ACADEMIC,,TECHNICAL,RESOLVED,data\raw\catalogs\2022-2023\2022-2023_Catalog.docx
2022-2023,VNSG 1231,VNSG,1231,False,TECHNICAL,RESOLVED_NOT_ACADEMIC,,TECHNICAL,RESOLVED,data\raw\catalogs\2022-2023\2022-2023_Catalog.docx
2022-2023,VNSG 1234,VNSG,1234,False,TECHNICAL,RESOLVED_NOT_ACADEMIC,,TECHNICAL,RESOLVED,data\raw\catalogs\2022-2023\2022-2023_Catalog.docx
2022-2023,VNSG 1323,VNSG,1323,False,TECHNICAL,RESOLVED_NOT_ACADEMIC,,TECHNICAL,RESOLVED,data\raw\catalogs\2022-2023\2022-2023_Catalog.docx
2022-2023,VNSG 1402,VNSG,1402,False,TECHNICAL,RESOLVED_NOT_ACADEMIC,,TECHNICAL,RESOLVED,data\raw\catalogs\2022-2023\2022-2023_Catalog.docx
2022-2023,VNSG 1423,VNSG,1423,False,TECHNICAL,RESOLVED_NOT_ACADEMIC,,TECHNICAL,RESOLVED,data\raw\catalogs\2022-2023\2022-2023_Catalog.docx
2022-2023,VNSG 1461,VNSG,1461,False,TECHNICAL,RESOLVED_NOT_ACADEMIC,,TECHNICAL,RESOLVED,data\raw\catalogs\2022-2023\2022-2023_Catalog.docx
2022-2023,VNSG 1462,VNSG,1462,False,TECHNICAL,RESOLVED_NOT_ACADEMIC,,TECHNICAL,RESOLVED,data\raw\catalogs\2022-2023\2022-2023_Catalog.docx
2022-2023,VNSG 2214,VNSG,2214,False,TECHNICAL,RESOLVED_NOT_ACADEMIC,,TECHNICAL,RESOLVED,data\raw\catalogs\2022-2023\2022-2023_Catalog.docx
2022-2023,VNSG 2413,VNSG,2413,False,TECHNICAL,RESOLVED_NOT_ACADEMIC,,TECHNICAL,RESOLVED,data\raw\catalogs\2022-2023\2022-2023_Catalog.docx
2022-2023,VNSG 2463,VNSG,2463,False,TECHNICAL,RESOLVED_NOT_ACADEMIC,,TECHNICAL,RESOLVED,data\raw\catalogs\2022-2023\2022-2023_Catalog.docx
2022-2023,WLDG 1323,WLDG,1323,False,TECHNICAL,RESOLVED_NOT_ACADEMIC,,TECHNICAL,RESOLVED,data\raw\catalogs\2022-2023\2022-2023_Catalog.docx
2022-2023,WLDG 1327,WLDG,1327,False,TECHNICAL,RESOLVED_NOT_ACADEMIC,,TECHNICAL,RESOLVED,data\raw\catalogs\2022-2023\2022-2023_Catalog.docx
2022-2023,WLDG 1421,WLDG,1421,False,TECHNICAL,RESOLVED_NOT_ACADEMIC,,TECHNICAL,RESOLVED,data\raw\catalogs\2022-2023\2022-2023_Catalog.docx
2022-2023,WLDG 1428,WLDG,1428,False,TECHNICAL,RESOLVED_NOT_ACADEMIC,,TECHNICAL,RESOLVED,data\raw\catalogs\2022-2023\2022-2023_Catalog.docx
2022-2023,WLDG 1434,WLDG,1434,False,TECHNICAL,RESOLVED_NOT_ACADEMIC,,TECHNICAL,RESOLVED,data\raw\catalogs\2022-2023\2022-2023_Catalog.docx
2022-2023,WLDG 1437,WLDG,1437,False,TECHNICAL,RESOLVED_NOT_ACADEMIC,,TECHNICAL,RESOLVED,data\raw\catalogs\2022-2023\2022-2023_Catalog.docx
2022-2023,WLDG 1457,WLDG,1457,False,TECHNICAL,RESOLVED_NOT_ACADEMIC,,TECHNICAL,RESOLVED,data\raw\catalogs\2022-2023\2022-2023_Catalog.docx
2022-2023,WLDG 2406,WLDG,2406,False,TECHNICAL,RESOLVED_NOT_ACADEMIC,,TECHNICAL,RESOLVED,data\raw\catalogs\2022-2023\2022-2023_Catalog.docx
2022-2023,WLDG 2413,WLDG,2413,False,TECHNICAL,RESOLVED_NOT_ACADEMIC,,TECHNICAL,RESOLVED,data\raw\catalogs\2022-2023\2022-2023_Catalog.docx
2022-2023,WLDG 2443,WLDG,2443,False,TECHNICAL,RESOLVED_NOT_ACADEMIC,,TECHNICAL,RESOLVED,data\raw\catalogs\2022-2023\2022-2023_Catalog.docx
2022-2023,WLDG 2488,WLDG,2488,False,TECHNICAL,RESOLVED_NOT_ACADEMIC,,TECHNICAL,RESOLVED,data\raw\catalogs\2022-2023\2022-2023_Catalog.docx
2022-2023,WLDG 2489,WLDG,2489,False,TECHNICAL,RESOLVED_NOT_ACADEMIC,,TECHNICAL,RESOLVED,data\raw\catalogs\2022-2023\2022-2023_Catalog.docx
2023-2024,ACCT 2301,ACCT,2301,True,ACADEMIC,RESOLVED_FROM_CATALOG_MARKER,,ACADEMIC,RESOLVED,data\raw\catalogs\2023-2024\2023-2024_Catalog.docx
2023-2024,ACCT 2302,ACCT,2302,True,ACADEMIC,RESOLVED_FROM_CATALOG_MARKER,,ACADEMIC,RESOLVED,data\raw\catalogs\2023-2024\2023-2024_Catalog.docx
2023-2024,ACNT 1311,ACNT,1311,False,TECHNICAL,RESOLVED_NOT_ACADEMIC,,TECHNICAL,RESOLVED,data\raw\catalogs\2023-2024\2023-2024_Catalog.docx
2023-2024,ACNT 1329,ACNT,1329,False,TECHNICAL,RESOLVED_NOT_ACADEMIC,,TECHNICAL,RESOLVED,data\raw\catalogs\2023-2024\2023-2024_Catalog.docx
2023-2024,ANTH 2351,ANTH,2351,True,ACADEMIC,RESOLVED_FROM_CATALOG_MARKER,,ACADEMIC,RESOLVED,data\raw\catalogs\2023-2024\2023-2024_Catalog.docx
2023-2024,ARTC 1325,ARTC,1325,False,TECHNICAL,RESOLVED_NOT_ACADEMIC,,TECHNICAL,RESOLVED,data\raw\catalogs\2023-2024\2023-2024_Catalog.docx
2023-2024,ARTC 1353,ARTC,1353,False,TECHNICAL,RESOLVED_NOT_ACADEMIC,,TECHNICAL,RESOLVED,data\raw\catalogs\2023-2024\2023-2024_Catalog.docx
2023-2024,ARTS 1301,ARTS,1301,True,ACADEMIC,RESOLVED_FROM_CATALOG_MARKER,,ACADEMIC,RESOLVED,data\raw\catalogs\2023-2024\2023-2024_Catalog.docx
2023-2024,ARTS 1311,ARTS,1311,True,ACADEMIC,RESOLVED_FROM_CATALOG_MARKER,,ACADEMIC,RESOLVED,data\raw\catalogs\2023-2024\2023-2024_Catalog.docx
2023-2024,ARTS 1316,ARTS,1316,True,ACADEMIC,RESOLVED_FROM_CATALOG_MARKER,,ACADEMIC,RESOLVED,data\raw\catalogs\2023-2024\2023-2024_Catalog.docx
2023-2024,AUMT 1305,AUMT,1305,False,TECHNICAL,RESOLVED_NOT_ACADEMIC,,TECHNICAL,RESOLVED,data\raw\catalogs\2023-2024\2023-2024_Catalog.docx
2023-2024,AUMT 1349,AUMT,1349,False,TECHNICAL,RESOLVED_NOT_ACADEMIC,,TECHNICAL,RESOLVED,data\raw\catalogs\2023-2024\2023-2024_Catalog.docx
2023-2024,AUMT 1407,AUMT,1407,False,TECHNICAL,RESOLVED_NOT_ACADEMIC,,TECHNICAL,RESOLVED,data\raw\catalogs\2023-2024\2023-2024_Catalog.docx
2023-2024,AUMT 1410,AUMT,1410,False,TECHNICAL,RESOLVED_NOT_ACADEMIC,,TECHNICAL,RESOLVED,data\raw\catalogs\2023-2024\2023-2024_Catalog.docx
2023-2024,AUMT 1419,AUMT,1419,False,TECHNICAL,RESOLVED_NOT_ACADEMIC,,TECHNICAL,RESOLVED,data\raw\catalogs\2023-2024\2023-2024_Catalog.docx
2023-2024,AUMT 1445,AUMT,1445,False,TECHNICAL,RESOLVED_NOT_ACADEMIC,,TECHNICAL,RESOLVED,data\raw\catalogs\2023-2024\2023-2024_Catalog.docx
2023-2024,AUMT 2402,AUMT,2402,False,TECHNICAL,RESOLVED_NOT_ACADEMIC,,TECHNICAL,RESOLVED,data\raw\catalogs\2023-2024\2023-2024_Catalog.docx
2023-2024,AUMT 2413,AUMT,2413,False,TECHNICAL,RESOLVED_NOT_ACADEMIC,,TECHNICAL,RESOLVED,data\raw\catalogs\2023-2024\2023-2024_Catalog.docx
2023-2024,BIOL 1322,BIOL,1322,True,ACADEMIC,RESOLVED_FROM_CATALOG_MARKER,,ACADEMIC,RESOLVED,data\raw\catalogs\2023-2024\2023-2024_Catalog.docx
2023-2024,BIOL 1406,BIOL,1406,True,ACADEMIC,RESOLVED_FROM_CATALOG_MARKER,,ACADEMIC,RESOLVED,data\raw\catalogs\2023-2024\2023-2024_Catalog.docx
2023-2024,BIOL 1407,BIOL,1407,True,ACADEMIC,RESOLVED_FROM_CATALOG_MARKER,,ACADEMIC,RESOLVED,data\raw\catalogs\2023-2024\2023-2024_Catalog.docx
2023-2024,BIOL 1408,BIOL,1408,True,ACADEMIC,RESOLVED_FROM_CATALOG_MARKER,,ACADEMIC,RESOLVED,data\raw\catalogs\2023-2024\2023-2024_Catalog.docx
2023-2024,BIOL 1409,BIOL,1409,True,ACADEMIC,RESOLVED_FROM_CATALOG_MARKER,,ACADEMIC,RESOLVED,data\raw\catalogs\2023-2024\2023-2024_Catalog.docx
2023-2024,BIOL 1411,BIOL,1411,True,ACADEMIC,AUTHORIZED_ACADEMIC_CORRECTION,Catalog course description omitted AC marker; course is an academic TCCNS course.,UNKNOWN,REVIEW_REQUIRED,data\raw\catalogs\2023-2024\2023-2024_Catalog.docx
2023-2024,BIOL 1413,BIOL,1413,True,ACADEMIC,RESOLVED_FROM_CATALOG_MARKER,,ACADEMIC,RESOLVED,data\raw\catalogs\2023-2024\2023-2024_Catalog.docx
2023-2024,BIOL 2401,BIOL,2401,True,ACADEMIC,RESOLVED_FROM_CATALOG_MARKER,,ACADEMIC,RESOLVED,data\raw\catalogs\2023-2024\2023-2024_Catalog.docx
2023-2024,BIOL 2402,BIOL,2402,True,ACADEMIC,RESOLVED_FROM_CATALOG_MARKER,,ACADEMIC,RESOLVED,data\raw\catalogs\2023-2024\2023-2024_Catalog.docx
2023-2024,BIOL 2404,BIOL,2404,True,ACADEMIC,RESOLVED_FROM_CATALOG_MARKER,,ACADEMIC,RESOLVED,data\raw\catalogs\2023-2024\2023-2024_Catalog.docx
2023-2024,BIOL 2406,BIOL,2406,True,ACADEMIC,RESOLVED_FROM_CATALOG_MARKER,,ACADEMIC,RESOLVED,data\raw\catalogs\2023-2024\2023-2024_Catalog.docx
2023-2024,BIOL 2420,BIOL,2420,True,ACADEMIC,RESOLVED_FROM_CATALOG_MARKER,,ACADEMIC,RESOLVED,data\raw\catalogs\2023-2024\2023-2024_Catalog.docx
2023-2024,BMGT 1301,BMGT,1301,False,TECHNICAL,RESOLVED_NOT_ACADEMIC,,TECHNICAL,RESOLVED,data\raw\catalogs\2023-2024\2023-2024_Catalog.docx
2023-2024,BMGT 1309,BMGT,1309,False,TECHNICAL,RESOLVED_NOT_ACADEMIC,,TECHNICAL,RESOLVED,data\raw\catalogs\2023-2024\2023-2024_Catalog.docx
2023-2024,BMGT 1327,BMGT,1327,False,TECHNICAL,RESOLVED_NOT_ACADEMIC,,TECHNICAL,RESOLVED,data\raw\catalogs\2023-2024\2023-2024_Catalog.docx
2023-2024,BMGT 2341,BMGT,2341,False,TECHNICAL,RESOLVED_NOT_ACADEMIC,,TECHNICAL,RESOLVED,data\raw\catalogs\2023-2024\2023-2024_Catalog.docx
2023-2024,BUSG 1301,BUSG,1301,False,TECHNICAL,RESOLVED_NOT_ACADEMIC,,TECHNICAL,RESOLVED,data\raw\catalogs\2023-2024\2023-2024_Catalog.docx
2023-2024,BUSG 2309,BUSG,2309,False,TECHNICAL,RESOLVED_NOT_ACADEMIC,,TECHNICAL,RESOLVED,data\raw\catalogs\2023-2024\2023-2024_Catalog.docx
2023-2024,BUSI 1301,BUSI,1301,True,ACADEMIC,RESOLVED_FROM_CATALOG_MARKER,,ACADEMIC,RESOLVED,data\raw\catalogs\2023-2024\2023-2024_Catalog.docx
2023-2024,BUSI 1307,BUSI,1307,True,ACADEMIC,RESOLVED_FROM_CATALOG_MARKER,,ACADEMIC,RESOLVED,data\raw\catalogs\2023-2024\2023-2024_Catalog.docx
2023-2024,BUSI 2301,BUSI,2301,True,ACADEMIC,RESOLVED_FROM_CATALOG_MARKER,,ACADEMIC,RESOLVED,data\raw\catalogs\2023-2024\2023-2024_Catalog.docx
2023-2024,BUSI 2304,BUSI,2304,True,ACADEMIC,RESOLVED_FROM_CATALOG_MARKER,,ACADEMIC,RESOLVED,data\raw\catalogs\2023-2024\2023-2024_Catalog.docx
2023-2024,CETT 1403,CETT,1403,False,TECHNICAL,RESOLVED_NOT_ACADEMIC,,TECHNICAL,RESOLVED,data\raw\catalogs\2023-2024\2023-2024_Catalog.docx
2023-2024,CETT 1405,CETT,1405,False,TECHNICAL,RESOLVED_NOT_ACADEMIC,,TECHNICAL,RESOLVED,data\raw\catalogs\2023-2024\2023-2024_Catalog.docx
2023-2024,CETT 1415,CETT,1415,False,TECHNICAL,RESOLVED_NOT_ACADEMIC,,TECHNICAL,RESOLVED,data\raw\catalogs\2023-2024\2023-2024_Catalog.docx
2023-2024,CETT 1441,CETT,1441,False,TECHNICAL,RESOLVED_NOT_ACADEMIC,,TECHNICAL,RESOLVED,data\raw\catalogs\2023-2024\2023-2024_Catalog.docx
2023-2024,CHEM 1406,CHEM,1406,True,ACADEMIC,RESOLVED_FROM_CATALOG_MARKER,,ACADEMIC,RESOLVED,data\raw\catalogs\2023-2024\2023-2024_Catalog.docx
2023-2024,CHEM 1407,CHEM,1407,True,ACADEMIC,RESOLVED_FROM_CATALOG_MARKER,,ACADEMIC,RESOLVED,data\raw\catalogs\2023-2024\2023-2024_Catalog.docx
2023-2024,CHEM 1411,CHEM,1411,True,ACADEMIC,RESOLVED_FROM_CATALOG_MARKER,,ACADEMIC,RESOLVED,data\raw\catalogs\2023-2024\2023-2024_Catalog.docx
2023-2024,CHEM 1412,CHEM,1412,True,ACADEMIC,RESOLVED_FROM_CATALOG_MARKER,,ACADEMIC,RESOLVED,data\raw\catalogs\2023-2024\2023-2024_Catalog.docx
2023-2024,CJCR 1307,CJCR,1307,False,TECHNICAL,RESOLVED_NOT_ACADEMIC,,TECHNICAL,RESOLVED,data\raw\catalogs\2023-2024\2023-2024_Catalog.docx
2023-2024,CJCR 1381,CJCR,1381,False,TECHNICAL,RESOLVED_NOT_ACADEMIC,,TECHNICAL,RESOLVED,data\raw\catalogs\2023-2024\2023-2024_Catalog.docx
2023-2024,CJSA 1312,CJSA,1312,False,TECHNICAL,RESOLVED_NOT_ACADEMIC,,TECHNICAL,RESOLVED,data\raw\catalogs\2023-2024\2023-2024_Catalog.docx
2023-2024,CJSA 1313,CJSA,1313,False,TECHNICAL,RESOLVED_NOT_ACADEMIC,,TECHNICAL,RESOLVED,data\raw\catalogs\2023-2024\2023-2024_Catalog.docx
2023-2024,CJSA 1317,CJSA,1317,False,TECHNICAL,RESOLVED_NOT_ACADEMIC,,TECHNICAL,RESOLVED,data\raw\catalogs\2023-2024\2023-2024_Catalog.docx
2023-2024,CJSA 1322,CJSA,1322,False,TECHNICAL,RESOLVED_NOT_ACADEMIC,,TECHNICAL,RESOLVED,data\raw\catalogs\2023-2024\2023-2024_Catalog.docx
2023-2024,CJSA 1327,CJSA,1327,False,TECHNICAL,RESOLVED_NOT_ACADEMIC,,TECHNICAL,RESOLVED,data\raw\catalogs\2023-2024\2023-2024_Catalog.docx
2023-2024,CJSA 1342,CJSA,1342,False,TECHNICAL,RESOLVED_NOT_ACADEMIC,,TECHNICAL,RESOLVED,data\raw\catalogs\2023-2024\2023-2024_Catalog.docx
2023-2024,CJSA 1359,CJSA,1359,False,TECHNICAL,RESOLVED_NOT_ACADEMIC,,TECHNICAL,RESOLVED,data\raw\catalogs\2023-2024\2023-2024_Catalog.docx
2023-2024,CNBT 1210,CNBT,1210,False,TECHNICAL,RESOLVED_NOT_ACADEMIC,,TECHNICAL,RESOLVED,data\raw\catalogs\2023-2024\2023-2024_Catalog.docx
2023-2024,CNBT 1300,CNBT,1300,False,TECHNICAL,RESOLVED_NOT_ACADEMIC,,TECHNICAL,RESOLVED,data\raw\catalogs\2023-2024\2023-2024_Catalog.docx
2023-2024,CNBT 1342,CNBT,1342,False,TECHNICAL,RESOLVED_NOT_ACADEMIC,,TECHNICAL,RESOLVED,data\raw\catalogs\2023-2024\2023-2024_Catalog.docx
2023-2024,CNBT 1346,CNBT,1346,False,TECHNICAL,RESOLVED_NOT_ACADEMIC,,TECHNICAL,RESOLVED,data\raw\catalogs\2023-2024\2023-2024_Catalog.docx
2023-2024,CNBT 1411,CNBT,1411,False,TECHNICAL,RESOLVED_NOT_ACADEMIC,,TECHNICAL,RESOLVED,data\raw\catalogs\2023-2024\2023-2024_Catalog.docx
2023-2024,CNBT 2344,CNBT,2344,False,TECHNICAL,RESOLVED_NOT_ACADEMIC,,TECHNICAL,RESOLVED,data\raw\catalogs\2023-2024\2023-2024_Catalog.docx
2023-2024,COMM 1307,COMM,1307,True,ACADEMIC,RESOLVED_FROM_CATALOG_MARKER,,ACADEMIC,RESOLVED,data\raw\catalogs\2023-2024\2023-2024_Catalog.docx
2023-2024,COMM 2311,COMM,2311,True,ACADEMIC,RESOLVED_FROM_CATALOG_MARKER,,ACADEMIC,RESOLVED,data\raw\catalogs\2023-2024\2023-2024_Catalog.docx
2023-2024,COSC 1301,COSC,1301,True,ACADEMIC,RESOLVED_FROM_CATALOG_MARKER,,ACADEMIC,RESOLVED,data\raw\catalogs\2023-2024\2023-2024_Catalog.docx
2023-2024,COSC 1436,COSC,1436,True,ACADEMIC,RESOLVED_FROM_CATALOG_MARKER,,ACADEMIC,RESOLVED,data\raw\catalogs\2023-2024\2023-2024_Catalog.docx
2023-2024,COSC 1437,COSC,1437,True,ACADEMIC,RESOLVED_FROM_CATALOG_MARKER,,ACADEMIC,RESOLVED,data\raw\catalogs\2023-2024\2023-2024_Catalog.docx
2023-2024,COSC 2425,COSC,2425,True,ACADEMIC,RESOLVED_FROM_CATALOG_MARKER,,ACADEMIC,RESOLVED,data\raw\catalogs\2023-2024\2023-2024_Catalog.docx
2023-2024,CPMT 2302,CPMT,2302,False,TECHNICAL,RESOLVED_NOT_ACADEMIC,,TECHNICAL,RESOLVED,data\raw\catalogs\2023-2024\2023-2024_Catalog.docx
2023-2024,CRIJ 1301,CRIJ,1301,True,ACADEMIC,RESOLVED_FROM_CATALOG_MARKER,,ACADEMIC,RESOLVED,data\raw\catalogs\2023-2024\2023-2024_Catalog.docx
2023-2024,CRIJ 1306,CRIJ,1306,True,ACADEMIC,RESOLVED_FROM_CATALOG_MARKER,,ACADEMIC,RESOLVED,data\raw\catalogs\2023-2024\2023-2024_Catalog.docx
2023-2024,CRIJ 1307,CRIJ,1307,True,ACADEMIC,RESOLVED_FROM_CATALOG_MARKER,,ACADEMIC,RESOLVED,data\raw\catalogs\2023-2024\2023-2024_Catalog.docx
2023-2024,CRIJ 1310,CRIJ,1310,True,ACADEMIC,RESOLVED_FROM_CATALOG_MARKER,,ACADEMIC,RESOLVED,data\raw\catalogs\2023-2024\2023-2024_Catalog.docx
2023-2024,CRIJ 1313,CRIJ,1313,True,ACADEMIC,RESOLVED_FROM_CATALOG_MARKER,,ACADEMIC,RESOLVED,data\raw\catalogs\2023-2024\2023-2024_Catalog.docx
2023-2024,CRIJ 2301,CRIJ,2301,True,ACADEMIC,RESOLVED_FROM_CATALOG_MARKER,,ACADEMIC,RESOLVED,data\raw\catalogs\2023-2024\2023-2024_Catalog.docx
2023-2024,CRIJ 2313,CRIJ,2313,True,ACADEMIC,RESOLVED_FROM_CATALOG_MARKER,,ACADEMIC,RESOLVED,data\raw\catalogs\2023-2024\2023-2024_Catalog.docx
2023-2024,CRIJ 2314,CRIJ,2314,True,ACADEMIC,RESOLVED_FROM_CATALOG_MARKER,,ACADEMIC,RESOLVED,data\raw\catalogs\2023-2024\2023-2024_Catalog.docx
2023-2024,CRIJ 2328,CRIJ,2328,True,ACADEMIC,RESOLVED_FROM_CATALOG_MARKER,,ACADEMIC,RESOLVED,data\raw\catalogs\2023-2024\2023-2024_Catalog.docx
2023-2024,CRTR 1202,CRTR,1202,False,TECHNICAL,RESOLVED_NOT_ACADEMIC,,TECHNICAL,RESOLVED,data\raw\catalogs\2023-2024\2023-2024_Catalog.docx
2023-2024,CRTR 1308,CRTR,1308,False,TECHNICAL,RESOLVED_NOT_ACADEMIC,,TECHNICAL,RESOLVED,data\raw\catalogs\2023-2024\2023-2024_Catalog.docx
2023-2024,CRTR 1312,CRTR,1312,False,TECHNICAL,RESOLVED_NOT_ACADEMIC,,TECHNICAL,RESOLVED,data\raw\catalogs\2023-2024\2023-2024_Catalog.docx
2023-2024,CRTR 1314,CRTR,1314,False,TECHNICAL,RESOLVED_NOT_ACADEMIC,,TECHNICAL,RESOLVED,data\raw\catalogs\2023-2024\2023-2024_Catalog.docx
2023-2024,CRTR 1404,CRTR,1404,False,TECHNICAL,RESOLVED_NOT_ACADEMIC,,TECHNICAL,RESOLVED,data\raw\catalogs\2023-2024\2023-2024_Catalog.docx
2023-2024,CRTR 1406,CRTR,1406,False,TECHNICAL,RESOLVED_NOT_ACADEMIC,,TECHNICAL,RESOLVED,data\raw\catalogs\2023-2024\2023-2024_Catalog.docx
2023-2024,CRTR 2206,CRTR,2206,False,TECHNICAL,RESOLVED_NOT_ACADEMIC,,TECHNICAL,RESOLVED,data\raw\catalogs\2023-2024\2023-2024_Catalog.docx
2023-2024,CRTR 2280,CRTR,2280,False,TECHNICAL,RESOLVED_NOT_ACADEMIC,,TECHNICAL,RESOLVED,data\raw\catalogs\2023-2024\2023-2024_Catalog.docx
2023-2024,CRTR 2286,CRTR,2286,False,TECHNICAL,RESOLVED_NOT_ACADEMIC,,TECHNICAL,RESOLVED,data\raw\catalogs\2023-2024\2023-2024_Catalog.docx
2023-2024,CRTR 2303,CRTR,2303,False,TECHNICAL,RESOLVED_NOT_ACADEMIC,,TECHNICAL,RESOLVED,data\raw\catalogs\2023-2024\2023-2024_Catalog.docx
2023-2024,CRTR 2311,CRTR,2311,False,TECHNICAL,RESOLVED_NOT_ACADEMIC,,TECHNICAL,RESOLVED,data\raw\catalogs\2023-2024\2023-2024_Catalog.docx
2023-2024,CRTR 2312,CRTR,2312,False,TECHNICAL,RESOLVED_NOT_ACADEMIC,,TECHNICAL,RESOLVED,data\raw\catalogs\2023-2024\2023-2024_Catalog.docx
2023-2024,CRTR 2331,CRTR,2331,False,TECHNICAL,RESOLVED_NOT_ACADEMIC,,TECHNICAL,RESOLVED,data\raw\catalogs\2023-2024\2023-2024_Catalog.docx
2023-2024,CRTR 2335,CRTR,2335,False,TECHNICAL,RESOLVED_NOT_ACADEMIC,,TECHNICAL,RESOLVED,data\raw\catalogs\2023-2024\2023-2024_Catalog.docx
2023-2024,CRTR 2401,CRTR,2401,False,TECHNICAL,RESOLVED_NOT_ACADEMIC,,TECHNICAL,RESOLVED,data\raw\catalogs\2023-2024\2023-2024_Catalog.docx
2023-2024,CSME 1401,CSME,1401,False,TECHNICAL,RESOLVED_NOT_ACADEMIC,,TECHNICAL,RESOLVED,data\raw\catalogs\2023-2024\2023-2024_Catalog.docx
2023-2024,CSME 1405,CSME,1405,False,TECHNICAL,RESOLVED_NOT_ACADEMIC,,TECHNICAL,RESOLVED,data\raw\catalogs\2023-2024\2023-2024_Catalog.docx
2023-2024,CSME 1410,CSME,1410,False,TECHNICAL,RESOLVED_NOT_ACADEMIC,,TECHNICAL,RESOLVED,data\raw\catalogs\2023-2024\2023-2024_Catalog.docx
2023-2024,CSME 1443,CSME,1443,False,TECHNICAL,RESOLVED_NOT_ACADEMIC,,TECHNICAL,RESOLVED,data\raw\catalogs\2023-2024\2023-2024_Catalog.docx
2023-2024,CSME 1447,CSME,1447,False,TECHNICAL,RESOLVED_NOT_ACADEMIC,,TECHNICAL,RESOLVED,data\raw\catalogs\2023-2024\2023-2024_Catalog.docx
2023-2024,CSME 1453,CSME,1453,False,TECHNICAL,RESOLVED_NOT_ACADEMIC,,TECHNICAL,RESOLVED,data\raw\catalogs\2023-2024\2023-2024_Catalog.docx
2023-2024,CSME 2401,CSME,2401,False,TECHNICAL,RESOLVED_NOT_ACADEMIC,,TECHNICAL,RESOLVED,data\raw\catalogs\2023-2024\2023-2024_Catalog.docx
2023-2024,CSME 2541,CSME,2541,False,TECHNICAL,RESOLVED_NOT_ACADEMIC,,TECHNICAL,RESOLVED,data\raw\catalogs\2023-2024\2023-2024_Catalog.docx
2023-2024,CTEC 2445,CTEC,2445,False,TECHNICAL,RESOLVED_NOT_ACADEMIC,,TECHNICAL,RESOLVED,data\raw\catalogs\2023-2024\2023-2024_Catalog.docx
2023-2024,CTEC 2480,CTEC,2480,False,TECHNICAL,RESOLVED_NOT_ACADEMIC,,TECHNICAL,RESOLVED,data\raw\catalogs\2023-2024\2023-2024_Catalog.docx
2023-2024,CVOP 1145,CVOP,1145,False,TECHNICAL,RESOLVED_NOT_ACADEMIC,,TECHNICAL,RESOLVED,data\raw\catalogs\2023-2024\2023-2024_Catalog.docx
2023-2024,CVOP 1201,CVOP,1201,False,TECHNICAL,RESOLVED_NOT_ACADEMIC,,TECHNICAL,RESOLVED,data\raw\catalogs\2023-2024\2023-2024_Catalog.docx
2023-2024,DIRW 0400,DIRW,0400,False,COLLEGE_PREPARATORY,RESOLVED_NOT_ACADEMIC,,COLLEGE_PREPARATORY,RESOLVED,data\raw\catalogs\2023-2024\2023-2024_Catalog.docx
2023-2024,DMTH 0300,DMTH,0300,False,COLLEGE_PREPARATORY,RESOLVED_NOT_ACADEMIC,,COLLEGE_PREPARATORY,RESOLVED,data\raw\catalogs\2023-2024\2023-2024_Catalog.docx
2023-2024,DMTH 0301,DMTH,0301,False,COLLEGE_PREPARATORY,RESOLVED_NOT_ACADEMIC,,COLLEGE_PREPARATORY,RESOLVED,data\raw\catalogs\2023-2024\2023-2024_Catalog.docx
2023-2024,DMTH 0314,DMTH,0314,False,COLLEGE_PREPARATORY,RESOLVED_NOT_ACADEMIC,,COLLEGE_PREPARATORY,RESOLVED,data\raw\catalogs\2023-2024\2023-2024_Catalog.docx
2023-2024,DMTH 0332,DMTH,0332,False,COLLEGE_PREPARATORY,RESOLVED_NOT_ACADEMIC,,COLLEGE_PREPARATORY,RESOLVED,data\raw\catalogs\2023-2024\2023-2024_Catalog.docx
2023-2024,DNTA 1103,DNTA,1103,False,TECHNICAL,RESOLVED_NOT_ACADEMIC,,TECHNICAL,RESOLVED,data\raw\catalogs\2023-2024\2023-2024_Catalog.docx
2023-2024,DNTA 1202,DNTA,1202,False,TECHNICAL,RESOLVED_NOT_ACADEMIC,,TECHNICAL,RESOLVED,data\raw\catalogs\2023-2024\2023-2024_Catalog.docx
2023-2024,DNTA 1213,DNTA,1213,False,TECHNICAL,RESOLVED_NOT_ACADEMIC,,TECHNICAL,RESOLVED,data\raw\catalogs\2023-2024\2023-2024_Catalog.docx
2023-2024,DNTA 1241,DNTA,1241,False,TECHNICAL,RESOLVED_NOT_ACADEMIC,,TECHNICAL,RESOLVED,data\raw\catalogs\2023-2024\2023-2024_Catalog.docx
2023-2024,DNTA 1245,DNTA,1245,False,TECHNICAL,RESOLVED_NOT_ACADEMIC,,TECHNICAL,RESOLVED,data\raw\catalogs\2023-2024\2023-2024_Catalog.docx
2023-2024,DNTA 1249,DNTA,1249,False,TECHNICAL,RESOLVED_NOT_ACADEMIC,,TECHNICAL,RESOLVED,data\raw\catalogs\2023-2024\2023-2024_Catalog.docx
2023-2024,DNTA 1251,DNTA,1251,False,TECHNICAL,RESOLVED_NOT_ACADEMIC,,TECHNICAL,RESOLVED,data\raw\catalogs\2023-2024\2023-2024_Catalog.docx
2023-2024,DNTA 1305,DNTA,1305,False,TECHNICAL,RESOLVED_NOT_ACADEMIC,,TECHNICAL,RESOLVED,data\raw\catalogs\2023-2024\2023-2024_Catalog.docx
2023-2024,DNTA 1311,DNTA,1311,False,TECHNICAL,RESOLVED_NOT_ACADEMIC,,TECHNICAL,RESOLVED,data\raw\catalogs\2023-2024\2023-2024_Catalog.docx
2023-2024,DNTA 1315,DNTA,1315,False,TECHNICAL,RESOLVED_NOT_ACADEMIC,,TECHNICAL,RESOLVED,data\raw\catalogs\2023-2024\2023-2024_Catalog.docx
2023-2024,DNTA 1353,DNTA,1353,False,TECHNICAL,RESOLVED_NOT_ACADEMIC,,TECHNICAL,RESOLVED,data\raw\catalogs\2023-2024\2023-2024_Catalog.docx
2023-2024,DNTA 1401,DNTA,1401,False,TECHNICAL,RESOLVED_NOT_ACADEMIC,,TECHNICAL,RESOLVED,data\raw\catalogs\2023-2024\2023-2024_Catalog.docx
2023-2024,DNTA 1447,DNTA,1447,False,TECHNICAL,RESOLVED_NOT_ACADEMIC,,TECHNICAL,RESOLVED,data\raw\catalogs\2023-2024\2023-2024_Catalog.docx
2023-2024,DNTA 1660,DNTA,1660,False,TECHNICAL,RESOLVED_NOT_ACADEMIC,,TECHNICAL,RESOLVED,data\raw\catalogs\2023-2024\2023-2024_Catalog.docx
2023-2024,DNTA 2461,DNTA,2461,False,TECHNICAL,RESOLVED_NOT_ACADEMIC,,TECHNICAL,RESOLVED,data\raw\catalogs\2023-2024\2023-2024_Catalog.docx
2023-2024,DRAM 1310,DRAM,1310,True,ACADEMIC,RESOLVED_FROM_CATALOG_MARKER,,ACADEMIC,RESOLVED,data\raw\catalogs\2023-2024\2023-2024_Catalog.docx
2023-2024,ECON 2301,ECON,2301,True,ACADEMIC,RESOLVED_FROM_CATALOG_MARKER,,ACADEMIC,RESOLVED,data\raw\catalogs\2023-2024\2023-2024_Catalog.docx
2023-2024,ECON 2302,ECON,2302,True,ACADEMIC,RESOLVED_FROM_CATALOG_MARKER,,ACADEMIC,RESOLVED,data\raw\catalogs\2023-2024\2023-2024_Catalog.docx
2023-2024,ECRD 1211,ECRD,1211,False,TECHNICAL,RESOLVED_NOT_ACADEMIC,,TECHNICAL,RESOLVED,data\raw\catalogs\2023-2024\2023-2024_Catalog.docx
2023-2024,EDUC 1300,EDUC,1300,True,ACADEMIC,RESOLVED_FROM_CATALOG_MARKER,,ACADEMIC,RESOLVED,data\raw\catalogs\2023-2024\2023-2024_Catalog.docx
2023-2024,EDUC 1301,EDUC,1301,True,ACADEMIC,RESOLVED_FROM_CATALOG_MARKER,,ACADEMIC,RESOLVED,data\raw\catalogs\2023-2024\2023-2024_Catalog.docx
2023-2024,EDUC 2301,EDUC,2301,True,ACADEMIC,RESOLVED_FROM_CATALOG_MARKER,,ACADEMIC,RESOLVED,data\raw\catalogs\2023-2024\2023-2024_Catalog.docx
2023-2024,ELPT 1411,ELPT,1411,False,TECHNICAL,RESOLVED_NOT_ACADEMIC,,TECHNICAL,RESOLVED,data\raw\catalogs\2023-2024\2023-2024_Catalog.docx
2023-2024,EMSP 1208,EMSP,1208,False,TECHNICAL,RESOLVED_NOT_ACADEMIC,,TECHNICAL,RESOLVED,data\raw\catalogs\2023-2024\2023-2024_Catalog.docx
2023-2024,EMSP 1260,EMSP,1260,False,TECHNICAL,RESOLVED_NOT_ACADEMIC,,TECHNICAL,RESOLVED,data\raw\catalogs\2023-2024\2023-2024_Catalog.docx
2023-2024,EMSP 1338,EMSP,1338,False,TECHNICAL,RESOLVED_NOT_ACADEMIC,,TECHNICAL,RESOLVED,data\raw\catalogs\2023-2024\2023-2024_Catalog.docx
2023-2024,EMSP 1355,EMSP,1355,False,TECHNICAL,RESOLVED_NOT_ACADEMIC,,TECHNICAL,RESOLVED,data\raw\catalogs\2023-2024\2023-2024_Catalog.docx
2023-2024,EMSP 1356,EMSP,1356,False,TECHNICAL,RESOLVED_NOT_ACADEMIC,,TECHNICAL,RESOLVED,data\raw\catalogs\2023-2024\2023-2024_Catalog.docx
2023-2024,EMSP 1362,EMSP,1362,False,TECHNICAL,RESOLVED_NOT_ACADEMIC,,TECHNICAL,RESOLVED,data\raw\catalogs\2023-2024\2023-2024_Catalog.docx
2023-2024,EMSP 1501,EMSP,1501,False,TECHNICAL,RESOLVED_NOT_ACADEMIC,,TECHNICAL,RESOLVED,data\raw\catalogs\2023-2024\2023-2024_Catalog.docx
2023-2024,EMSP 2243,EMSP,2243,False,TECHNICAL,RESOLVED_NOT_ACADEMIC,,TECHNICAL,RESOLVED,data\raw\catalogs\2023-2024\2023-2024_Catalog.docx
2023-2024,EMSP 2260,EMSP,2260,False,TECHNICAL,RESOLVED_NOT_ACADEMIC,,TECHNICAL,RESOLVED,data\raw\catalogs\2023-2024\2023-2024_Catalog.docx
2023-2024,EMSP 2262,EMSP,2262,False,TECHNICAL,RESOLVED_NOT_ACADEMIC,,TECHNICAL,RESOLVED,data\raw\catalogs\2023-2024\2023-2024_Catalog.docx
2023-2024,EMSP 2264,EMSP,2264,False,TECHNICAL,RESOLVED_NOT_ACADEMIC,,TECHNICAL,RESOLVED,data\raw\catalogs\2023-2024\2023-2024_Catalog.docx
2023-2024,EMSP 2305,EMSP,2305,False,TECHNICAL,RESOLVED_NOT_ACADEMIC,,TECHNICAL,RESOLVED,data\raw\catalogs\2023-2024\2023-2024_Catalog.docx
2023-2024,EMSP 2306,EMSP,2306,False,TECHNICAL,RESOLVED_NOT_ACADEMIC,,TECHNICAL,RESOLVED,data\raw\catalogs\2023-2024\2023-2024_Catalog.docx
2023-2024,EMSP 2330,EMSP,2330,False,TECHNICAL,RESOLVED_NOT_ACADEMIC,,TECHNICAL,RESOLVED,data\raw\catalogs\2023-2024\2023-2024_Catalog.docx
2023-2024,EMSP 2434,EMSP,2434,False,TECHNICAL,RESOLVED_NOT_ACADEMIC,,TECHNICAL,RESOLVED,data\raw\catalogs\2023-2024\2023-2024_Catalog.docx
2023-2024,EMSP 2444,EMSP,2444,False,TECHNICAL,RESOLVED_NOT_ACADEMIC,,TECHNICAL,RESOLVED,data\raw\catalogs\2023-2024\2023-2024_Catalog.docx
2023-2024,ENGL 1301,ENGL,1301,True,ACADEMIC,RESOLVED_FROM_CATALOG_MARKER,,ACADEMIC,RESOLVED,data\raw\catalogs\2023-2024\2023-2024_Catalog.docx
2023-2024,ENGL 1302,ENGL,1302,True,ACADEMIC,RESOLVED_FROM_CATALOG_MARKER,,ACADEMIC,RESOLVED,data\raw\catalogs\2023-2024\2023-2024_Catalog.docx
2023-2024,ENGL 2307,ENGL,2307,True,ACADEMIC,RESOLVED_FROM_CATALOG_MARKER,,ACADEMIC,RESOLVED,data\raw\catalogs\2023-2024\2023-2024_Catalog.docx
2023-2024,ENGL 2322,ENGL,2322,True,ACADEMIC,RESOLVED_FROM_CATALOG_MARKER,,ACADEMIC,RESOLVED,data\raw\catalogs\2023-2024\2023-2024_Catalog.docx
2023-2024,ENGL 2323,ENGL,2323,True,ACADEMIC,RESOLVED_FROM_CATALOG_MARKER,,ACADEMIC,RESOLVED,data\raw\catalogs\2023-2024\2023-2024_Catalog.docx
2023-2024,ENGL 2326,ENGL,2326,True,ACADEMIC,RESOLVED_FROM_CATALOG_MARKER,,ACADEMIC,RESOLVED,data\raw\catalogs\2023-2024\2023-2024_Catalog.docx
2023-2024,ENGL 2331,ENGL,2331,True,ACADEMIC,RESOLVED_FROM_CATALOG_MARKER,,ACADEMIC,RESOLVED,data\raw\catalogs\2023-2024\2023-2024_Catalog.docx
2023-2024,ENGL 2341,ENGL,2341,True,ACADEMIC,RESOLVED_FROM_CATALOG_MARKER,,ACADEMIC,RESOLVED,data\raw\catalogs\2023-2024\2023-2024_Catalog.docx
2023-2024,ENGR 2301,ENGR,2301,True,ACADEMIC,RESOLVED_FROM_CATALOG_MARKER,,ACADEMIC,RESOLVED,data\raw\catalogs\2023-2024\2023-2024_Catalog.docx
2023-2024,ENGR 2332,ENGR,2332,True,ACADEMIC,RESOLVED_FROM_CATALOG_MARKER,,ACADEMIC,RESOLVED,data\raw\catalogs\2023-2024\2023-2024_Catalog.docx
2023-2024,EPCT 1301,EPCT,1301,False,TECHNICAL,RESOLVED_NOT_ACADEMIC,,TECHNICAL,RESOLVED,data\raw\catalogs\2023-2024\2023-2024_Catalog.docx
2023-2024,EPCT 1305,EPCT,1305,False,TECHNICAL,RESOLVED_NOT_ACADEMIC,,TECHNICAL,RESOLVED,data\raw\catalogs\2023-2024\2023-2024_Catalog.docx
2023-2024,EPCT 1341,EPCT,1341,False,TECHNICAL,RESOLVED_NOT_ACADEMIC,,TECHNICAL,RESOLVED,data\raw\catalogs\2023-2024\2023-2024_Catalog.docx
2023-2024,EPCT 1349,EPCT,1349,False,TECHNICAL,RESOLVED_NOT_ACADEMIC,,TECHNICAL,RESOLVED,data\raw\catalogs\2023-2024\2023-2024_Catalog.docx
2023-2024,EPCT 2489,EPCT,2489,False,TECHNICAL,RESOLVED_NOT_ACADEMIC,,TECHNICAL,RESOLVED,data\raw\catalogs\2023-2024\2023-2024_Catalog.docx
2023-2024,FDNS 1345,FDNS,1345,False,TECHNICAL,RESOLVED_NOT_ACADEMIC,,TECHNICAL,RESOLVED,data\raw\catalogs\2023-2024\2023-2024_Catalog.docx
2023-2024,FORS 2440,FORS,2440,True,ACADEMIC,RESOLVED_FROM_CATALOG_MARKER,,ACADEMIC,RESOLVED,data\raw\catalogs\2023-2024\2023-2024_Catalog.docx
2023-2024,FORS 2450,FORS,2450,True,ACADEMIC,RESOLVED_FROM_CATALOG_MARKER,,ACADEMIC,RESOLVED,data\raw\catalogs\2023-2024\2023-2024_Catalog.docx
2023-2024,GEOG 1301,GEOG,1301,True,ACADEMIC,RESOLVED_FROM_CATALOG_MARKER,,ACADEMIC,RESOLVED,data\raw\catalogs\2023-2024\2023-2024_Catalog.docx
2023-2024,GEOG 1302,GEOG,1302,True,ACADEMIC,RESOLVED_FROM_CATALOG_MARKER,,ACADEMIC,RESOLVED,data\raw\catalogs\2023-2024\2023-2024_Catalog.docx
2023-2024,GEOL 1403,GEOL,1403,True,ACADEMIC,RESOLVED_FROM_CATALOG_MARKER,,ACADEMIC,RESOLVED,data\raw\catalogs\2023-2024\2023-2024_Catalog.docx
2023-2024,GEOL 1404,GEOL,1404,True,ACADEMIC,RESOLVED_FROM_CATALOG_MARKER,,ACADEMIC,RESOLVED,data\raw\catalogs\2023-2024\2023-2024_Catalog.docx
2023-2024,GOVT 2304,GOVT,2304,True,ACADEMIC,RESOLVED_FROM_CATALOG_MARKER,,ACADEMIC,RESOLVED,data\raw\catalogs\2023-2024\2023-2024_Catalog.docx
2023-2024,GOVT 2305,GOVT,2305,True,ACADEMIC,RESOLVED_FROM_CATALOG_MARKER,,ACADEMIC,RESOLVED,data\raw\catalogs\2023-2024\2023-2024_Catalog.docx
2023-2024,GOVT 2306,GOVT,2306,True,ACADEMIC,RESOLVED_FROM_CATALOG_MARKER,,ACADEMIC,RESOLVED,data\raw\catalogs\2023-2024\2023-2024_Catalog.docx
2023-2024,HART 1341,HART,1341,False,TECHNICAL,RESOLVED_NOT_ACADEMIC,,TECHNICAL,RESOLVED,data\raw\catalogs\2023-2024\2023-2024_Catalog.docx
2023-2024,HART 1345,HART,1345,False,TECHNICAL,RESOLVED_NOT_ACADEMIC,,TECHNICAL,RESOLVED,data\raw\catalogs\2023-2024\2023-2024_Catalog.docx
2023-2024,HART 1401,HART,1401,False,TECHNICAL,RESOLVED_NOT_ACADEMIC,,TECHNICAL,RESOLVED,data\raw\catalogs\2023-2024\2023-2024_Catalog.docx
2023-2024,HART 1403,HART,1403,False,TECHNICAL,RESOLVED_NOT_ACADEMIC,,TECHNICAL,RESOLVED,data\raw\catalogs\2023-2024\2023-2024_Catalog.docx
2023-2024,HART 1407,HART,1407,False,TECHNICAL,RESOLVED_NOT_ACADEMIC,,TECHNICAL,RESOLVED,data\raw\catalogs\2023-2024\2023-2024_Catalog.docx
2023-2024,HART 2436,HART,2436,False,TECHNICAL,RESOLVED_NOT_ACADEMIC,,TECHNICAL,RESOLVED,data\raw\catalogs\2023-2024\2023-2024_Catalog.docx
2023-2024,HART 2438,HART,2438,False,TECHNICAL,RESOLVED_NOT_ACADEMIC,,TECHNICAL,RESOLVED,data\raw\catalogs\2023-2024\2023-2024_Catalog.docx
2023-2024,HART 2445,HART,2445,False,TECHNICAL,RESOLVED_NOT_ACADEMIC,,TECHNICAL,RESOLVED,data\raw\catalogs\2023-2024\2023-2024_Catalog.docx
2023-2024,HIST 1301,HIST,1301,True,ACADEMIC,RESOLVED_FROM_CATALOG_MARKER,,ACADEMIC,RESOLVED,data\raw\catalogs\2023-2024\2023-2024_Catalog.docx
2023-2024,HIST 1302,HIST,1302,True,ACADEMIC,RESOLVED_FROM_CATALOG_MARKER,,ACADEMIC,RESOLVED,data\raw\catalogs\2023-2024\2023-2024_Catalog.docx
2023-2024,HIST 2301,HIST,2301,True,ACADEMIC,RESOLVED_FROM_CATALOG_MARKER,,ACADEMIC,RESOLVED,data\raw\catalogs\2023-2024\2023-2024_Catalog.docx
2023-2024,HIST 2321,HIST,2321,True,ACADEMIC,RESOLVED_FROM_CATALOG_MARKER,,ACADEMIC,RESOLVED,data\raw\catalogs\2023-2024\2023-2024_Catalog.docx
2023-2024,HIST 2322,HIST,2322,True,ACADEMIC,RESOLVED_FROM_CATALOG_MARKER,,ACADEMIC,RESOLVED,data\raw\catalogs\2023-2024\2023-2024_Catalog.docx
2023-2024,HITT 1305,HITT,1305,False,TECHNICAL,RESOLVED_NOT_ACADEMIC,,TECHNICAL,RESOLVED,data\raw\catalogs\2023-2024\2023-2024_Catalog.docx
2023-2024,HUMA 1315,HUMA,1315,True,ACADEMIC,RESOLVED_FROM_CATALOG_MARKER,,ACADEMIC,RESOLVED,data\raw\catalogs\2023-2024\2023-2024_Catalog.docx
2023-2024,HYDR 1445,HYDR,1445,False,TECHNICAL,RESOLVED_NOT_ACADEMIC,,TECHNICAL,RESOLVED,data\raw\catalogs\2023-2024\2023-2024_Catalog.docx
2023-2024,INCR 1402,INCR,1402,False,TECHNICAL,RESOLVED_NOT_ACADEMIC,,TECHNICAL,RESOLVED,data\raw\catalogs\2023-2024\2023-2024_Catalog.docx
2023-2024,INCR 1442,INCR,1442,False,TECHNICAL,RESOLVED_NOT_ACADEMIC,,TECHNICAL,RESOLVED,data\raw\catalogs\2023-2024\2023-2024_Catalog.docx
2023-2024,INMT 2301,INMT,2301,False,TECHNICAL,RESOLVED_NOT_ACADEMIC,,TECHNICAL,RESOLVED,data\raw\catalogs\2023-2024\2023-2024_Catalog.docx
2023-2024,INMT 2303,INMT,2303,False,TECHNICAL,RESOLVED_NOT_ACADEMIC,,TECHNICAL,RESOLVED,data\raw\catalogs\2023-2024\2023-2024_Catalog.docx
2023-2024,INMT 2345,INMT,2345,False,TECHNICAL,RESOLVED_NOT_ACADEMIC,,TECHNICAL,RESOLVED,data\raw\catalogs\2023-2024\2023-2024_Catalog.docx
2023-2024,INTC 1301,INTC,1301,False,TECHNICAL,RESOLVED_NOT_ACADEMIC,,TECHNICAL,RESOLVED,data\raw\catalogs\2023-2024\2023-2024_Catalog.docx
2023-2024,INTC 1358,INTC,1358,False,TECHNICAL,RESOLVED_NOT_ACADEMIC,,TECHNICAL,RESOLVED,data\raw\catalogs\2023-2024\2023-2024_Catalog.docx
2023-2024,INTC 1457,INTC,1457,False,TECHNICAL,RESOLVED_NOT_ACADEMIC,,TECHNICAL,RESOLVED,data\raw\catalogs\2023-2024\2023-2024_Catalog.docx
2023-2024,INTC 2480,INTC,2480,False,TECHNICAL,RESOLVED_NOT_ACADEMIC,,TECHNICAL,RESOLVED,data\raw\catalogs\2023-2024\2023-2024_Catalog.docx
2023-2024,INTC 2488,INTC,2488,False,TECHNICAL,RESOLVED_NOT_ACADEMIC,,TECHNICAL,RESOLVED,data\raw\catalogs\2023-2024\2023-2024_Catalog.docx
2023-2024,ITCC 1314,ITCC,1314,False,TECHNICAL,RESOLVED_NOT_ACADEMIC,,TECHNICAL,RESOLVED,data\raw\catalogs\2023-2024\2023-2024_Catalog.docx
2023-2024,ITCC 1344,ITCC,1344,False,TECHNICAL,RESOLVED_NOT_ACADEMIC,,TECHNICAL,RESOLVED,data\raw\catalogs\2023-2024\2023-2024_Catalog.docx
2023-2024,ITCC 2320,ITCC,2320,False,TECHNICAL,RESOLVED_NOT_ACADEMIC,,TECHNICAL,RESOLVED,data\raw\catalogs\2023-2024\2023-2024_Catalog.docx
2023-2024,ITDF 1300,ITDF,1300,False,TECHNICAL,RESOLVED_NOT_ACADEMIC,,TECHNICAL,RESOLVED,data\raw\catalogs\2023-2024\2023-2024_Catalog.docx
2023-2024,ITNW 1313,ITNW,1313,False,TECHNICAL,RESOLVED_NOT_ACADEMIC,,TECHNICAL,RESOLVED,data\raw\catalogs\2023-2024\2023-2024_Catalog.docx
2023-2024,ITNW 1336,ITNW,1336,False,TECHNICAL,RESOLVED_NOT_ACADEMIC,,TECHNICAL,RESOLVED,data\raw\catalogs\2023-2024\2023-2024_Catalog.docx
2023-2024,ITNW 1354,ITNW,1354,False,TECHNICAL,RESOLVED_NOT_ACADEMIC,,TECHNICAL,RESOLVED,data\raw\catalogs\2023-2024\2023-2024_Catalog.docx
2023-2024,ITSC 1325,ITSC,1325,False,TECHNICAL,RESOLVED_NOT_ACADEMIC,,TECHNICAL,RESOLVED,data\raw\catalogs\2023-2024\2023-2024_Catalog.docx
2023-2024,ITSC 2387,ITSC,2387,False,TECHNICAL,RESOLVED_NOT_ACADEMIC,,TECHNICAL,RESOLVED,data\raw\catalogs\2023-2024\2023-2024_Catalog.docx
2023-2024,ITSE 1331,ITSE,1331,False,UNKNOWN,CONSERVATIVE_EXCLUSION_UNRESOLVED,No authoritative academic marker; excluded from academic-elective eligibility.,UNKNOWN,REVIEW_REQUIRED,data\raw\catalogs\2023-2024\2023-2024_Catalog.docx
2023-2024,ITSE 1345,ITSE,1345,False,TECHNICAL,RESOLVED_NOT_ACADEMIC,,TECHNICAL,RESOLVED,data\raw\catalogs\2023-2024\2023-2024_Catalog.docx
2023-2024,ITSE 1359,ITSE,1359,False,TECHNICAL,RESOLVED_NOT_ACADEMIC,,TECHNICAL,RESOLVED,data\raw\catalogs\2023-2024\2023-2024_Catalog.docx
2023-2024,ITSW 1304,ITSW,1304,False,TECHNICAL,RESOLVED_NOT_ACADEMIC,,TECHNICAL,RESOLVED,data\raw\catalogs\2023-2024\2023-2024_Catalog.docx
2023-2024,ITSY 1342,ITSY,1342,False,TECHNICAL,RESOLVED_NOT_ACADEMIC,,TECHNICAL,RESOLVED,data\raw\catalogs\2023-2024\2023-2024_Catalog.docx
2023-2024,ITSY 2343,ITSY,2343,False,TECHNICAL,RESOLVED_NOT_ACADEMIC,,TECHNICAL,RESOLVED,data\raw\catalogs\2023-2024\2023-2024_Catalog.docx
2023-2024,LMGT 1319,LMGT,1319,False,TECHNICAL,RESOLVED_NOT_ACADEMIC,,TECHNICAL,RESOLVED,data\raw\catalogs\2023-2024\2023-2024_Catalog.docx
2023-2024,LMGT 1321,LMGT,1321,False,TECHNICAL,RESOLVED_NOT_ACADEMIC,,TECHNICAL,RESOLVED,data\raw\catalogs\2023-2024\2023-2024_Catalog.docx
2023-2024,LMGT 1323,LMGT,1323,False,TECHNICAL,RESOLVED_NOT_ACADEMIC,,TECHNICAL,RESOLVED,data\raw\catalogs\2023-2024\2023-2024_Catalog.docx
2023-2024,LMGT 1325,LMGT,1325,False,TECHNICAL,RESOLVED_NOT_ACADEMIC,,TECHNICAL,RESOLVED,data\raw\catalogs\2023-2024\2023-2024_Catalog.docx
2023-2024,LMGT 1345,LMGT,1345,False,TECHNICAL,RESOLVED_NOT_ACADEMIC,,TECHNICAL,RESOLVED,data\raw\catalogs\2023-2024\2023-2024_Catalog.docx
2023-2024,LMGT 2334,LMGT,2334,False,TECHNICAL,RESOLVED_NOT_ACADEMIC,,TECHNICAL,RESOLVED,data\raw\catalogs\2023-2024\2023-2024_Catalog.docx
2023-2024,LMGT 2388,LMGT,2388,False,TECHNICAL,RESOLVED_NOT_ACADEMIC,,TECHNICAL,RESOLVED,data\raw\catalogs\2023-2024\2023-2024_Catalog.docx
2023-2024,MATH 1314,MATH,1314,True,ACADEMIC,RESOLVED_FROM_CATALOG_MARKER,,ACADEMIC,RESOLVED,data\raw\catalogs\2023-2024\2023-2024_Catalog.docx
2023-2024,MATH 1316,MATH,1316,True,ACADEMIC,RESOLVED_FROM_CATALOG_MARKER,,ACADEMIC,RESOLVED,data\raw\catalogs\2023-2024\2023-2024_Catalog.docx
2023-2024,MATH 1324,MATH,1324,True,ACADEMIC,RESOLVED_FROM_CATALOG_MARKER,,ACADEMIC,RESOLVED,data\raw\catalogs\2023-2024\2023-2024_Catalog.docx
2023-2024,MATH 1325,MATH,1325,True,ACADEMIC,RESOLVED_FROM_CATALOG_MARKER,,ACADEMIC,RESOLVED,data\raw\catalogs\2023-2024\2023-2024_Catalog.docx
2023-2024,MATH 1332,MATH,1332,True,ACADEMIC,RESOLVED_FROM_CATALOG_MARKER,,ACADEMIC,RESOLVED,data\raw\catalogs\2023-2024\2023-2024_Catalog.docx
2023-2024,MATH 1342,MATH,1342,True,ACADEMIC,RESOLVED_FROM_CATALOG_MARKER,,ACADEMIC,RESOLVED,data\raw\catalogs\2023-2024\2023-2024_Catalog.docx
2023-2024,MATH 1350,MATH,1350,True,ACADEMIC,RESOLVED_FROM_CATALOG_MARKER,,ACADEMIC,RESOLVED,data\raw\catalogs\2023-2024\2023-2024_Catalog.docx
2023-2024,MATH 1351,MATH,1351,True,ACADEMIC,RESOLVED_FROM_CATALOG_MARKER,,ACADEMIC,RESOLVED,data\raw\catalogs\2023-2024\2023-2024_Catalog.docx
2023-2024,MATH 2305,MATH,2305,True,ACADEMIC,RESOLVED_FROM_CATALOG_MARKER,,ACADEMIC,RESOLVED,data\raw\catalogs\2023-2024\2023-2024_Catalog.docx
2023-2024,MATH 2312,MATH,2312,True,ACADEMIC,RESOLVED_FROM_CATALOG_MARKER,,ACADEMIC,RESOLVED,data\raw\catalogs\2023-2024\2023-2024_Catalog.docx
2023-2024,MATH 2318,MATH,2318,True,ACADEMIC,RESOLVED_FROM_CATALOG_MARKER,,ACADEMIC,RESOLVED,data\raw\catalogs\2023-2024\2023-2024_Catalog.docx
2023-2024,MATH 2320,MATH,2320,True,ACADEMIC,RESOLVED_FROM_CATALOG_MARKER,,ACADEMIC,RESOLVED,data\raw\catalogs\2023-2024\2023-2024_Catalog.docx
2023-2024,MATH 2413,MATH,2413,True,ACADEMIC,RESOLVED_FROM_CATALOG_MARKER,,ACADEMIC,RESOLVED,data\raw\catalogs\2023-2024\2023-2024_Catalog.docx
2023-2024,MATH 2414,MATH,2414,True,ACADEMIC,RESOLVED_FROM_CATALOG_MARKER,,ACADEMIC,RESOLVED,data\raw\catalogs\2023-2024\2023-2024_Catalog.docx
2023-2024,MATH 2415,MATH,2415,True,ACADEMIC,RESOLVED_FROM_CATALOG_MARKER,,ACADEMIC,RESOLVED,data\raw\catalogs\2023-2024\2023-2024_Catalog.docx
2023-2024,MCHN 1338,MCHN,1338,False,TECHNICAL,RESOLVED_NOT_ACADEMIC,,TECHNICAL,RESOLVED,data\raw\catalogs\2023-2024\2023-2024_Catalog.docx
2023-2024,MRKG 1301,MRKG,1301,False,TECHNICAL,RESOLVED_NOT_ACADEMIC,,TECHNICAL,RESOLVED,data\raw\catalogs\2023-2024\2023-2024_Catalog.docx
2023-2024,MRKG 1311,MRKG,1311,False,TECHNICAL,RESOLVED_NOT_ACADEMIC,,TECHNICAL,RESOLVED,data\raw\catalogs\2023-2024\2023-2024_Catalog.docx
2023-2024,MSSG 1105,MSSG,1105,False,TECHNICAL,RESOLVED_NOT_ACADEMIC,,TECHNICAL,RESOLVED,data\raw\catalogs\2023-2024\2023-2024_Catalog.docx
2023-2024,MSSG 1109,MSSG,1109,False,TECHNICAL,RESOLVED_NOT_ACADEMIC,,TECHNICAL,RESOLVED,data\raw\catalogs\2023-2024\2023-2024_Catalog.docx
2023-2024,MSSG 1207,MSSG,1207,False,TECHNICAL,RESOLVED_NOT_ACADEMIC,,TECHNICAL,RESOLVED,data\raw\catalogs\2023-2024\2023-2024_Catalog.docx
2023-2024,MSSG 1411,MSSG,1411,False,TECHNICAL,RESOLVED_NOT_ACADEMIC,,TECHNICAL,RESOLVED,data\raw\catalogs\2023-2024\2023-2024_Catalog.docx
2023-2024,MSSG 1413,MSSG,1413,False,TECHNICAL,RESOLVED_NOT_ACADEMIC,,TECHNICAL,RESOLVED,data\raw\catalogs\2023-2024\2023-2024_Catalog.docx
2023-2024,MSSG 2186,MSSG,2186,False,TECHNICAL,RESOLVED_NOT_ACADEMIC,,TECHNICAL,RESOLVED,data\raw\catalogs\2023-2024\2023-2024_Catalog.docx
2023-2024,MSSG 2311,MSSG,2311,False,TECHNICAL,RESOLVED_NOT_ACADEMIC,,TECHNICAL,RESOLVED,data\raw\catalogs\2023-2024\2023-2024_Catalog.docx
2023-2024,MSSG 2314,MSSG,2314,False,TECHNICAL,RESOLVED_NOT_ACADEMIC,,TECHNICAL,RESOLVED,data\raw\catalogs\2023-2024\2023-2024_Catalog.docx
2023-2024,MSSG 2413,MSSG,2413,False,TECHNICAL,RESOLVED_NOT_ACADEMIC,,TECHNICAL,RESOLVED,data\raw\catalogs\2023-2024\2023-2024_Catalog.docx
2023-2024,MUSI 1181,MUSI,1181,True,ACADEMIC,RESOLVED_FROM_CATALOG_MARKER,,ACADEMIC,RESOLVED,data\raw\catalogs\2023-2024\2023-2024_Catalog.docx
2023-2024,MUSI 1183,MUSI,1183,True,ACADEMIC,RESOLVED_FROM_CATALOG_MARKER,,ACADEMIC,RESOLVED,data\raw\catalogs\2023-2024\2023-2024_Catalog.docx
2023-2024,MUSI 1306,MUSI,1306,True,ACADEMIC,RESOLVED_FROM_CATALOG_MARKER,,ACADEMIC,RESOLVED,data\raw\catalogs\2023-2024\2023-2024_Catalog.docx
2023-2024,NAUT 1264,NAUT,1264,False,TECHNICAL,RESOLVED_NOT_ACADEMIC,,TECHNICAL,RESOLVED,data\raw\catalogs\2023-2024\2023-2024_Catalog.docx
2023-2024,NAUT 1305,NAUT,1305,False,TECHNICAL,RESOLVED_NOT_ACADEMIC,,TECHNICAL,RESOLVED,data\raw\catalogs\2023-2024\2023-2024_Catalog.docx
2023-2024,NAUT 1315,NAUT,1315,False,TECHNICAL,RESOLVED_NOT_ACADEMIC,,TECHNICAL,RESOLVED,data\raw\catalogs\2023-2024\2023-2024_Catalog.docx
2023-2024,NAUT 1320,NAUT,1320,False,TECHNICAL,RESOLVED_NOT_ACADEMIC,,TECHNICAL,RESOLVED,data\raw\catalogs\2023-2024\2023-2024_Catalog.docx
2023-2024,NAUT 1343,NAUT,1343,False,TECHNICAL,RESOLVED_NOT_ACADEMIC,,TECHNICAL,RESOLVED,data\raw\catalogs\2023-2024\2023-2024_Catalog.docx
2023-2024,NAUT 1345,NAUT,1345,False,TECHNICAL,RESOLVED_NOT_ACADEMIC,,TECHNICAL,RESOLVED,data\raw\catalogs\2023-2024\2023-2024_Catalog.docx
2023-2024,NAUT 1350,NAUT,1350,False,TECHNICAL,RESOLVED_NOT_ACADEMIC,,TECHNICAL,RESOLVED,data\raw\catalogs\2023-2024\2023-2024_Catalog.docx
2023-2024,NAUT 2205,NAUT,2205,False,TECHNICAL,RESOLVED_NOT_ACADEMIC,,TECHNICAL,RESOLVED,data\raw\catalogs\2023-2024\2023-2024_Catalog.docx
2023-2024,NAUT 2265,NAUT,2265,False,TECHNICAL,RESOLVED_NOT_ACADEMIC,,TECHNICAL,RESOLVED,data\raw\catalogs\2023-2024\2023-2024_Catalog.docx
2023-2024,NAUT 2310,NAUT,2310,False,TECHNICAL,RESOLVED_NOT_ACADEMIC,,TECHNICAL,RESOLVED,data\raw\catalogs\2023-2024\2023-2024_Catalog.docx
2023-2024,NAUT 2312,NAUT,2312,False,TECHNICAL,RESOLVED_NOT_ACADEMIC,,TECHNICAL,RESOLVED,data\raw\catalogs\2023-2024\2023-2024_Catalog.docx
2023-2024,NAUT 2315,NAUT,2315,False,TECHNICAL,RESOLVED_NOT_ACADEMIC,,TECHNICAL,RESOLVED,data\raw\catalogs\2023-2024\2023-2024_Catalog.docx
2023-2024,NAUT 2320,NAUT,2320,False,TECHNICAL,RESOLVED_NOT_ACADEMIC,,TECHNICAL,RESOLVED,data\raw\catalogs\2023-2024\2023-2024_Catalog.docx
2023-2024,NAUT 2325,NAUT,2325,False,TECHNICAL,RESOLVED_NOT_ACADEMIC,,TECHNICAL,RESOLVED,data\raw\catalogs\2023-2024\2023-2024_Catalog.docx
2023-2024,NCBM 0114,NCBM,0114,False,COLLEGE_PREPARATORY,RESOLVED_NOT_ACADEMIC,,COLLEGE_PREPARATORY,RESOLVED,data\raw\catalogs\2023-2024\2023-2024_Catalog.docx
2023-2024,NURA 1160,NURA,1160,False,TECHNICAL,RESOLVED_NOT_ACADEMIC,,TECHNICAL,RESOLVED,data\raw\catalogs\2023-2024\2023-2024_Catalog.docx
2023-2024,NURA 1301,NURA,1301,False,TECHNICAL,RESOLVED_NOT_ACADEMIC,,TECHNICAL,RESOLVED,data\raw\catalogs\2023-2024\2023-2024_Catalog.docx
2023-2024,OSHT 2401,OSHT,2401,False,TECHNICAL,RESOLVED_NOT_ACADEMIC,,TECHNICAL,RESOLVED,data\raw\catalogs\2023-2024\2023-2024_Catalog.docx
2023-2024,PHIL 1301,PHIL,1301,True,ACADEMIC,RESOLVED_FROM_CATALOG_MARKER,,ACADEMIC,RESOLVED,data\raw\catalogs\2023-2024\2023-2024_Catalog.docx
2023-2024,PHIL 2321,PHIL,2321,True,ACADEMIC,RESOLVED_FROM_CATALOG_MARKER,,ACADEMIC,RESOLVED,data\raw\catalogs\2023-2024\2023-2024_Catalog.docx
2023-2024,PHRA 1301,PHRA,1301,False,TECHNICAL,RESOLVED_NOT_ACADEMIC,,TECHNICAL,RESOLVED,data\raw\catalogs\2023-2024\2023-2024_Catalog.docx
2023-2024,PHRA 1304,PHRA,1304,False,TECHNICAL,RESOLVED_NOT_ACADEMIC,,TECHNICAL,RESOLVED,data\raw\catalogs\2023-2024\2023-2024_Catalog.docx
2023-2024,PHRA 1305,PHRA,1305,False,TECHNICAL,RESOLVED_NOT_ACADEMIC,,TECHNICAL,RESOLVED,data\raw\catalogs\2023-2024\2023-2024_Catalog.docx
2023-2024,PHRA 1309,PHRA,1309,False,TECHNICAL,RESOLVED_NOT_ACADEMIC,,TECHNICAL,RESOLVED,data\raw\catalogs\2023-2024\2023-2024_Catalog.docx
2023-2024,PHRA 1313,PHRA,1313,False,TECHNICAL,RESOLVED_NOT_ACADEMIC,,TECHNICAL,RESOLVED,data\raw\catalogs\2023-2024\2023-2024_Catalog.docx
2023-2024,PHRA 1349,PHRA,1349,False,TECHNICAL,RESOLVED_NOT_ACADEMIC,,TECHNICAL,RESOLVED,data\raw\catalogs\2023-2024\2023-2024_Catalog.docx
2023-2024,PHRA 1445,PHRA,1445,False,TECHNICAL,RESOLVED_NOT_ACADEMIC,,TECHNICAL,RESOLVED,data\raw\catalogs\2023-2024\2023-2024_Catalog.docx
2023-2024,PHRA 2360,PHRA,2360,False,TECHNICAL,RESOLVED_NOT_ACADEMIC,,TECHNICAL,RESOLVED,data\raw\catalogs\2023-2024\2023-2024_Catalog.docx
2023-2024,PHRA 2361,PHRA,2361,False,TECHNICAL,RESOLVED_NOT_ACADEMIC,,TECHNICAL,RESOLVED,data\raw\catalogs\2023-2024\2023-2024_Catalog.docx
2023-2024,PHYS 1401,PHYS,1401,True,ACADEMIC,RESOLVED_FROM_CATALOG_MARKER,,ACADEMIC,RESOLVED,data\raw\catalogs\2023-2024\2023-2024_Catalog.docx
2023-2024,PHYS 1405,PHYS,1405,True,ACADEMIC,RESOLVED_FROM_CATALOG_MARKER,,ACADEMIC,RESOLVED,data\raw\catalogs\2023-2024\2023-2024_Catalog.docx
2023-2024,PHYS 1407,PHYS,1407,True,ACADEMIC,RESOLVED_FROM_CATALOG_MARKER,,ACADEMIC,RESOLVED,data\raw\catalogs\2023-2024\2023-2024_Catalog.docx
2023-2024,PHYS 2425,PHYS,2425,True,ACADEMIC,RESOLVED_FROM_CATALOG_MARKER,,ACADEMIC,RESOLVED,data\raw\catalogs\2023-2024\2023-2024_Catalog.docx
2023-2024,PHYS 2426,PHYS,2426,True,ACADEMIC,AUTHORIZED_ACADEMIC_CORRECTION,Catalog course description omitted AC marker; course is an academic TCCNS course.,UNKNOWN,REVIEW_REQUIRED,data\raw\catalogs\2023-2024\2023-2024_Catalog.docx
2023-2024,PLAB 1160,PLAB,1160,False,TECHNICAL,RESOLVED_NOT_ACADEMIC,,TECHNICAL,RESOLVED,data\raw\catalogs\2023-2024\2023-2024_Catalog.docx
2023-2024,PLAB 1223,PLAB,1223,False,TECHNICAL,RESOLVED_NOT_ACADEMIC,,TECHNICAL,RESOLVED,data\raw\catalogs\2023-2024\2023-2024_Catalog.docx
2023-2024,PSYC 1300,PSYC,1300,True,ACADEMIC,RESOLVED_FROM_CATALOG_MARKER,,ACADEMIC,RESOLVED,data\raw\catalogs\2023-2024\2023-2024_Catalog.docx
2023-2024,PSYC 2301,PSYC,2301,True,ACADEMIC,RESOLVED_FROM_CATALOG_MARKER,,ACADEMIC,RESOLVED,data\raw\catalogs\2023-2024\2023-2024_Catalog.docx
2023-2024,PSYC 2307,PSYC,2307,True,ACADEMIC,RESOLVED_FROM_CATALOG_MARKER,,ACADEMIC,RESOLVED,data\raw\catalogs\2023-2024\2023-2024_Catalog.docx
2023-2024,PSYC 2308,PSYC,2308,True,ACADEMIC,RESOLVED_FROM_CATALOG_MARKER,,ACADEMIC,RESOLVED,data\raw\catalogs\2023-2024\2023-2024_Catalog.docx
2023-2024,PSYC 2314,PSYC,2314,True,ACADEMIC,RESOLVED_FROM_CATALOG_MARKER,,ACADEMIC,RESOLVED,data\raw\catalogs\2023-2024\2023-2024_Catalog.docx
2023-2024,PTAC 1302,PTAC,1302,False,TECHNICAL,RESOLVED_NOT_ACADEMIC,,TECHNICAL,RESOLVED,data\raw\catalogs\2023-2024\2023-2024_Catalog.docx
2023-2024,PTAC 1408,PTAC,1408,False,TECHNICAL,RESOLVED_NOT_ACADEMIC,,TECHNICAL,RESOLVED,data\raw\catalogs\2023-2024\2023-2024_Catalog.docx
2023-2024,PTAC 1410,PTAC,1410,False,TECHNICAL,RESOLVED_NOT_ACADEMIC,,TECHNICAL,RESOLVED,data\raw\catalogs\2023-2024\2023-2024_Catalog.docx
2023-2024,PTAC 1432,PTAC,1432,False,TECHNICAL,RESOLVED_NOT_ACADEMIC,,TECHNICAL,RESOLVED,data\raw\catalogs\2023-2024\2023-2024_Catalog.docx
2023-2024,PTAC 2314,PTAC,2314,False,TECHNICAL,RESOLVED_NOT_ACADEMIC,,TECHNICAL,RESOLVED,data\raw\catalogs\2023-2024\2023-2024_Catalog.docx
2023-2024,PTAC 2420,PTAC,2420,False,TECHNICAL,RESOLVED_NOT_ACADEMIC,,TECHNICAL,RESOLVED,data\raw\catalogs\2023-2024\2023-2024_Catalog.docx
2023-2024,PTAC 2438,PTAC,2438,False,TECHNICAL,RESOLVED_NOT_ACADEMIC,,TECHNICAL,RESOLVED,data\raw\catalogs\2023-2024\2023-2024_Catalog.docx
2023-2024,PTAC 2446,PTAC,2446,False,TECHNICAL,RESOLVED_NOT_ACADEMIC,,TECHNICAL,RESOLVED,data\raw\catalogs\2023-2024\2023-2024_Catalog.docx
2023-2024,PTHA 1201,PTHA,1201,False,TECHNICAL,RESOLVED_NOT_ACADEMIC,,TECHNICAL,RESOLVED,data\raw\catalogs\2023-2024\2023-2024_Catalog.docx
2023-2024,RBTC 1401,RBTC,1401,False,TECHNICAL,RESOLVED_NOT_ACADEMIC,,TECHNICAL,RESOLVED,data\raw\catalogs\2023-2024\2023-2024_Catalog.docx
2023-2024,RELE 1300,RELE,1300,False,TECHNICAL,RESOLVED_NOT_ACADEMIC,,TECHNICAL,RESOLVED,data\raw\catalogs\2023-2024\2023-2024_Catalog.docx
2023-2024,RELE 1301,RELE,1301,False,TECHNICAL,RESOLVED_NOT_ACADEMIC,,TECHNICAL,RESOLVED,data\raw\catalogs\2023-2024\2023-2024_Catalog.docx
2023-2024,RELE 1311,RELE,1311,False,TECHNICAL,RESOLVED_NOT_ACADEMIC,,TECHNICAL,RESOLVED,data\raw\catalogs\2023-2024\2023-2024_Catalog.docx
2023-2024,RELE 1319,RELE,1319,False,TECHNICAL,RESOLVED_NOT_ACADEMIC,,TECHNICAL,RESOLVED,data\raw\catalogs\2023-2024\2023-2024_Catalog.docx
2023-2024,RELE 1338,RELE,1338,False,TECHNICAL,RESOLVED_NOT_ACADEMIC,,TECHNICAL,RESOLVED,data\raw\catalogs\2023-2024\2023-2024_Catalog.docx
2023-2024,RELE 2301,RELE,2301,False,TECHNICAL,RESOLVED_NOT_ACADEMIC,,TECHNICAL,RESOLVED,data\raw\catalogs\2023-2024\2023-2024_Catalog.docx
2023-2024,RNSG 1125,RNSG,1125,False,TECHNICAL,RESOLVED_NOT_ACADEMIC,,TECHNICAL,RESOLVED,data\raw\catalogs\2023-2024\2023-2024_Catalog.docx
2023-2024,RNSG 1126,RNSG,1126,False,TECHNICAL,RESOLVED_NOT_ACADEMIC,,TECHNICAL,RESOLVED,data\raw\catalogs\2023-2024\2023-2024_Catalog.docx
2023-2024,RNSG 1128,RNSG,1128,False,TECHNICAL,RESOLVED_NOT_ACADEMIC,,TECHNICAL,RESOLVED,data\raw\catalogs\2023-2024\2023-2024_Catalog.docx
2023-2024,RNSG 1137,RNSG,1137,False,TECHNICAL,RESOLVED_NOT_ACADEMIC,,TECHNICAL,RESOLVED,data\raw\catalogs\2023-2024\2023-2024_Catalog.docx
2023-2024,RNSG 1161,RNSG,1161,False,TECHNICAL,RESOLVED_NOT_ACADEMIC,,TECHNICAL,RESOLVED,data\raw\catalogs\2023-2024\2023-2024_Catalog.docx
2023-2024,RNSG 1193,RNSG,1193,False,TECHNICAL,RESOLVED_NOT_ACADEMIC,,TECHNICAL,RESOLVED,data\raw\catalogs\2023-2024\2023-2024_Catalog.docx
2023-2024,RNSG 1207,RNSG,1207,False,TECHNICAL,RESOLVED_NOT_ACADEMIC,,TECHNICAL,RESOLVED,data\raw\catalogs\2023-2024\2023-2024_Catalog.docx
2023-2024,RNSG 1210,RNSG,1210,False,TECHNICAL,RESOLVED_NOT_ACADEMIC,,TECHNICAL,RESOLVED,data\raw\catalogs\2023-2024\2023-2024_Catalog.docx
2023-2024,RNSG 1216,RNSG,1216,False,TECHNICAL,RESOLVED_NOT_ACADEMIC,,TECHNICAL,RESOLVED,data\raw\catalogs\2023-2024\2023-2024_Catalog.docx
2023-2024,RNSG 1300,RNSG,1300,False,TECHNICAL,RESOLVED_NOT_ACADEMIC,,TECHNICAL,RESOLVED,data\raw\catalogs\2023-2024\2023-2024_Catalog.docx
2023-2024,RNSG 1311,RNSG,1311,False,TECHNICAL,RESOLVED_NOT_ACADEMIC,,TECHNICAL,RESOLVED,data\raw\catalogs\2023-2024\2023-2024_Catalog.docx
2023-2024,RNSG 1327,RNSG,1327,False,TECHNICAL,RESOLVED_NOT_ACADEMIC,,TECHNICAL,RESOLVED,data\raw\catalogs\2023-2024\2023-2024_Catalog.docx
2023-2024,RNSG 1430,RNSG,1430,False,TECHNICAL,RESOLVED_NOT_ACADEMIC,,TECHNICAL,RESOLVED,data\raw\catalogs\2023-2024\2023-2024_Catalog.docx
2023-2024,RNSG 1533,RNSG,1533,False,TECHNICAL,RESOLVED_NOT_ACADEMIC,,TECHNICAL,RESOLVED,data\raw\catalogs\2023-2024\2023-2024_Catalog.docx
2023-2024,RNSG 1538,RNSG,1538,False,TECHNICAL,RESOLVED_NOT_ACADEMIC,,TECHNICAL,RESOLVED,data\raw\catalogs\2023-2024\2023-2024_Catalog.docx
2023-2024,RNSG 2138,RNSG,2138,False,TECHNICAL,RESOLVED_NOT_ACADEMIC,,TECHNICAL,RESOLVED,data\raw\catalogs\2023-2024\2023-2024_Catalog.docx
2023-2024,RNSG 2261,RNSG,2261,False,TECHNICAL,RESOLVED_NOT_ACADEMIC,,TECHNICAL,RESOLVED,data\raw\catalogs\2023-2024\2023-2024_Catalog.docx
2023-2024,RNSG 2262,RNSG,2262,False,TECHNICAL,RESOLVED_NOT_ACADEMIC,,TECHNICAL,RESOLVED,data\raw\catalogs\2023-2024\2023-2024_Catalog.docx
2023-2024,RNSG 2360,RNSG,2360,False,TECHNICAL,RESOLVED_NOT_ACADEMIC,,TECHNICAL,RESOLVED,data\raw\catalogs\2023-2024\2023-2024_Catalog.docx
2023-2024,RNSG 2361,RNSG,2361,False,TECHNICAL,RESOLVED_NOT_ACADEMIC,,TECHNICAL,RESOLVED,data\raw\catalogs\2023-2024\2023-2024_Catalog.docx
2023-2024,RNSG 2362,RNSG,2362,False,TECHNICAL,RESOLVED_NOT_ACADEMIC,,TECHNICAL,RESOLVED,data\raw\catalogs\2023-2024\2023-2024_Catalog.docx
2023-2024,RNSG 2363,RNSG,2363,False,TECHNICAL,RESOLVED_NOT_ACADEMIC,,TECHNICAL,RESOLVED,data\raw\catalogs\2023-2024\2023-2024_Catalog.docx
2023-2024,RNSG 2514,RNSG,2514,False,TECHNICAL,RESOLVED_NOT_ACADEMIC,,TECHNICAL,RESOLVED,data\raw\catalogs\2023-2024\2023-2024_Catalog.docx
2023-2024,RNSG 2535,RNSG,2535,False,TECHNICAL,RESOLVED_NOT_ACADEMIC,,TECHNICAL,RESOLVED,data\raw\catalogs\2023-2024\2023-2024_Catalog.docx
2023-2024,RNSG 2539,RNSG,2539,False,TECHNICAL,RESOLVED_NOT_ACADEMIC,,TECHNICAL,RESOLVED,data\raw\catalogs\2023-2024\2023-2024_Catalog.docx
2023-2024,SCIT 1418,SCIT,1418,False,TECHNICAL,RESOLVED_NOT_ACADEMIC,,TECHNICAL,RESOLVED,data\raw\catalogs\2023-2024\2023-2024_Catalog.docx
2023-2024,SCIT 1494,SCIT,1494,False,TECHNICAL,RESOLVED_NOT_ACADEMIC,,TECHNICAL,RESOLVED,data\raw\catalogs\2023-2024\2023-2024_Catalog.docx
2023-2024,SGNL 1301,SGNL,1301,True,ACADEMIC,RESOLVED_FROM_CATALOG_MARKER,,ACADEMIC,RESOLVED,data\raw\catalogs\2023-2024\2023-2024_Catalog.docx
2023-2024,SGNL 2301,SGNL,2301,True,ACADEMIC,RESOLVED_FROM_CATALOG_MARKER,,ACADEMIC,RESOLVED,data\raw\catalogs\2023-2024\2023-2024_Catalog.docx
2023-2024,SOCI 1301,SOCI,1301,True,ACADEMIC,RESOLVED_FROM_CATALOG_MARKER,,ACADEMIC,RESOLVED,data\raw\catalogs\2023-2024\2023-2024_Catalog.docx
2023-2024,SOCI 1306,SOCI,1306,True,ACADEMIC,RESOLVED_FROM_CATALOG_MARKER,,ACADEMIC,RESOLVED,data\raw\catalogs\2023-2024\2023-2024_Catalog.docx
2023-2024,SOCI 2301,SOCI,2301,True,ACADEMIC,RESOLVED_FROM_CATALOG_MARKER,,ACADEMIC,RESOLVED,data\raw\catalogs\2023-2024\2023-2024_Catalog.docx
2023-2024,SOCI 2306,SOCI,2306,True,ACADEMIC,RESOLVED_FROM_CATALOG_MARKER,,ACADEMIC,RESOLVED,data\raw\catalogs\2023-2024\2023-2024_Catalog.docx
2023-2024,SOCI 2319,SOCI,2319,True,ACADEMIC,RESOLVED_FROM_CATALOG_MARKER,,ACADEMIC,RESOLVED,data\raw\catalogs\2023-2024\2023-2024_Catalog.docx
2023-2024,SOCI 2326,SOCI,2326,True,ACADEMIC,RESOLVED_FROM_CATALOG_MARKER,,ACADEMIC,RESOLVED,data\raw\catalogs\2023-2024\2023-2024_Catalog.docx
2023-2024,SOCI 2336,SOCI,2336,True,ACADEMIC,RESOLVED_FROM_CATALOG_MARKER,,ACADEMIC,RESOLVED,data\raw\catalogs\2023-2024\2023-2024_Catalog.docx
2023-2024,SOCI 2340,SOCI,2340,True,ACADEMIC,RESOLVED_FROM_CATALOG_MARKER,,ACADEMIC,RESOLVED,data\raw\catalogs\2023-2024\2023-2024_Catalog.docx
2023-2024,SPAN 1311,SPAN,1311,True,ACADEMIC,RESOLVED_FROM_CATALOG_MARKER,,ACADEMIC,RESOLVED,data\raw\catalogs\2023-2024\2023-2024_Catalog.docx
2023-2024,SPAN 1312,SPAN,1312,True,ACADEMIC,RESOLVED_FROM_CATALOG_MARKER,,ACADEMIC,RESOLVED,data\raw\catalogs\2023-2024\2023-2024_Catalog.docx
2023-2024,SPCH 1311,SPCH,1311,True,ACADEMIC,RESOLVED_FROM_CATALOG_MARKER,,ACADEMIC,RESOLVED,data\raw\catalogs\2023-2024\2023-2024_Catalog.docx
2023-2024,SPCH 1315,SPCH,1315,True,ACADEMIC,RESOLVED_FROM_CATALOG_MARKER,,ACADEMIC,RESOLVED,data\raw\catalogs\2023-2024\2023-2024_Catalog.docx
2023-2024,SPCH 1318,SPCH,1318,True,ACADEMIC,RESOLVED_FROM_CATALOG_MARKER,,ACADEMIC,RESOLVED,data\raw\catalogs\2023-2024\2023-2024_Catalog.docx
2023-2024,SPCH 1321,SPCH,1321,True,ACADEMIC,RESOLVED_FROM_CATALOG_MARKER,,ACADEMIC,RESOLVED,data\raw\catalogs\2023-2024\2023-2024_Catalog.docx
2023-2024,SPCH 2335,SPCH,2335,True,ACADEMIC,RESOLVED_FROM_CATALOG_MARKER,,ACADEMIC,RESOLVED,data\raw\catalogs\2023-2024\2023-2024_Catalog.docx
2023-2024,SPCH 2341,SPCH,2341,True,ACADEMIC,RESOLVED_FROM_CATALOG_MARKER,,ACADEMIC,RESOLVED,data\raw\catalogs\2023-2024\2023-2024_Catalog.docx
2023-2024,TECM 1303,TECM,1303,False,TECHNICAL,RESOLVED_NOT_ACADEMIC,,TECHNICAL,RESOLVED,data\raw\catalogs\2023-2024\2023-2024_Catalog.docx
2023-2024,VNSG 1122,VNSG,1122,False,TECHNICAL,RESOLVED_NOT_ACADEMIC,,TECHNICAL,RESOLVED,data\raw\catalogs\2023-2024\2023-2024_Catalog.docx
2023-2024,VNSG 1136,VNSG,1136,False,TECHNICAL,RESOLVED_NOT_ACADEMIC,,TECHNICAL,RESOLVED,data\raw\catalogs\2023-2024\2023-2024_Catalog.docx
2023-2024,VNSG 1138,VNSG,1138,False,TECHNICAL,RESOLVED_NOT_ACADEMIC,,TECHNICAL,RESOLVED,data\raw\catalogs\2023-2024\2023-2024_Catalog.docx
2023-2024,VNSG 1160,VNSG,1160,False,TECHNICAL,RESOLVED_NOT_ACADEMIC,,TECHNICAL,RESOLVED,data\raw\catalogs\2023-2024\2023-2024_Catalog.docx
2023-2024,VNSG 1227,VNSG,1227,False,TECHNICAL,RESOLVED_NOT_ACADEMIC,,TECHNICAL,RESOLVED,data\raw\catalogs\2023-2024\2023-2024_Catalog.docx
2023-2024,VNSG 1230,VNSG,1230,False,TECHNICAL,RESOLVED_NOT_ACADEMIC,,TECHNICAL,RESOLVED,data\raw\catalogs\2023-2024\2023-2024_Catalog.docx
2023-2024,VNSG 1231,VNSG,1231,False,TECHNICAL,RESOLVED_NOT_ACADEMIC,,TECHNICAL,RESOLVED,data\raw\catalogs\2023-2024\2023-2024_Catalog.docx
2023-2024,VNSG 1234,VNSG,1234,False,TECHNICAL,RESOLVED_NOT_ACADEMIC,,TECHNICAL,RESOLVED,data\raw\catalogs\2023-2024\2023-2024_Catalog.docx
2023-2024,VNSG 1323,VNSG,1323,False,TECHNICAL,RESOLVED_NOT_ACADEMIC,,TECHNICAL,RESOLVED,data\raw\catalogs\2023-2024\2023-2024_Catalog.docx
2023-2024,VNSG 1402,VNSG,1402,False,TECHNICAL,RESOLVED_NOT_ACADEMIC,,TECHNICAL,RESOLVED,data\raw\catalogs\2023-2024\2023-2024_Catalog.docx
2023-2024,VNSG 1423,VNSG,1423,False,TECHNICAL,RESOLVED_NOT_ACADEMIC,,TECHNICAL,RESOLVED,data\raw\catalogs\2023-2024\2023-2024_Catalog.docx
2023-2024,VNSG 1461,VNSG,1461,False,TECHNICAL,RESOLVED_NOT_ACADEMIC,,TECHNICAL,RESOLVED,data\raw\catalogs\2023-2024\2023-2024_Catalog.docx
2023-2024,VNSG 1462,VNSG,1462,False,TECHNICAL,RESOLVED_NOT_ACADEMIC,,TECHNICAL,RESOLVED,data\raw\catalogs\2023-2024\2023-2024_Catalog.docx
2023-2024,VNSG 2214,VNSG,2214,False,TECHNICAL,RESOLVED_NOT_ACADEMIC,,TECHNICAL,RESOLVED,data\raw\catalogs\2023-2024\2023-2024_Catalog.docx
2023-2024,VNSG 2413,VNSG,2413,False,TECHNICAL,RESOLVED_NOT_ACADEMIC,,TECHNICAL,RESOLVED,data\raw\catalogs\2023-2024\2023-2024_Catalog.docx
2023-2024,VNSG 2463,VNSG,2463,False,TECHNICAL,RESOLVED_NOT_ACADEMIC,,TECHNICAL,RESOLVED,data\raw\catalogs\2023-2024\2023-2024_Catalog.docx
2023-2024,WLDG 1323,WLDG,1323,False,TECHNICAL,RESOLVED_NOT_ACADEMIC,,TECHNICAL,RESOLVED,data\raw\catalogs\2023-2024\2023-2024_Catalog.docx
2023-2024,WLDG 1327,WLDG,1327,False,TECHNICAL,RESOLVED_NOT_ACADEMIC,,TECHNICAL,RESOLVED,data\raw\catalogs\2023-2024\2023-2024_Catalog.docx
2023-2024,WLDG 1421,WLDG,1421,False,TECHNICAL,RESOLVED_NOT_ACADEMIC,,TECHNICAL,RESOLVED,data\raw\catalogs\2023-2024\2023-2024_Catalog.docx
2023-2024,WLDG 1428,WLDG,1428,False,TECHNICAL,RESOLVED_NOT_ACADEMIC,,TECHNICAL,RESOLVED,data\raw\catalogs\2023-2024\2023-2024_Catalog.docx
2023-2024,WLDG 1457,WLDG,1457,False,TECHNICAL,RESOLVED_NOT_ACADEMIC,,TECHNICAL,RESOLVED,data\raw\catalogs\2023-2024\2023-2024_Catalog.docx
2023-2024,WLDG 2406,WLDG,2406,False,TECHNICAL,RESOLVED_NOT_ACADEMIC,,TECHNICAL,RESOLVED,data\raw\catalogs\2023-2024\2023-2024_Catalog.docx
2023-2024,WLDG 2488,WLDG,2488,False,TECHNICAL,RESOLVED_NOT_ACADEMIC,,TECHNICAL,RESOLVED,data\raw\catalogs\2023-2024\2023-2024_Catalog.docx
2023-2024,WLDG 2489,WLDG,2489,False,TECHNICAL,RESOLVED_NOT_ACADEMIC,,TECHNICAL,RESOLVED,data\raw\catalogs\2023-2024\2023-2024_Catalog.docx
2024-2025,ACCT 2301,ACCT,2301,True,ACADEMIC,RESOLVED_FROM_CATALOG_MARKER,,ACADEMIC,RESOLVED,data\raw\catalogs\2024-2025\2024-2025_Catalog.docx
2024-2025,ACCT 2302,ACCT,2302,True,ACADEMIC,RESOLVED_FROM_CATALOG_MARKER,,ACADEMIC,RESOLVED,data\raw\catalogs\2024-2025\2024-2025_Catalog.docx
2024-2025,ACNT 1311,ACNT,1311,False,TECHNICAL,RESOLVED_NOT_ACADEMIC,,TECHNICAL,RESOLVED,data\raw\catalogs\2024-2025\2024-2025_Catalog.docx
2024-2025,ACNT 1329,ACNT,1329,False,TECHNICAL,RESOLVED_NOT_ACADEMIC,,TECHNICAL,RESOLVED,data\raw\catalogs\2024-2025\2024-2025_Catalog.docx
2024-2025,ANTH 2351,ANTH,2351,True,ACADEMIC,RESOLVED_FROM_CATALOG_MARKER,,ACADEMIC,RESOLVED,data\raw\catalogs\2024-2025\2024-2025_Catalog.docx
2024-2025,ARCE 1303,ARCE,1303,False,TECHNICAL,RESOLVED_NOT_ACADEMIC,,TECHNICAL,RESOLVED,data\raw\catalogs\2024-2025\2024-2025_Catalog.docx
2024-2025,ARTC 1325,ARTC,1325,False,TECHNICAL,RESOLVED_NOT_ACADEMIC,,TECHNICAL,RESOLVED,data\raw\catalogs\2024-2025\2024-2025_Catalog.docx
2024-2025,ARTC 1353,ARTC,1353,False,TECHNICAL,RESOLVED_NOT_ACADEMIC,,TECHNICAL,RESOLVED,data\raw\catalogs\2024-2025\2024-2025_Catalog.docx
2024-2025,ARTS 1301,ARTS,1301,True,ACADEMIC,RESOLVED_FROM_CATALOG_MARKER,,ACADEMIC,RESOLVED,data\raw\catalogs\2024-2025\2024-2025_Catalog.docx
2024-2025,ARTS 1303,ARTS,1303,True,ACADEMIC,RESOLVED_FROM_CATALOG_MARKER,,ACADEMIC,RESOLVED,data\raw\catalogs\2024-2025\2024-2025_Catalog.docx
2024-2025,ARTS 1311,ARTS,1311,True,ACADEMIC,RESOLVED_FROM_CATALOG_MARKER,,ACADEMIC,RESOLVED,data\raw\catalogs\2024-2025\2024-2025_Catalog.docx
2024-2025,ARTS 1316,ARTS,1316,True,ACADEMIC,RESOLVED_FROM_CATALOG_MARKER,,ACADEMIC,RESOLVED,data\raw\catalogs\2024-2025\2024-2025_Catalog.docx
2024-2025,AUMT 1305,AUMT,1305,False,TECHNICAL,RESOLVED_NOT_ACADEMIC,,TECHNICAL,RESOLVED,data\raw\catalogs\2024-2025\2024-2025_Catalog.docx
2024-2025,AUMT 1349,AUMT,1349,False,TECHNICAL,RESOLVED_NOT_ACADEMIC,,TECHNICAL,RESOLVED,data\raw\catalogs\2024-2025\2024-2025_Catalog.docx
2024-2025,AUMT 1407,AUMT,1407,False,TECHNICAL,RESOLVED_NOT_ACADEMIC,,TECHNICAL,RESOLVED,data\raw\catalogs\2024-2025\2024-2025_Catalog.docx
2024-2025,AUMT 1410,AUMT,1410,False,TECHNICAL,RESOLVED_NOT_ACADEMIC,,TECHNICAL,RESOLVED,data\raw\catalogs\2024-2025\2024-2025_Catalog.docx
2024-2025,AUMT 1419,AUMT,1419,False,TECHNICAL,RESOLVED_NOT_ACADEMIC,,TECHNICAL,RESOLVED,data\raw\catalogs\2024-2025\2024-2025_Catalog.docx
2024-2025,AUMT 1445,AUMT,1445,False,TECHNICAL,RESOLVED_NOT_ACADEMIC,,TECHNICAL,RESOLVED,data\raw\catalogs\2024-2025\2024-2025_Catalog.docx
2024-2025,AUMT 2402,AUMT,2402,False,TECHNICAL,RESOLVED_NOT_ACADEMIC,,TECHNICAL,RESOLVED,data\raw\catalogs\2024-2025\2024-2025_Catalog.docx
2024-2025,AUMT 2413,AUMT,2413,False,TECHNICAL,RESOLVED_NOT_ACADEMIC,,TECHNICAL,RESOLVED,data\raw\catalogs\2024-2025\2024-2025_Catalog.docx
2024-2025,BCIS 1305,BCIS,1305,True,ACADEMIC,RESOLVED_FROM_CATALOG_MARKER,,ACADEMIC,RESOLVED,data\raw\catalogs\2024-2025\2024-2025_Catalog.docx
2024-2025,BIOL 1322,BIOL,1322,True,ACADEMIC,RESOLVED_FROM_CATALOG_MARKER,,ACADEMIC,RESOLVED,data\raw\catalogs\2024-2025\2024-2025_Catalog.docx
2024-2025,BIOL 1406,BIOL,1406,True,ACADEMIC,RESOLVED_FROM_CATALOG_MARKER,,ACADEMIC,RESOLVED,data\raw\catalogs\2024-2025\2024-2025_Catalog.docx
2024-2025,BIOL 1407,BIOL,1407,True,ACADEMIC,RESOLVED_FROM_CATALOG_MARKER,,ACADEMIC,RESOLVED,data\raw\catalogs\2024-2025\2024-2025_Catalog.docx
2024-2025,BIOL 1408,BIOL,1408,True,ACADEMIC,RESOLVED_FROM_CATALOG_MARKER,,ACADEMIC,RESOLVED,data\raw\catalogs\2024-2025\2024-2025_Catalog.docx
2024-2025,BIOL 1409,BIOL,1409,True,ACADEMIC,RESOLVED_FROM_CATALOG_MARKER,,ACADEMIC,RESOLVED,data\raw\catalogs\2024-2025\2024-2025_Catalog.docx
2024-2025,BIOL 1411,BIOL,1411,True,ACADEMIC,AUTHORIZED_ACADEMIC_CORRECTION,Catalog course description omitted AC marker; course is an academic TCCNS course.,UNKNOWN,REVIEW_REQUIRED,data\raw\catalogs\2024-2025\2024-2025_Catalog.docx
2024-2025,BIOL 1413,BIOL,1413,True,ACADEMIC,RESOLVED_FROM_CATALOG_MARKER,,ACADEMIC,RESOLVED,data\raw\catalogs\2024-2025\2024-2025_Catalog.docx
2024-2025,BIOL 2401,BIOL,2401,True,ACADEMIC,RESOLVED_FROM_CATALOG_MARKER,,ACADEMIC,RESOLVED,data\raw\catalogs\2024-2025\2024-2025_Catalog.docx
2024-2025,BIOL 2402,BIOL,2402,True,ACADEMIC,RESOLVED_FROM_CATALOG_MARKER,,ACADEMIC,RESOLVED,data\raw\catalogs\2024-2025\2024-2025_Catalog.docx
2024-2025,BIOL 2404,BIOL,2404,True,ACADEMIC,RESOLVED_FROM_CATALOG_MARKER,,ACADEMIC,RESOLVED,data\raw\catalogs\2024-2025\2024-2025_Catalog.docx
2024-2025,BIOL 2406,BIOL,2406,True,ACADEMIC,RESOLVED_FROM_CATALOG_MARKER,,ACADEMIC,RESOLVED,data\raw\catalogs\2024-2025\2024-2025_Catalog.docx
2024-2025,BIOL 2420,BIOL,2420,True,ACADEMIC,RESOLVED_FROM_CATALOG_MARKER,,ACADEMIC,RESOLVED,data\raw\catalogs\2024-2025\2024-2025_Catalog.docx
2024-2025,BMGT 1301,BMGT,1301,False,TECHNICAL,RESOLVED_NOT_ACADEMIC,,TECHNICAL,RESOLVED,data\raw\catalogs\2024-2025\2024-2025_Catalog.docx
2024-2025,BMGT 1309,BMGT,1309,False,TECHNICAL,RESOLVED_NOT_ACADEMIC,,TECHNICAL,RESOLVED,data\raw\catalogs\2024-2025\2024-2025_Catalog.docx
2024-2025,BMGT 1327,BMGT,1327,False,TECHNICAL,RESOLVED_NOT_ACADEMIC,,TECHNICAL,RESOLVED,data\raw\catalogs\2024-2025\2024-2025_Catalog.docx
2024-2025,BMGT 2341,BMGT,2341,False,TECHNICAL,RESOLVED_NOT_ACADEMIC,,TECHNICAL,RESOLVED,data\raw\catalogs\2024-2025\2024-2025_Catalog.docx
2024-2025,BUSG 1301,BUSG,1301,False,TECHNICAL,RESOLVED_NOT_ACADEMIC,,TECHNICAL,RESOLVED,data\raw\catalogs\2024-2025\2024-2025_Catalog.docx
2024-2025,BUSG 2309,BUSG,2309,False,TECHNICAL,RESOLVED_NOT_ACADEMIC,,TECHNICAL,RESOLVED,data\raw\catalogs\2024-2025\2024-2025_Catalog.docx
2024-2025,BUSI 1301,BUSI,1301,True,ACADEMIC,RESOLVED_FROM_CATALOG_MARKER,,ACADEMIC,RESOLVED,data\raw\catalogs\2024-2025\2024-2025_Catalog.docx
2024-2025,BUSI 1307,BUSI,1307,True,ACADEMIC,RESOLVED_FROM_CATALOG_MARKER,,ACADEMIC,RESOLVED,data\raw\catalogs\2024-2025\2024-2025_Catalog.docx
2024-2025,BUSI 2301,BUSI,2301,True,ACADEMIC,RESOLVED_FROM_CATALOG_MARKER,,ACADEMIC,RESOLVED,data\raw\catalogs\2024-2025\2024-2025_Catalog.docx
2024-2025,BUSI 2304,BUSI,2304,True,ACADEMIC,RESOLVED_FROM_CATALOG_MARKER,,ACADEMIC,RESOLVED,data\raw\catalogs\2024-2025\2024-2025_Catalog.docx
2024-2025,CETT 1403,CETT,1403,False,TECHNICAL,RESOLVED_NOT_ACADEMIC,,TECHNICAL,RESOLVED,data\raw\catalogs\2024-2025\2024-2025_Catalog.docx
2024-2025,CETT 1405,CETT,1405,False,TECHNICAL,RESOLVED_NOT_ACADEMIC,,TECHNICAL,RESOLVED,data\raw\catalogs\2024-2025\2024-2025_Catalog.docx
2024-2025,CETT 1415,CETT,1415,False,TECHNICAL,RESOLVED_NOT_ACADEMIC,,TECHNICAL,RESOLVED,data\raw\catalogs\2024-2025\2024-2025_Catalog.docx
2024-2025,CETT 1441,CETT,1441,False,TECHNICAL,RESOLVED_NOT_ACADEMIC,,TECHNICAL,RESOLVED,data\raw\catalogs\2024-2025\2024-2025_Catalog.docx
2024-2025,CHEM 1406,CHEM,1406,True,ACADEMIC,RESOLVED_FROM_CATALOG_MARKER,,ACADEMIC,RESOLVED,data\raw\catalogs\2024-2025\2024-2025_Catalog.docx
2024-2025,CHEM 1407,CHEM,1407,True,ACADEMIC,RESOLVED_FROM_CATALOG_MARKER,,ACADEMIC,RESOLVED,data\raw\catalogs\2024-2025\2024-2025_Catalog.docx
2024-2025,CHEM 1411,CHEM,1411,True,ACADEMIC,RESOLVED_FROM_CATALOG_MARKER,,ACADEMIC,RESOLVED,data\raw\catalogs\2024-2025\2024-2025_Catalog.docx
2024-2025,CHEM 1412,CHEM,1412,True,ACADEMIC,RESOLVED_FROM_CATALOG_MARKER,,ACADEMIC,RESOLVED,data\raw\catalogs\2024-2025\2024-2025_Catalog.docx
2024-2025,CJCR 1307,CJCR,1307,False,TECHNICAL,RESOLVED_NOT_ACADEMIC,,TECHNICAL,RESOLVED,data\raw\catalogs\2024-2025\2024-2025_Catalog.docx
2024-2025,CJCR 1381,CJCR,1381,False,TECHNICAL,RESOLVED_NOT_ACADEMIC,,TECHNICAL,RESOLVED,data\raw\catalogs\2024-2025\2024-2025_Catalog.docx
2024-2025,CJSA 1312,CJSA,1312,False,TECHNICAL,RESOLVED_NOT_ACADEMIC,,TECHNICAL,RESOLVED,data\raw\catalogs\2024-2025\2024-2025_Catalog.docx
2024-2025,CJSA 1313,CJSA,1313,False,TECHNICAL,RESOLVED_NOT_ACADEMIC,,TECHNICAL,RESOLVED,data\raw\catalogs\2024-2025\2024-2025_Catalog.docx
2024-2025,CJSA 1317,CJSA,1317,False,TECHNICAL,RESOLVED_NOT_ACADEMIC,,TECHNICAL,RESOLVED,data\raw\catalogs\2024-2025\2024-2025_Catalog.docx
2024-2025,CJSA 1322,CJSA,1322,False,TECHNICAL,RESOLVED_NOT_ACADEMIC,,TECHNICAL,RESOLVED,data\raw\catalogs\2024-2025\2024-2025_Catalog.docx
2024-2025,CJSA 1327,CJSA,1327,False,TECHNICAL,RESOLVED_NOT_ACADEMIC,,TECHNICAL,RESOLVED,data\raw\catalogs\2024-2025\2024-2025_Catalog.docx
2024-2025,CJSA 1342,CJSA,1342,False,TECHNICAL,RESOLVED_NOT_ACADEMIC,,TECHNICAL,RESOLVED,data\raw\catalogs\2024-2025\2024-2025_Catalog.docx
2024-2025,CJSA 1359,CJSA,1359,False,TECHNICAL,RESOLVED_NOT_ACADEMIC,,TECHNICAL,RESOLVED,data\raw\catalogs\2024-2025\2024-2025_Catalog.docx
2024-2025,CNBT 1210,CNBT,1210,False,TECHNICAL,RESOLVED_NOT_ACADEMIC,,TECHNICAL,RESOLVED,data\raw\catalogs\2024-2025\2024-2025_Catalog.docx
2024-2025,CNBT 1266,CNBT,1266,False,TECHNICAL,RESOLVED_NOT_ACADEMIC,,TECHNICAL,RESOLVED,data\raw\catalogs\2024-2025\2024-2025_Catalog.docx
2024-2025,CNBT 1300,CNBT,1300,False,TECHNICAL,RESOLVED_NOT_ACADEMIC,,TECHNICAL,RESOLVED,data\raw\catalogs\2024-2025\2024-2025_Catalog.docx
2024-2025,CNBT 1316,CNBT,1316,False,TECHNICAL,RESOLVED_NOT_ACADEMIC,,TECHNICAL,RESOLVED,data\raw\catalogs\2024-2025\2024-2025_Catalog.docx
2024-2025,CNBT 1318,CNBT,1318,False,TECHNICAL,RESOLVED_NOT_ACADEMIC,,TECHNICAL,RESOLVED,data\raw\catalogs\2024-2025\2024-2025_Catalog.docx
2024-2025,CNBT 1346,CNBT,1346,False,TECHNICAL,RESOLVED_NOT_ACADEMIC,,TECHNICAL,RESOLVED,data\raw\catalogs\2024-2025\2024-2025_Catalog.docx
2024-2025,CNBT 1350,CNBT,1350,False,TECHNICAL,RESOLVED_NOT_ACADEMIC,,TECHNICAL,RESOLVED,data\raw\catalogs\2024-2025\2024-2025_Catalog.docx
2024-2025,CNBT 1353,CNBT,1353,False,TECHNICAL,RESOLVED_NOT_ACADEMIC,,TECHNICAL,RESOLVED,data\raw\catalogs\2024-2025\2024-2025_Catalog.docx
2024-2025,CNBT 1411,CNBT,1411,False,TECHNICAL,RESOLVED_NOT_ACADEMIC,,TECHNICAL,RESOLVED,data\raw\catalogs\2024-2025\2024-2025_Catalog.docx
2024-2025,CNBT 2315,CNBT,2315,False,TECHNICAL,RESOLVED_NOT_ACADEMIC,,TECHNICAL,RESOLVED,data\raw\catalogs\2024-2025\2024-2025_Catalog.docx
2024-2025,CNBT 2344,CNBT,2344,False,TECHNICAL,RESOLVED_NOT_ACADEMIC,,TECHNICAL,RESOLVED,data\raw\catalogs\2024-2025\2024-2025_Catalog.docx
2024-2025,COMM 1307,COMM,1307,True,ACADEMIC,RESOLVED_FROM_CATALOG_MARKER,,ACADEMIC,RESOLVED,data\raw\catalogs\2024-2025\2024-2025_Catalog.docx
2024-2025,COMM 2311,COMM,2311,True,ACADEMIC,RESOLVED_FROM_CATALOG_MARKER,,ACADEMIC,RESOLVED,data\raw\catalogs\2024-2025\2024-2025_Catalog.docx
2024-2025,COSC 1301,COSC,1301,True,ACADEMIC,RESOLVED_FROM_CATALOG_MARKER,,ACADEMIC,RESOLVED,data\raw\catalogs\2024-2025\2024-2025_Catalog.docx
2024-2025,COSC 1436,COSC,1436,True,ACADEMIC,RESOLVED_FROM_CATALOG_MARKER,,ACADEMIC,RESOLVED,data\raw\catalogs\2024-2025\2024-2025_Catalog.docx
2024-2025,COSC 1437,COSC,1437,True,ACADEMIC,RESOLVED_FROM_CATALOG_MARKER,,ACADEMIC,RESOLVED,data\raw\catalogs\2024-2025\2024-2025_Catalog.docx
2024-2025,COSC 2425,COSC,2425,True,ACADEMIC,RESOLVED_FROM_CATALOG_MARKER,,ACADEMIC,RESOLVED,data\raw\catalogs\2024-2025\2024-2025_Catalog.docx
2024-2025,CPMT 2302,CPMT,2302,False,TECHNICAL,RESOLVED_NOT_ACADEMIC,,TECHNICAL,RESOLVED,data\raw\catalogs\2024-2025\2024-2025_Catalog.docx
2024-2025,CRIJ 1301,CRIJ,1301,True,ACADEMIC,RESOLVED_FROM_CATALOG_MARKER,,ACADEMIC,RESOLVED,data\raw\catalogs\2024-2025\2024-2025_Catalog.docx
2024-2025,CRIJ 1306,CRIJ,1306,True,ACADEMIC,RESOLVED_FROM_CATALOG_MARKER,,ACADEMIC,RESOLVED,data\raw\catalogs\2024-2025\2024-2025_Catalog.docx
2024-2025,CRIJ 1307,CRIJ,1307,True,ACADEMIC,RESOLVED_FROM_CATALOG_MARKER,,ACADEMIC,RESOLVED,data\raw\catalogs\2024-2025\2024-2025_Catalog.docx
2024-2025,CRIJ 1310,CRIJ,1310,True,ACADEMIC,RESOLVED_FROM_CATALOG_MARKER,,ACADEMIC,RESOLVED,data\raw\catalogs\2024-2025\2024-2025_Catalog.docx
2024-2025,CRIJ 1313,CRIJ,1313,True,ACADEMIC,RESOLVED_FROM_CATALOG_MARKER,,ACADEMIC,RESOLVED,data\raw\catalogs\2024-2025\2024-2025_Catalog.docx
2024-2025,CRIJ 2301,CRIJ,2301,True,ACADEMIC,RESOLVED_FROM_CATALOG_MARKER,,ACADEMIC,RESOLVED,data\raw\catalogs\2024-2025\2024-2025_Catalog.docx
2024-2025,CRIJ 2313,CRIJ,2313,True,ACADEMIC,RESOLVED_FROM_CATALOG_MARKER,,ACADEMIC,RESOLVED,data\raw\catalogs\2024-2025\2024-2025_Catalog.docx
2024-2025,CRIJ 2314,CRIJ,2314,True,ACADEMIC,RESOLVED_FROM_CATALOG_MARKER,,ACADEMIC,RESOLVED,data\raw\catalogs\2024-2025\2024-2025_Catalog.docx
2024-2025,CRIJ 2323,CRIJ,2323,True,ACADEMIC,RESOLVED_FROM_CATALOG_MARKER,,ACADEMIC,RESOLVED,data\raw\catalogs\2024-2025\2024-2025_Catalog.docx
2024-2025,CRIJ 2328,CRIJ,2328,True,ACADEMIC,RESOLVED_FROM_CATALOG_MARKER,,ACADEMIC,RESOLVED,data\raw\catalogs\2024-2025\2024-2025_Catalog.docx
2024-2025,CRTR 1202,CRTR,1202,False,TECHNICAL,RESOLVED_NOT_ACADEMIC,,TECHNICAL,RESOLVED,data\raw\catalogs\2024-2025\2024-2025_Catalog.docx
2024-2025,CRTR 1308,CRTR,1308,False,TECHNICAL,RESOLVED_NOT_ACADEMIC,,TECHNICAL,RESOLVED,data\raw\catalogs\2024-2025\2024-2025_Catalog.docx
2024-2025,CRTR 1312,CRTR,1312,False,TECHNICAL,RESOLVED_NOT_ACADEMIC,,TECHNICAL,RESOLVED,data\raw\catalogs\2024-2025\2024-2025_Catalog.docx
2024-2025,CRTR 1314,CRTR,1314,False,TECHNICAL,RESOLVED_NOT_ACADEMIC,,TECHNICAL,RESOLVED,data\raw\catalogs\2024-2025\2024-2025_Catalog.docx
2024-2025,CRTR 1404,CRTR,1404,False,TECHNICAL,RESOLVED_NOT_ACADEMIC,,TECHNICAL,RESOLVED,data\raw\catalogs\2024-2025\2024-2025_Catalog.docx
2024-2025,CRTR 1406,CRTR,1406,False,TECHNICAL,RESOLVED_NOT_ACADEMIC,,TECHNICAL,RESOLVED,data\raw\catalogs\2024-2025\2024-2025_Catalog.docx
2024-2025,CRTR 2206,CRTR,2206,False,TECHNICAL,RESOLVED_NOT_ACADEMIC,,TECHNICAL,RESOLVED,data\raw\catalogs\2024-2025\2024-2025_Catalog.docx
2024-2025,CRTR 2280,CRTR,2280,False,TECHNICAL,RESOLVED_NOT_ACADEMIC,,TECHNICAL,RESOLVED,data\raw\catalogs\2024-2025\2024-2025_Catalog.docx
2024-2025,CRTR 2286,CRTR,2286,False,TECHNICAL,RESOLVED_NOT_ACADEMIC,,TECHNICAL,RESOLVED,data\raw\catalogs\2024-2025\2024-2025_Catalog.docx
2024-2025,CRTR 2303,CRTR,2303,False,TECHNICAL,RESOLVED_NOT_ACADEMIC,,TECHNICAL,RESOLVED,data\raw\catalogs\2024-2025\2024-2025_Catalog.docx
2024-2025,CRTR 2311,CRTR,2311,False,TECHNICAL,RESOLVED_NOT_ACADEMIC,,TECHNICAL,RESOLVED,data\raw\catalogs\2024-2025\2024-2025_Catalog.docx
2024-2025,CRTR 2312,CRTR,2312,False,TECHNICAL,RESOLVED_NOT_ACADEMIC,,TECHNICAL,RESOLVED,data\raw\catalogs\2024-2025\2024-2025_Catalog.docx
2024-2025,CRTR 2331,CRTR,2331,False,TECHNICAL,RESOLVED_NOT_ACADEMIC,,TECHNICAL,RESOLVED,data\raw\catalogs\2024-2025\2024-2025_Catalog.docx
2024-2025,CRTR 2335,CRTR,2335,False,TECHNICAL,RESOLVED_NOT_ACADEMIC,,TECHNICAL,RESOLVED,data\raw\catalogs\2024-2025\2024-2025_Catalog.docx
2024-2025,CRTR 2401,CRTR,2401,False,TECHNICAL,RESOLVED_NOT_ACADEMIC,,TECHNICAL,RESOLVED,data\raw\catalogs\2024-2025\2024-2025_Catalog.docx
2024-2025,CSME 1401,CSME,1401,False,TECHNICAL,RESOLVED_NOT_ACADEMIC,,TECHNICAL,RESOLVED,data\raw\catalogs\2024-2025\2024-2025_Catalog.docx
2024-2025,CSME 1405,CSME,1405,False,TECHNICAL,RESOLVED_NOT_ACADEMIC,,TECHNICAL,RESOLVED,data\raw\catalogs\2024-2025\2024-2025_Catalog.docx
2024-2025,CSME 1410,CSME,1410,False,TECHNICAL,RESOLVED_NOT_ACADEMIC,,TECHNICAL,RESOLVED,data\raw\catalogs\2024-2025\2024-2025_Catalog.docx
2024-2025,CSME 1442,CSME,1442,False,TECHNICAL,RESOLVED_NOT_ACADEMIC,,TECHNICAL,RESOLVED,data\raw\catalogs\2024-2025\2024-2025_Catalog.docx
2024-2025,CSME 2401,CSME,2401,False,TECHNICAL,RESOLVED_NOT_ACADEMIC,,TECHNICAL,RESOLVED,data\raw\catalogs\2024-2025\2024-2025_Catalog.docx
2024-2025,CSME 2436,CSME,2436,False,TECHNICAL,RESOLVED_NOT_ACADEMIC,,TECHNICAL,RESOLVED,data\raw\catalogs\2024-2025\2024-2025_Catalog.docx
2024-2025,CSME 2439,CSME,2439,False,TECHNICAL,RESOLVED_NOT_ACADEMIC,,TECHNICAL,RESOLVED,data\raw\catalogs\2024-2025\2024-2025_Catalog.docx
2024-2025,CSME 2541,CSME,2541,False,TECHNICAL,RESOLVED_NOT_ACADEMIC,,TECHNICAL,RESOLVED,data\raw\catalogs\2024-2025\2024-2025_Catalog.docx
2024-2025,CTEC 2445,CTEC,2445,False,TECHNICAL,RESOLVED_NOT_ACADEMIC,,TECHNICAL,RESOLVED,data\raw\catalogs\2024-2025\2024-2025_Catalog.docx
2024-2025,CTEC 2480,CTEC,2480,False,TECHNICAL,RESOLVED_NOT_ACADEMIC,,TECHNICAL,RESOLVED,data\raw\catalogs\2024-2025\2024-2025_Catalog.docx
2024-2025,CVOP 1145,CVOP,1145,False,TECHNICAL,RESOLVED_NOT_ACADEMIC,,TECHNICAL,RESOLVED,data\raw\catalogs\2024-2025\2024-2025_Catalog.docx
2024-2025,CVOP 1201,CVOP,1201,False,TECHNICAL,RESOLVED_NOT_ACADEMIC,,TECHNICAL,RESOLVED,data\raw\catalogs\2024-2025\2024-2025_Catalog.docx
2024-2025,DIRW 0400,DIRW,0400,False,COLLEGE_PREPARATORY,RESOLVED_NOT_ACADEMIC,,COLLEGE_PREPARATORY,RESOLVED,data\raw\catalogs\2024-2025\2024-2025_Catalog.docx
2024-2025,DMTH 0300,DMTH,0300,False,COLLEGE_PREPARATORY,RESOLVED_NOT_ACADEMIC,,COLLEGE_PREPARATORY,RESOLVED,data\raw\catalogs\2024-2025\2024-2025_Catalog.docx
2024-2025,DMTH 0301,DMTH,0301,False,COLLEGE_PREPARATORY,RESOLVED_NOT_ACADEMIC,,COLLEGE_PREPARATORY,RESOLVED,data\raw\catalogs\2024-2025\2024-2025_Catalog.docx
2024-2025,DMTH 0314,DMTH,0314,False,COLLEGE_PREPARATORY,RESOLVED_NOT_ACADEMIC,,COLLEGE_PREPARATORY,RESOLVED,data\raw\catalogs\2024-2025\2024-2025_Catalog.docx
2024-2025,DMTH 0332,DMTH,0332,False,COLLEGE_PREPARATORY,RESOLVED_NOT_ACADEMIC,,COLLEGE_PREPARATORY,RESOLVED,data\raw\catalogs\2024-2025\2024-2025_Catalog.docx
2024-2025,DNTA 1103,DNTA,1103,False,TECHNICAL,RESOLVED_NOT_ACADEMIC,,TECHNICAL,RESOLVED,data\raw\catalogs\2024-2025\2024-2025_Catalog.docx
2024-2025,DNTA 1202,DNTA,1202,False,TECHNICAL,RESOLVED_NOT_ACADEMIC,,TECHNICAL,RESOLVED,data\raw\catalogs\2024-2025\2024-2025_Catalog.docx
2024-2025,DNTA 1213,DNTA,1213,False,TECHNICAL,RESOLVED_NOT_ACADEMIC,,TECHNICAL,RESOLVED,data\raw\catalogs\2024-2025\2024-2025_Catalog.docx
2024-2025,DNTA 1241,DNTA,1241,False,TECHNICAL,RESOLVED_NOT_ACADEMIC,,TECHNICAL,RESOLVED,data\raw\catalogs\2024-2025\2024-2025_Catalog.docx
2024-2025,DNTA 1245,DNTA,1245,False,TECHNICAL,RESOLVED_NOT_ACADEMIC,,TECHNICAL,RESOLVED,data\raw\catalogs\2024-2025\2024-2025_Catalog.docx
2024-2025,DNTA 1249,DNTA,1249,False,TECHNICAL,RESOLVED_NOT_ACADEMIC,,TECHNICAL,RESOLVED,data\raw\catalogs\2024-2025\2024-2025_Catalog.docx
2024-2025,DNTA 1251,DNTA,1251,False,TECHNICAL,RESOLVED_NOT_ACADEMIC,,TECHNICAL,RESOLVED,data\raw\catalogs\2024-2025\2024-2025_Catalog.docx
2024-2025,DNTA 1305,DNTA,1305,False,TECHNICAL,RESOLVED_NOT_ACADEMIC,,TECHNICAL,RESOLVED,data\raw\catalogs\2024-2025\2024-2025_Catalog.docx
2024-2025,DNTA 1311,DNTA,1311,False,TECHNICAL,RESOLVED_NOT_ACADEMIC,,TECHNICAL,RESOLVED,data\raw\catalogs\2024-2025\2024-2025_Catalog.docx
2024-2025,DNTA 1315,DNTA,1315,False,TECHNICAL,RESOLVED_NOT_ACADEMIC,,TECHNICAL,RESOLVED,data\raw\catalogs\2024-2025\2024-2025_Catalog.docx
2024-2025,DNTA 1353,DNTA,1353,False,TECHNICAL,RESOLVED_NOT_ACADEMIC,,TECHNICAL,RESOLVED,data\raw\catalogs\2024-2025\2024-2025_Catalog.docx
2024-2025,DNTA 1401,DNTA,1401,False,TECHNICAL,RESOLVED_NOT_ACADEMIC,,TECHNICAL,RESOLVED,data\raw\catalogs\2024-2025\2024-2025_Catalog.docx
2024-2025,DNTA 1447,DNTA,1447,False,TECHNICAL,RESOLVED_NOT_ACADEMIC,,TECHNICAL,RESOLVED,data\raw\catalogs\2024-2025\2024-2025_Catalog.docx
2024-2025,DNTA 1660,DNTA,1660,False,TECHNICAL,RESOLVED_NOT_ACADEMIC,,TECHNICAL,RESOLVED,data\raw\catalogs\2024-2025\2024-2025_Catalog.docx
2024-2025,DNTA 2461,DNTA,2461,False,TECHNICAL,RESOLVED_NOT_ACADEMIC,,TECHNICAL,RESOLVED,data\raw\catalogs\2024-2025\2024-2025_Catalog.docx
2024-2025,DRAM 1310,DRAM,1310,True,ACADEMIC,RESOLVED_FROM_CATALOG_MARKER,,ACADEMIC,RESOLVED,data\raw\catalogs\2024-2025\2024-2025_Catalog.docx
2024-2025,DRAM 2366,DRAM,2366,True,ACADEMIC,RESOLVED_FROM_CATALOG_MARKER,,ACADEMIC,RESOLVED,data\raw\catalogs\2024-2025\2024-2025_Catalog.docx
2024-2025,ECON 2301,ECON,2301,True,ACADEMIC,RESOLVED_FROM_CATALOG_MARKER,,ACADEMIC,RESOLVED,data\raw\catalogs\2024-2025\2024-2025_Catalog.docx
2024-2025,ECON 2302,ECON,2302,True,ACADEMIC,RESOLVED_FROM_CATALOG_MARKER,,ACADEMIC,RESOLVED,data\raw\catalogs\2024-2025\2024-2025_Catalog.docx
2024-2025,ECRD 1211,ECRD,1211,False,TECHNICAL,RESOLVED_NOT_ACADEMIC,,TECHNICAL,RESOLVED,data\raw\catalogs\2024-2025\2024-2025_Catalog.docx
2024-2025,EDUC 1300,EDUC,1300,True,ACADEMIC,RESOLVED_FROM_CATALOG_MARKER,,ACADEMIC,RESOLVED,data\raw\catalogs\2024-2025\2024-2025_Catalog.docx
2024-2025,EDUC 1301,EDUC,1301,True,ACADEMIC,RESOLVED_FROM_CATALOG_MARKER,,ACADEMIC,RESOLVED,data\raw\catalogs\2024-2025\2024-2025_Catalog.docx
2024-2025,EDUC 2301,EDUC,2301,True,ACADEMIC,RESOLVED_FROM_CATALOG_MARKER,,ACADEMIC,RESOLVED,data\raw\catalogs\2024-2025\2024-2025_Catalog.docx
2024-2025,ELPT 1321,ELPT,1321,False,TECHNICAL,RESOLVED_NOT_ACADEMIC,,TECHNICAL,RESOLVED,data\raw\catalogs\2024-2025\2024-2025_Catalog.docx
2024-2025,ELPT 1325,ELPT,1325,False,TECHNICAL,RESOLVED_NOT_ACADEMIC,,TECHNICAL,RESOLVED,data\raw\catalogs\2024-2025\2024-2025_Catalog.docx
2024-2025,ELPT 1329,ELPT,1329,False,TECHNICAL,RESOLVED_NOT_ACADEMIC,,TECHNICAL,RESOLVED,data\raw\catalogs\2024-2025\2024-2025_Catalog.docx
2024-2025,ELPT 1357,ELPT,1357,False,TECHNICAL,RESOLVED_NOT_ACADEMIC,,TECHNICAL,RESOLVED,data\raw\catalogs\2024-2025\2024-2025_Catalog.docx
2024-2025,ELPT 1411,ELPT,1411,False,TECHNICAL,RESOLVED_NOT_ACADEMIC,,TECHNICAL,RESOLVED,data\raw\catalogs\2024-2025\2024-2025_Catalog.docx
2024-2025,ELPT 1445,ELPT,1445,False,TECHNICAL,RESOLVED_NOT_ACADEMIC,,TECHNICAL,RESOLVED,data\raw\catalogs\2024-2025\2024-2025_Catalog.docx
2024-2025,ELPT 2264,ELPT,2264,False,TECHNICAL,RESOLVED_NOT_ACADEMIC,,TECHNICAL,RESOLVED,data\raw\catalogs\2024-2025\2024-2025_Catalog.docx
2024-2025,ELPT 2325,ELPT,2325,False,TECHNICAL,RESOLVED_NOT_ACADEMIC,,TECHNICAL,RESOLVED,data\raw\catalogs\2024-2025\2024-2025_Catalog.docx
2024-2025,ELPT 2423,ELPT,2423,False,TECHNICAL,RESOLVED_NOT_ACADEMIC,,TECHNICAL,RESOLVED,data\raw\catalogs\2024-2025\2024-2025_Catalog.docx
2024-2025,ELPT 2437,ELPT,2437,False,TECHNICAL,RESOLVED_NOT_ACADEMIC,,TECHNICAL,RESOLVED,data\raw\catalogs\2024-2025\2024-2025_Catalog.docx
2024-2025,ELTN 1443,ELTN,1443,False,TECHNICAL,RESOLVED_NOT_ACADEMIC,,TECHNICAL,RESOLVED,data\raw\catalogs\2024-2025\2024-2025_Catalog.docx
2024-2025,EMSP 1208,EMSP,1208,False,TECHNICAL,RESOLVED_NOT_ACADEMIC,,TECHNICAL,RESOLVED,data\raw\catalogs\2024-2025\2024-2025_Catalog.docx
2024-2025,EMSP 1260,EMSP,1260,False,TECHNICAL,RESOLVED_NOT_ACADEMIC,,TECHNICAL,RESOLVED,data\raw\catalogs\2024-2025\2024-2025_Catalog.docx
2024-2025,EMSP 1338,EMSP,1338,False,TECHNICAL,RESOLVED_NOT_ACADEMIC,,TECHNICAL,RESOLVED,data\raw\catalogs\2024-2025\2024-2025_Catalog.docx
2024-2025,EMSP 1355,EMSP,1355,False,TECHNICAL,RESOLVED_NOT_ACADEMIC,,TECHNICAL,RESOLVED,data\raw\catalogs\2024-2025\2024-2025_Catalog.docx
2024-2025,EMSP 1356,EMSP,1356,False,TECHNICAL,RESOLVED_NOT_ACADEMIC,,TECHNICAL,RESOLVED,data\raw\catalogs\2024-2025\2024-2025_Catalog.docx
2024-2025,EMSP 1362,EMSP,1362,False,TECHNICAL,RESOLVED_NOT_ACADEMIC,,TECHNICAL,RESOLVED,data\raw\catalogs\2024-2025\2024-2025_Catalog.docx
2024-2025,EMSP 1438,EMSP,1438,False,TECHNICAL,RESOLVED_NOT_ACADEMIC,,TECHNICAL,RESOLVED,data\raw\catalogs\2024-2025\2024-2025_Catalog.docx
2024-2025,EMSP 1501,EMSP,1501,False,TECHNICAL,RESOLVED_NOT_ACADEMIC,,TECHNICAL,RESOLVED,data\raw\catalogs\2024-2025\2024-2025_Catalog.docx
2024-2025,EMSP 2243,EMSP,2243,False,TECHNICAL,RESOLVED_NOT_ACADEMIC,,TECHNICAL,RESOLVED,data\raw\catalogs\2024-2025\2024-2025_Catalog.docx
2024-2025,EMSP 2260,EMSP,2260,False,TECHNICAL,RESOLVED_NOT_ACADEMIC,,TECHNICAL,RESOLVED,data\raw\catalogs\2024-2025\2024-2025_Catalog.docx
2024-2025,EMSP 2262,EMSP,2262,False,TECHNICAL,RESOLVED_NOT_ACADEMIC,,TECHNICAL,RESOLVED,data\raw\catalogs\2024-2025\2024-2025_Catalog.docx
2024-2025,EMSP 2264,EMSP,2264,False,TECHNICAL,RESOLVED_NOT_ACADEMIC,,TECHNICAL,RESOLVED,data\raw\catalogs\2024-2025\2024-2025_Catalog.docx
2024-2025,EMSP 2305,EMSP,2305,False,TECHNICAL,RESOLVED_NOT_ACADEMIC,,TECHNICAL,RESOLVED,data\raw\catalogs\2024-2025\2024-2025_Catalog.docx
2024-2025,EMSP 2306,EMSP,2306,False,TECHNICAL,RESOLVED_NOT_ACADEMIC,,TECHNICAL,RESOLVED,data\raw\catalogs\2024-2025\2024-2025_Catalog.docx
2024-2025,EMSP 2330,EMSP,2330,False,TECHNICAL,RESOLVED_NOT_ACADEMIC,,TECHNICAL,RESOLVED,data\raw\catalogs\2024-2025\2024-2025_Catalog.docx
2024-2025,EMSP 2434,EMSP,2434,False,TECHNICAL,RESOLVED_NOT_ACADEMIC,,TECHNICAL,RESOLVED,data\raw\catalogs\2024-2025\2024-2025_Catalog.docx
2024-2025,EMSP 2444,EMSP,2444,False,TECHNICAL,RESOLVED_NOT_ACADEMIC,,TECHNICAL,RESOLVED,data\raw\catalogs\2024-2025\2024-2025_Catalog.docx
2024-2025,ENGL 1301,ENGL,1301,True,ACADEMIC,RESOLVED_FROM_CATALOG_MARKER,,ACADEMIC,RESOLVED,data\raw\catalogs\2024-2025\2024-2025_Catalog.docx
2024-2025,ENGL 1302,ENGL,1302,True,ACADEMIC,RESOLVED_FROM_CATALOG_MARKER,,ACADEMIC,RESOLVED,data\raw\catalogs\2024-2025\2024-2025_Catalog.docx
2024-2025,ENGL 2307,ENGL,2307,True,ACADEMIC,RESOLVED_FROM_CATALOG_MARKER,,ACADEMIC,RESOLVED,data\raw\catalogs\2024-2025\2024-2025_Catalog.docx
2024-2025,ENGL 2322,ENGL,2322,True,ACADEMIC,RESOLVED_FROM_CATALOG_MARKER,,ACADEMIC,RESOLVED,data\raw\catalogs\2024-2025\2024-2025_Catalog.docx
2024-2025,ENGL 2323,ENGL,2323,True,ACADEMIC,RESOLVED_FROM_CATALOG_MARKER,,ACADEMIC,RESOLVED,data\raw\catalogs\2024-2025\2024-2025_Catalog.docx
2024-2025,ENGL 2326,ENGL,2326,True,ACADEMIC,RESOLVED_FROM_CATALOG_MARKER,,ACADEMIC,RESOLVED,data\raw\catalogs\2024-2025\2024-2025_Catalog.docx
2024-2025,ENGL 2331,ENGL,2331,True,ACADEMIC,RESOLVED_FROM_CATALOG_MARKER,,ACADEMIC,RESOLVED,data\raw\catalogs\2024-2025\2024-2025_Catalog.docx
2024-2025,ENGL 2341,ENGL,2341,True,ACADEMIC,RESOLVED_FROM_CATALOG_MARKER,,ACADEMIC,RESOLVED,data\raw\catalogs\2024-2025\2024-2025_Catalog.docx
2024-2025,ENGR 2301,ENGR,2301,True,ACADEMIC,RESOLVED_FROM_CATALOG_MARKER,,ACADEMIC,RESOLVED,data\raw\catalogs\2024-2025\2024-2025_Catalog.docx
2024-2025,ENGR 2332,ENGR,2332,True,ACADEMIC,RESOLVED_FROM_CATALOG_MARKER,,ACADEMIC,RESOLVED,data\raw\catalogs\2024-2025\2024-2025_Catalog.docx
2024-2025,EPCT 1301,EPCT,1301,False,TECHNICAL,RESOLVED_NOT_ACADEMIC,,TECHNICAL,RESOLVED,data\raw\catalogs\2024-2025\2024-2025_Catalog.docx
2024-2025,EPCT 1305,EPCT,1305,False,TECHNICAL,RESOLVED_NOT_ACADEMIC,,TECHNICAL,RESOLVED,data\raw\catalogs\2024-2025\2024-2025_Catalog.docx
2024-2025,EPCT 1341,EPCT,1341,False,TECHNICAL,RESOLVED_NOT_ACADEMIC,,TECHNICAL,RESOLVED,data\raw\catalogs\2024-2025\2024-2025_Catalog.docx
2024-2025,EPCT 1349,EPCT,1349,False,TECHNICAL,RESOLVED_NOT_ACADEMIC,,TECHNICAL,RESOLVED,data\raw\catalogs\2024-2025\2024-2025_Catalog.docx
2024-2025,EPCT 2489,EPCT,2489,False,TECHNICAL,RESOLVED_NOT_ACADEMIC,,TECHNICAL,RESOLVED,data\raw\catalogs\2024-2025\2024-2025_Catalog.docx
2024-2025,FDNS 1345,FDNS,1345,False,TECHNICAL,RESOLVED_NOT_ACADEMIC,,TECHNICAL,RESOLVED,data\raw\catalogs\2024-2025\2024-2025_Catalog.docx
2024-2025,GEOG 1301,GEOG,1301,True,ACADEMIC,RESOLVED_FROM_CATALOG_MARKER,,ACADEMIC,RESOLVED,data\raw\catalogs\2024-2025\2024-2025_Catalog.docx
2024-2025,GEOG 1302,GEOG,1302,True,ACADEMIC,RESOLVED_FROM_CATALOG_MARKER,,ACADEMIC,RESOLVED,data\raw\catalogs\2024-2025\2024-2025_Catalog.docx
2024-2025,GEOG 1303,GEOG,1303,True,ACADEMIC,RESOLVED_FROM_CATALOG_MARKER,,ACADEMIC,RESOLVED,data\raw\catalogs\2024-2025\2024-2025_Catalog.docx
2024-2025,GEOL 1403,GEOL,1403,True,ACADEMIC,RESOLVED_FROM_CATALOG_MARKER,,ACADEMIC,RESOLVED,data\raw\catalogs\2024-2025\2024-2025_Catalog.docx
2024-2025,GEOL 1404,GEOL,1404,True,ACADEMIC,RESOLVED_FROM_CATALOG_MARKER,,ACADEMIC,RESOLVED,data\raw\catalogs\2024-2025\2024-2025_Catalog.docx
2024-2025,GOVT 2305,GOVT,2305,True,ACADEMIC,RESOLVED_FROM_CATALOG_MARKER,,ACADEMIC,RESOLVED,data\raw\catalogs\2024-2025\2024-2025_Catalog.docx
2024-2025,GOVT 2306,GOVT,2306,True,ACADEMIC,RESOLVED_FROM_CATALOG_MARKER,,ACADEMIC,RESOLVED,data\raw\catalogs\2024-2025\2024-2025_Catalog.docx
2024-2025,HART 1341,HART,1341,False,TECHNICAL,RESOLVED_NOT_ACADEMIC,,TECHNICAL,RESOLVED,data\raw\catalogs\2024-2025\2024-2025_Catalog.docx
2024-2025,HART 1345,HART,1345,False,TECHNICAL,RESOLVED_NOT_ACADEMIC,,TECHNICAL,RESOLVED,data\raw\catalogs\2024-2025\2024-2025_Catalog.docx
2024-2025,HART 1401,HART,1401,False,TECHNICAL,RESOLVED_NOT_ACADEMIC,,TECHNICAL,RESOLVED,data\raw\catalogs\2024-2025\2024-2025_Catalog.docx
2024-2025,HART 1403,HART,1403,False,TECHNICAL,RESOLVED_NOT_ACADEMIC,,TECHNICAL,RESOLVED,data\raw\catalogs\2024-2025\2024-2025_Catalog.docx
2024-2025,HART 1407,HART,1407,False,TECHNICAL,RESOLVED_NOT_ACADEMIC,,TECHNICAL,RESOLVED,data\raw\catalogs\2024-2025\2024-2025_Catalog.docx
2024-2025,HART 2436,HART,2436,False,TECHNICAL,RESOLVED_NOT_ACADEMIC,,TECHNICAL,RESOLVED,data\raw\catalogs\2024-2025\2024-2025_Catalog.docx
2024-2025,HART 2438,HART,2438,False,TECHNICAL,RESOLVED_NOT_ACADEMIC,,TECHNICAL,RESOLVED,data\raw\catalogs\2024-2025\2024-2025_Catalog.docx
2024-2025,HART 2445,HART,2445,False,TECHNICAL,RESOLVED_NOT_ACADEMIC,,TECHNICAL,RESOLVED,data\raw\catalogs\2024-2025\2024-2025_Catalog.docx
2024-2025,HIST 1301,HIST,1301,True,ACADEMIC,RESOLVED_FROM_CATALOG_MARKER,,ACADEMIC,RESOLVED,data\raw\catalogs\2024-2025\2024-2025_Catalog.docx
2024-2025,HIST 1302,HIST,1302,True,ACADEMIC,RESOLVED_FROM_CATALOG_MARKER,,ACADEMIC,RESOLVED,data\raw\catalogs\2024-2025\2024-2025_Catalog.docx
2024-2025,HIST 2301,HIST,2301,True,ACADEMIC,RESOLVED_FROM_CATALOG_MARKER,,ACADEMIC,RESOLVED,data\raw\catalogs\2024-2025\2024-2025_Catalog.docx
2024-2025,HIST 2321,HIST,2321,True,ACADEMIC,RESOLVED_FROM_CATALOG_MARKER,,ACADEMIC,RESOLVED,data\raw\catalogs\2024-2025\2024-2025_Catalog.docx
2024-2025,HIST 2322,HIST,2322,True,ACADEMIC,RESOLVED_FROM_CATALOG_MARKER,,ACADEMIC,RESOLVED,data\raw\catalogs\2024-2025\2024-2025_Catalog.docx
2024-2025,HITT 1305,HITT,1305,False,TECHNICAL,RESOLVED_NOT_ACADEMIC,,TECHNICAL,RESOLVED,data\raw\catalogs\2024-2025\2024-2025_Catalog.docx
2024-2025,HUMA 1315,HUMA,1315,True,ACADEMIC,RESOLVED_FROM_CATALOG_MARKER,,ACADEMIC,RESOLVED,data\raw\catalogs\2024-2025\2024-2025_Catalog.docx
2024-2025,HYDR 1405,HYDR,1405,False,TECHNICAL,RESOLVED_NOT_ACADEMIC,,TECHNICAL,RESOLVED,data\raw\catalogs\2024-2025\2024-2025_Catalog.docx
2024-2025,HYDR 1445,HYDR,1445,False,TECHNICAL,RESOLVED_NOT_ACADEMIC,,TECHNICAL,RESOLVED,data\raw\catalogs\2024-2025\2024-2025_Catalog.docx
2024-2025,INCR 1402,INCR,1402,False,TECHNICAL,RESOLVED_NOT_ACADEMIC,,TECHNICAL,RESOLVED,data\raw\catalogs\2024-2025\2024-2025_Catalog.docx
2024-2025,INCR 1442,INCR,1442,False,TECHNICAL,RESOLVED_NOT_ACADEMIC,,TECHNICAL,RESOLVED,data\raw\catalogs\2024-2025\2024-2025_Catalog.docx
2024-2025,INMT 2301,INMT,2301,False,TECHNICAL,RESOLVED_NOT_ACADEMIC,,TECHNICAL,RESOLVED,data\raw\catalogs\2024-2025\2024-2025_Catalog.docx
2024-2025,INMT 2303,INMT,2303,False,TECHNICAL,RESOLVED_NOT_ACADEMIC,,TECHNICAL,RESOLVED,data\raw\catalogs\2024-2025\2024-2025_Catalog.docx
2024-2025,INMT 2345,INMT,2345,False,TECHNICAL,RESOLVED_NOT_ACADEMIC,,TECHNICAL,RESOLVED,data\raw\catalogs\2024-2025\2024-2025_Catalog.docx
2024-2025,INTC 1301,INTC,1301,False,TECHNICAL,RESOLVED_NOT_ACADEMIC,,TECHNICAL,RESOLVED,data\raw\catalogs\2024-2025\2024-2025_Catalog.docx
2024-2025,INTC 1358,INTC,1358,False,TECHNICAL,RESOLVED_NOT_ACADEMIC,,TECHNICAL,RESOLVED,data\raw\catalogs\2024-2025\2024-2025_Catalog.docx
2024-2025,INTC 1457,INTC,1457,False,TECHNICAL,RESOLVED_NOT_ACADEMIC,,TECHNICAL,RESOLVED,data\raw\catalogs\2024-2025\2024-2025_Catalog.docx
2024-2025,INTC 2480,INTC,2480,False,TECHNICAL,RESOLVED_NOT_ACADEMIC,,TECHNICAL,RESOLVED,data\raw\catalogs\2024-2025\2024-2025_Catalog.docx
2024-2025,INTC 2488,INTC,2488,False,TECHNICAL,RESOLVED_NOT_ACADEMIC,,TECHNICAL,RESOLVED,data\raw\catalogs\2024-2025\2024-2025_Catalog.docx
2024-2025,ITCC 1314,ITCC,1314,False,TECHNICAL,RESOLVED_NOT_ACADEMIC,,TECHNICAL,RESOLVED,data\raw\catalogs\2024-2025\2024-2025_Catalog.docx
2024-2025,ITCC 1344,ITCC,1344,False,TECHNICAL,RESOLVED_NOT_ACADEMIC,,TECHNICAL,RESOLVED,data\raw\catalogs\2024-2025\2024-2025_Catalog.docx
2024-2025,ITCC 2320,ITCC,2320,False,TECHNICAL,RESOLVED_NOT_ACADEMIC,,TECHNICAL,RESOLVED,data\raw\catalogs\2024-2025\2024-2025_Catalog.docx
2024-2025,ITDF 1300,ITDF,1300,False,TECHNICAL,RESOLVED_NOT_ACADEMIC,,TECHNICAL,RESOLVED,data\raw\catalogs\2024-2025\2024-2025_Catalog.docx
2024-2025,ITNW 1313,ITNW,1313,False,TECHNICAL,RESOLVED_NOT_ACADEMIC,,TECHNICAL,RESOLVED,data\raw\catalogs\2024-2025\2024-2025_Catalog.docx
2024-2025,ITNW 1336,ITNW,1336,False,TECHNICAL,RESOLVED_NOT_ACADEMIC,,TECHNICAL,RESOLVED,data\raw\catalogs\2024-2025\2024-2025_Catalog.docx
2024-2025,ITNW 1354,ITNW,1354,False,TECHNICAL,RESOLVED_NOT_ACADEMIC,,TECHNICAL,RESOLVED,data\raw\catalogs\2024-2025\2024-2025_Catalog.docx
2024-2025,ITSC 1325,ITSC,1325,False,TECHNICAL,RESOLVED_NOT_ACADEMIC,,TECHNICAL,RESOLVED,data\raw\catalogs\2024-2025\2024-2025_Catalog.docx
2024-2025,ITSC 2387,ITSC,2387,False,TECHNICAL,RESOLVED_NOT_ACADEMIC,,TECHNICAL,RESOLVED,data\raw\catalogs\2024-2025\2024-2025_Catalog.docx
2024-2025,ITSE 1331,ITSE,1331,False,UNKNOWN,CONSERVATIVE_EXCLUSION_UNRESOLVED,No authoritative academic marker; excluded from academic-elective eligibility.,UNKNOWN,REVIEW_REQUIRED,data\raw\catalogs\2024-2025\2024-2025_Catalog.docx
2024-2025,ITSE 1345,ITSE,1345,False,TECHNICAL,RESOLVED_NOT_ACADEMIC,,TECHNICAL,RESOLVED,data\raw\catalogs\2024-2025\2024-2025_Catalog.docx
2024-2025,ITSE 1359,ITSE,1359,False,TECHNICAL,RESOLVED_NOT_ACADEMIC,,TECHNICAL,RESOLVED,data\raw\catalogs\2024-2025\2024-2025_Catalog.docx
2024-2025,ITSW 1304,ITSW,1304,False,TECHNICAL,RESOLVED_NOT_ACADEMIC,,TECHNICAL,RESOLVED,data\raw\catalogs\2024-2025\2024-2025_Catalog.docx
2024-2025,ITSY 1342,ITSY,1342,False,TECHNICAL,RESOLVED_NOT_ACADEMIC,,TECHNICAL,RESOLVED,data\raw\catalogs\2024-2025\2024-2025_Catalog.docx
2024-2025,ITSY 2301,ITSY,2301,False,TECHNICAL,RESOLVED_NOT_ACADEMIC,,TECHNICAL,RESOLVED,data\raw\catalogs\2024-2025\2024-2025_Catalog.docx
2024-2025,ITSY 2343,ITSY,2343,False,TECHNICAL,RESOLVED_NOT_ACADEMIC,,TECHNICAL,RESOLVED,data\raw\catalogs\2024-2025\2024-2025_Catalog.docx
2024-2025,LMGT 1293,LMGT,1293,False,TECHNICAL,RESOLVED_NOT_ACADEMIC,,TECHNICAL,RESOLVED,data\raw\catalogs\2024-2025\2024-2025_Catalog.docx
2024-2025,LMGT 1319,LMGT,1319,False,TECHNICAL,RESOLVED_NOT_ACADEMIC,,TECHNICAL,RESOLVED,data\raw\catalogs\2024-2025\2024-2025_Catalog.docx
2024-2025,LMGT 1321,LMGT,1321,False,TECHNICAL,RESOLVED_NOT_ACADEMIC,,TECHNICAL,RESOLVED,data\raw\catalogs\2024-2025\2024-2025_Catalog.docx
2024-2025,LMGT 1323,LMGT,1323,False,TECHNICAL,RESOLVED_NOT_ACADEMIC,,TECHNICAL,RESOLVED,data\raw\catalogs\2024-2025\2024-2025_Catalog.docx
2024-2025,LMGT 1325,LMGT,1325,False,TECHNICAL,RESOLVED_NOT_ACADEMIC,,TECHNICAL,RESOLVED,data\raw\catalogs\2024-2025\2024-2025_Catalog.docx
2024-2025,LMGT 1345,LMGT,1345,False,TECHNICAL,RESOLVED_NOT_ACADEMIC,,TECHNICAL,RESOLVED,data\raw\catalogs\2024-2025\2024-2025_Catalog.docx
2024-2025,LMGT 2334,LMGT,2334,False,TECHNICAL,RESOLVED_NOT_ACADEMIC,,TECHNICAL,RESOLVED,data\raw\catalogs\2024-2025\2024-2025_Catalog.docx
2024-2025,LMGT 2388,LMGT,2388,False,TECHNICAL,RESOLVED_NOT_ACADEMIC,,TECHNICAL,RESOLVED,data\raw\catalogs\2024-2025\2024-2025_Catalog.docx
2024-2025,MATH 1314,MATH,1314,True,ACADEMIC,RESOLVED_FROM_CATALOG_MARKER,,ACADEMIC,RESOLVED,data\raw\catalogs\2024-2025\2024-2025_Catalog.docx
2024-2025,MATH 1316,MATH,1316,True,ACADEMIC,RESOLVED_FROM_CATALOG_MARKER,,ACADEMIC,RESOLVED,data\raw\catalogs\2024-2025\2024-2025_Catalog.docx
2024-2025,MATH 1324,MATH,1324,True,ACADEMIC,RESOLVED_FROM_CATALOG_MARKER,,ACADEMIC,RESOLVED,data\raw\catalogs\2024-2025\2024-2025_Catalog.docx
2024-2025,MATH 1325,MATH,1325,True,ACADEMIC,RESOLVED_FROM_CATALOG_MARKER,,ACADEMIC,RESOLVED,data\raw\catalogs\2024-2025\2024-2025_Catalog.docx
2024-2025,MATH 1332,MATH,1332,True,ACADEMIC,RESOLVED_FROM_CATALOG_MARKER,,ACADEMIC,RESOLVED,data\raw\catalogs\2024-2025\2024-2025_Catalog.docx
2024-2025,MATH 1342,MATH,1342,True,ACADEMIC,RESOLVED_FROM_CATALOG_MARKER,,ACADEMIC,RESOLVED,data\raw\catalogs\2024-2025\2024-2025_Catalog.docx
2024-2025,MATH 1350,MATH,1350,True,ACADEMIC,RESOLVED_FROM_CATALOG_MARKER,,ACADEMIC,RESOLVED,data\raw\catalogs\2024-2025\2024-2025_Catalog.docx
2024-2025,MATH 1351,MATH,1351,True,ACADEMIC,RESOLVED_FROM_CATALOG_MARKER,,ACADEMIC,RESOLVED,data\raw\catalogs\2024-2025\2024-2025_Catalog.docx
2024-2025,MATH 2305,MATH,2305,True,ACADEMIC,RESOLVED_FROM_CATALOG_MARKER,,ACADEMIC,RESOLVED,data\raw\catalogs\2024-2025\2024-2025_Catalog.docx
2024-2025,MATH 2312,MATH,2312,True,ACADEMIC,RESOLVED_FROM_CATALOG_MARKER,,ACADEMIC,RESOLVED,data\raw\catalogs\2024-2025\2024-2025_Catalog.docx
2024-2025,MATH 2318,MATH,2318,True,ACADEMIC,RESOLVED_FROM_CATALOG_MARKER,,ACADEMIC,RESOLVED,data\raw\catalogs\2024-2025\2024-2025_Catalog.docx
2024-2025,MATH 2320,MATH,2320,True,ACADEMIC,RESOLVED_FROM_CATALOG_MARKER,,ACADEMIC,RESOLVED,data\raw\catalogs\2024-2025\2024-2025_Catalog.docx
2024-2025,MATH 2413,MATH,2413,True,ACADEMIC,RESOLVED_FROM_CATALOG_MARKER,,ACADEMIC,RESOLVED,data\raw\catalogs\2024-2025\2024-2025_Catalog.docx
2024-2025,MATH 2414,MATH,2414,True,ACADEMIC,RESOLVED_FROM_CATALOG_MARKER,,ACADEMIC,RESOLVED,data\raw\catalogs\2024-2025\2024-2025_Catalog.docx
2024-2025,MATH 2415,MATH,2415,True,ACADEMIC,RESOLVED_FROM_CATALOG_MARKER,,ACADEMIC,RESOLVED,data\raw\catalogs\2024-2025\2024-2025_Catalog.docx
2024-2025,MCHN 1338,MCHN,1338,False,TECHNICAL,RESOLVED_NOT_ACADEMIC,,TECHNICAL,RESOLVED,data\raw\catalogs\2024-2025\2024-2025_Catalog.docx
2024-2025,MRKG 1301,MRKG,1301,False,TECHNICAL,RESOLVED_NOT_ACADEMIC,,TECHNICAL,RESOLVED,data\raw\catalogs\2024-2025\2024-2025_Catalog.docx
2024-2025,MRKG 1311,MRKG,1311,False,TECHNICAL,RESOLVED_NOT_ACADEMIC,,TECHNICAL,RESOLVED,data\raw\catalogs\2024-2025\2024-2025_Catalog.docx
2024-2025,MSSG 1105,MSSG,1105,False,TECHNICAL,RESOLVED_NOT_ACADEMIC,,TECHNICAL,RESOLVED,data\raw\catalogs\2024-2025\2024-2025_Catalog.docx
2024-2025,MSSG 1109,MSSG,1109,False,TECHNICAL,RESOLVED_NOT_ACADEMIC,,TECHNICAL,RESOLVED,data\raw\catalogs\2024-2025\2024-2025_Catalog.docx
2024-2025,MSSG 1207,MSSG,1207,False,TECHNICAL,RESOLVED_NOT_ACADEMIC,,TECHNICAL,RESOLVED,data\raw\catalogs\2024-2025\2024-2025_Catalog.docx
2024-2025,MSSG 1411,MSSG,1411,False,TECHNICAL,RESOLVED_NOT_ACADEMIC,,TECHNICAL,RESOLVED,data\raw\catalogs\2024-2025\2024-2025_Catalog.docx
2024-2025,MSSG 1413,MSSG,1413,False,TECHNICAL,RESOLVED_NOT_ACADEMIC,,TECHNICAL,RESOLVED,data\raw\catalogs\2024-2025\2024-2025_Catalog.docx
2024-2025,MSSG 2186,MSSG,2186,False,TECHNICAL,RESOLVED_NOT_ACADEMIC,,TECHNICAL,RESOLVED,data\raw\catalogs\2024-2025\2024-2025_Catalog.docx
2024-2025,MSSG 2311,MSSG,2311,False,TECHNICAL,RESOLVED_NOT_ACADEMIC,,TECHNICAL,RESOLVED,data\raw\catalogs\2024-2025\2024-2025_Catalog.docx
2024-2025,MSSG 2314,MSSG,2314,False,TECHNICAL,RESOLVED_NOT_ACADEMIC,,TECHNICAL,RESOLVED,data\raw\catalogs\2024-2025\2024-2025_Catalog.docx
2024-2025,MSSG 2413,MSSG,2413,False,TECHNICAL,RESOLVED_NOT_ACADEMIC,,TECHNICAL,RESOLVED,data\raw\catalogs\2024-2025\2024-2025_Catalog.docx
2024-2025,MUSI 1181,MUSI,1181,True,ACADEMIC,RESOLVED_FROM_CATALOG_MARKER,,ACADEMIC,RESOLVED,data\raw\catalogs\2024-2025\2024-2025_Catalog.docx
2024-2025,MUSI 1183,MUSI,1183,True,ACADEMIC,RESOLVED_FROM_CATALOG_MARKER,,ACADEMIC,RESOLVED,data\raw\catalogs\2024-2025\2024-2025_Catalog.docx
2024-2025,MUSI 1306,MUSI,1306,True,ACADEMIC,RESOLVED_FROM_CATALOG_MARKER,,ACADEMIC,RESOLVED,data\raw\catalogs\2024-2025\2024-2025_Catalog.docx
2024-2025,NAUT 1264,NAUT,1264,False,TECHNICAL,RESOLVED_NOT_ACADEMIC,,TECHNICAL,RESOLVED,data\raw\catalogs\2024-2025\2024-2025_Catalog.docx
2024-2025,NAUT 1305,NAUT,1305,False,TECHNICAL,RESOLVED_NOT_ACADEMIC,,TECHNICAL,RESOLVED,data\raw\catalogs\2024-2025\2024-2025_Catalog.docx
2024-2025,NAUT 1315,NAUT,1315,False,TECHNICAL,RESOLVED_NOT_ACADEMIC,,TECHNICAL,RESOLVED,data\raw\catalogs\2024-2025\2024-2025_Catalog.docx
2024-2025,NAUT 1320,NAUT,1320,False,TECHNICAL,RESOLVED_NOT_ACADEMIC,,TECHNICAL,RESOLVED,data\raw\catalogs\2024-2025\2024-2025_Catalog.docx
2024-2025,NAUT 1343,NAUT,1343,False,TECHNICAL,RESOLVED_NOT_ACADEMIC,,TECHNICAL,RESOLVED,data\raw\catalogs\2024-2025\2024-2025_Catalog.docx
2024-2025,NAUT 1345,NAUT,1345,False,TECHNICAL,RESOLVED_NOT_ACADEMIC,,TECHNICAL,RESOLVED,data\raw\catalogs\2024-2025\2024-2025_Catalog.docx
2024-2025,NAUT 1350,NAUT,1350,False,TECHNICAL,RESOLVED_NOT_ACADEMIC,,TECHNICAL,RESOLVED,data\raw\catalogs\2024-2025\2024-2025_Catalog.docx
2024-2025,NAUT 2205,NAUT,2205,False,TECHNICAL,RESOLVED_NOT_ACADEMIC,,TECHNICAL,RESOLVED,data\raw\catalogs\2024-2025\2024-2025_Catalog.docx
2024-2025,NAUT 2265,NAUT,2265,False,TECHNICAL,RESOLVED_NOT_ACADEMIC,,TECHNICAL,RESOLVED,data\raw\catalogs\2024-2025\2024-2025_Catalog.docx
2024-2025,NAUT 2310,NAUT,2310,False,TECHNICAL,RESOLVED_NOT_ACADEMIC,,TECHNICAL,RESOLVED,data\raw\catalogs\2024-2025\2024-2025_Catalog.docx
2024-2025,NAUT 2312,NAUT,2312,False,TECHNICAL,RESOLVED_NOT_ACADEMIC,,TECHNICAL,RESOLVED,data\raw\catalogs\2024-2025\2024-2025_Catalog.docx
2024-2025,NAUT 2315,NAUT,2315,False,TECHNICAL,RESOLVED_NOT_ACADEMIC,,TECHNICAL,RESOLVED,data\raw\catalogs\2024-2025\2024-2025_Catalog.docx
2024-2025,NAUT 2320,NAUT,2320,False,TECHNICAL,RESOLVED_NOT_ACADEMIC,,TECHNICAL,RESOLVED,data\raw\catalogs\2024-2025\2024-2025_Catalog.docx
2024-2025,NAUT 2325,NAUT,2325,False,TECHNICAL,RESOLVED_NOT_ACADEMIC,,TECHNICAL,RESOLVED,data\raw\catalogs\2024-2025\2024-2025_Catalog.docx
2024-2025,NCBM 0101,NCBM,0101,False,COLLEGE_PREPARATORY,RESOLVED_NOT_ACADEMIC,,COLLEGE_PREPARATORY,RESOLVED,data\raw\catalogs\2024-2025\2024-2025_Catalog.docx
2024-2025,NCBM 0102,NCBM,0102,False,COLLEGE_PREPARATORY,RESOLVED_NOT_ACADEMIC,,COLLEGE_PREPARATORY,RESOLVED,data\raw\catalogs\2024-2025\2024-2025_Catalog.docx
2024-2025,NURA 1160,NURA,1160,False,TECHNICAL,RESOLVED_NOT_ACADEMIC,,TECHNICAL,RESOLVED,data\raw\catalogs\2024-2025\2024-2025_Catalog.docx
2024-2025,NURA 1301,NURA,1301,False,TECHNICAL,RESOLVED_NOT_ACADEMIC,,TECHNICAL,RESOLVED,data\raw\catalogs\2024-2025\2024-2025_Catalog.docx
2024-2025,OSHT 1405,OSHT,1405,False,TECHNICAL,RESOLVED_NOT_ACADEMIC,,TECHNICAL,RESOLVED,data\raw\catalogs\2024-2025\2024-2025_Catalog.docx
2024-2025,OSHT 2401,OSHT,2401,False,TECHNICAL,RESOLVED_NOT_ACADEMIC,,TECHNICAL,RESOLVED,data\raw\catalogs\2024-2025\2024-2025_Catalog.docx
2024-2025,PFPB 1306,PFPB,1306,False,TECHNICAL,RESOLVED_NOT_ACADEMIC,,TECHNICAL,RESOLVED,data\raw\catalogs\2024-2025\2024-2025_Catalog.docx
2024-2025,PFPB 1308,PFPB,1308,False,TECHNICAL,RESOLVED_NOT_ACADEMIC,,TECHNICAL,RESOLVED,data\raw\catalogs\2024-2025\2024-2025_Catalog.docx
2024-2025,PFPB 1319,PFPB,1319,False,TECHNICAL,RESOLVED_NOT_ACADEMIC,,TECHNICAL,RESOLVED,data\raw\catalogs\2024-2025\2024-2025_Catalog.docx
2024-2025,PFPB 1321,PFPB,1321,False,TECHNICAL,RESOLVED_NOT_ACADEMIC,,TECHNICAL,RESOLVED,data\raw\catalogs\2024-2025\2024-2025_Catalog.docx
2024-2025,PFPB 1323,PFPB,1323,False,TECHNICAL,RESOLVED_NOT_ACADEMIC,,TECHNICAL,RESOLVED,data\raw\catalogs\2024-2025\2024-2025_Catalog.docx
2024-2025,PFPB 1343,PFPB,1343,False,TECHNICAL,RESOLVED_NOT_ACADEMIC,,TECHNICAL,RESOLVED,data\raw\catalogs\2024-2025\2024-2025_Catalog.docx
2024-2025,PFPB 1347,PFPB,1347,False,TECHNICAL,RESOLVED_NOT_ACADEMIC,,TECHNICAL,RESOLVED,data\raw\catalogs\2024-2025\2024-2025_Catalog.docx
2024-2025,PFPB 1350,PFPB,1350,False,TECHNICAL,RESOLVED_NOT_ACADEMIC,,TECHNICAL,RESOLVED,data\raw\catalogs\2024-2025\2024-2025_Catalog.docx
2024-2025,PFPB 1382,PFPB,1382,False,TECHNICAL,RESOLVED_NOT_ACADEMIC,,TECHNICAL,RESOLVED,data\raw\catalogs\2024-2025\2024-2025_Catalog.docx
2024-2025,PFPB 2308,PFPB,2308,False,TECHNICAL,RESOLVED_NOT_ACADEMIC,,TECHNICAL,RESOLVED,data\raw\catalogs\2024-2025\2024-2025_Catalog.docx
2024-2025,PFPB 2309,PFPB,2309,False,TECHNICAL,RESOLVED_NOT_ACADEMIC,,TECHNICAL,RESOLVED,data\raw\catalogs\2024-2025\2024-2025_Catalog.docx
2024-2025,PFPB 2315,PFPB,2315,False,TECHNICAL,RESOLVED_NOT_ACADEMIC,,TECHNICAL,RESOLVED,data\raw\catalogs\2024-2025\2024-2025_Catalog.docx
2024-2025,PFPB 2345,PFPB,2345,False,TECHNICAL,RESOLVED_NOT_ACADEMIC,,TECHNICAL,RESOLVED,data\raw\catalogs\2024-2025\2024-2025_Catalog.docx
2024-2025,PFPB 2349,PFPB,2349,False,TECHNICAL,RESOLVED_NOT_ACADEMIC,,TECHNICAL,RESOLVED,data\raw\catalogs\2024-2025\2024-2025_Catalog.docx
2024-2025,PFPB 2357,PFPB,2357,False,TECHNICAL,RESOLVED_NOT_ACADEMIC,,TECHNICAL,RESOLVED,data\raw\catalogs\2024-2025\2024-2025_Catalog.docx
2024-2025,PHIL 1301,PHIL,1301,True,ACADEMIC,RESOLVED_FROM_CATALOG_MARKER,,ACADEMIC,RESOLVED,data\raw\catalogs\2024-2025\2024-2025_Catalog.docx
2024-2025,PHIL 2306,PHIL,2306,True,ACADEMIC,RESOLVED_FROM_CATALOG_MARKER,,ACADEMIC,RESOLVED,data\raw\catalogs\2024-2025\2024-2025_Catalog.docx
2024-2025,PHIL 2321,PHIL,2321,True,ACADEMIC,RESOLVED_FROM_CATALOG_MARKER,,ACADEMIC,RESOLVED,data\raw\catalogs\2024-2025\2024-2025_Catalog.docx
2024-2025,PHRA 1301,PHRA,1301,False,TECHNICAL,RESOLVED_NOT_ACADEMIC,,TECHNICAL,RESOLVED,data\raw\catalogs\2024-2025\2024-2025_Catalog.docx
2024-2025,PHRA 1304,PHRA,1304,False,TECHNICAL,RESOLVED_NOT_ACADEMIC,,TECHNICAL,RESOLVED,data\raw\catalogs\2024-2025\2024-2025_Catalog.docx
2024-2025,PHRA 1305,PHRA,1305,False,TECHNICAL,RESOLVED_NOT_ACADEMIC,,TECHNICAL,RESOLVED,data\raw\catalogs\2024-2025\2024-2025_Catalog.docx
2024-2025,PHRA 1309,PHRA,1309,False,TECHNICAL,RESOLVED_NOT_ACADEMIC,,TECHNICAL,RESOLVED,data\raw\catalogs\2024-2025\2024-2025_Catalog.docx
2024-2025,PHRA 1313,PHRA,1313,False,TECHNICAL,RESOLVED_NOT_ACADEMIC,,TECHNICAL,RESOLVED,data\raw\catalogs\2024-2025\2024-2025_Catalog.docx
2024-2025,PHRA 1345,PHRA,1345,False,TECHNICAL,RESOLVED_NOT_ACADEMIC,,TECHNICAL,RESOLVED,data\raw\catalogs\2024-2025\2024-2025_Catalog.docx
2024-2025,PHRA 1349,PHRA,1349,False,TECHNICAL,RESOLVED_NOT_ACADEMIC,,TECHNICAL,RESOLVED,data\raw\catalogs\2024-2025\2024-2025_Catalog.docx
2024-2025,PHRA 1445,PHRA,1445,False,TECHNICAL,RESOLVED_NOT_ACADEMIC,,TECHNICAL,RESOLVED,data\raw\catalogs\2024-2025\2024-2025_Catalog.docx
2024-2025,PHRA 2360,PHRA,2360,False,TECHNICAL,RESOLVED_NOT_ACADEMIC,,TECHNICAL,RESOLVED,data\raw\catalogs\2024-2025\2024-2025_Catalog.docx
2024-2025,PHRA 2361,PHRA,2361,False,TECHNICAL,RESOLVED_NOT_ACADEMIC,,TECHNICAL,RESOLVED,data\raw\catalogs\2024-2025\2024-2025_Catalog.docx
2024-2025,PHYS 1401,PHYS,1401,True,ACADEMIC,RESOLVED_FROM_CATALOG_MARKER,,ACADEMIC,RESOLVED,data\raw\catalogs\2024-2025\2024-2025_Catalog.docx
2024-2025,PHYS 1405,PHYS,1405,True,ACADEMIC,RESOLVED_FROM_CATALOG_MARKER,,ACADEMIC,RESOLVED,data\raw\catalogs\2024-2025\2024-2025_Catalog.docx
2024-2025,PHYS 1407,PHYS,1407,True,ACADEMIC,RESOLVED_FROM_CATALOG_MARKER,,ACADEMIC,RESOLVED,data\raw\catalogs\2024-2025\2024-2025_Catalog.docx
2024-2025,PHYS 2425,PHYS,2425,True,ACADEMIC,RESOLVED_FROM_CATALOG_MARKER,,ACADEMIC,RESOLVED,data\raw\catalogs\2024-2025\2024-2025_Catalog.docx
2024-2025,PHYS 2426,PHYS,2426,True,ACADEMIC,AUTHORIZED_ACADEMIC_CORRECTION,Catalog course description omitted AC marker; course is an academic TCCNS course.,UNKNOWN,REVIEW_REQUIRED,data\raw\catalogs\2024-2025\2024-2025_Catalog.docx
2024-2025,PLAB 1160,PLAB,1160,False,TECHNICAL,RESOLVED_NOT_ACADEMIC,,TECHNICAL,RESOLVED,data\raw\catalogs\2024-2025\2024-2025_Catalog.docx
2024-2025,PLAB 1223,PLAB,1223,False,TECHNICAL,RESOLVED_NOT_ACADEMIC,,TECHNICAL,RESOLVED,data\raw\catalogs\2024-2025\2024-2025_Catalog.docx
2024-2025,PSYC 1300,PSYC,1300,True,ACADEMIC,RESOLVED_FROM_CATALOG_MARKER,,ACADEMIC,RESOLVED,data\raw\catalogs\2024-2025\2024-2025_Catalog.docx
2024-2025,PSYC 2301,PSYC,2301,True,ACADEMIC,RESOLVED_FROM_CATALOG_MARKER,,ACADEMIC,RESOLVED,data\raw\catalogs\2024-2025\2024-2025_Catalog.docx
2024-2025,PSYC 2307,PSYC,2307,True,ACADEMIC,RESOLVED_FROM_CATALOG_MARKER,,ACADEMIC,RESOLVED,data\raw\catalogs\2024-2025\2024-2025_Catalog.docx
2024-2025,PSYC 2308,PSYC,2308,True,ACADEMIC,RESOLVED_FROM_CATALOG_MARKER,,ACADEMIC,RESOLVED,data\raw\catalogs\2024-2025\2024-2025_Catalog.docx
2024-2025,PSYC 2314,PSYC,2314,True,ACADEMIC,RESOLVED_FROM_CATALOG_MARKER,,ACADEMIC,RESOLVED,data\raw\catalogs\2024-2025\2024-2025_Catalog.docx
2024-2025,PTAC 1302,PTAC,1302,False,TECHNICAL,RESOLVED_NOT_ACADEMIC,,TECHNICAL,RESOLVED,data\raw\catalogs\2024-2025\2024-2025_Catalog.docx
2024-2025,PTAC 1408,PTAC,1408,False,TECHNICAL,RESOLVED_NOT_ACADEMIC,,TECHNICAL,RESOLVED,data\raw\catalogs\2024-2025\2024-2025_Catalog.docx
2024-2025,PTAC 1410,PTAC,1410,False,TECHNICAL,RESOLVED_NOT_ACADEMIC,,TECHNICAL,RESOLVED,data\raw\catalogs\2024-2025\2024-2025_Catalog.docx
2024-2025,PTAC 1432,PTAC,1432,False,TECHNICAL,RESOLVED_NOT_ACADEMIC,,TECHNICAL,RESOLVED,data\raw\catalogs\2024-2025\2024-2025_Catalog.docx
2024-2025,PTAC 2314,PTAC,2314,False,TECHNICAL,RESOLVED_NOT_ACADEMIC,,TECHNICAL,RESOLVED,data\raw\catalogs\2024-2025\2024-2025_Catalog.docx
2024-2025,PTAC 2420,PTAC,2420,False,TECHNICAL,RESOLVED_NOT_ACADEMIC,,TECHNICAL,RESOLVED,data\raw\catalogs\2024-2025\2024-2025_Catalog.docx
2024-2025,PTAC 2438,PTAC,2438,False,TECHNICAL,RESOLVED_NOT_ACADEMIC,,TECHNICAL,RESOLVED,data\raw\catalogs\2024-2025\2024-2025_Catalog.docx
2024-2025,PTAC 2446,PTAC,2446,False,TECHNICAL,RESOLVED_NOT_ACADEMIC,,TECHNICAL,RESOLVED,data\raw\catalogs\2024-2025\2024-2025_Catalog.docx
2024-2025,RBTC 1401,RBTC,1401,False,TECHNICAL,RESOLVED_NOT_ACADEMIC,,TECHNICAL,RESOLVED,data\raw\catalogs\2024-2025\2024-2025_Catalog.docx
2024-2025,RELE 1300,RELE,1300,False,TECHNICAL,RESOLVED_NOT_ACADEMIC,,TECHNICAL,RESOLVED,data\raw\catalogs\2024-2025\2024-2025_Catalog.docx
2024-2025,RELE 1301,RELE,1301,False,TECHNICAL,RESOLVED_NOT_ACADEMIC,,TECHNICAL,RESOLVED,data\raw\catalogs\2024-2025\2024-2025_Catalog.docx
2024-2025,RELE 1311,RELE,1311,False,TECHNICAL,RESOLVED_NOT_ACADEMIC,,TECHNICAL,RESOLVED,data\raw\catalogs\2024-2025\2024-2025_Catalog.docx
2024-2025,RELE 1319,RELE,1319,False,TECHNICAL,RESOLVED_NOT_ACADEMIC,,TECHNICAL,RESOLVED,data\raw\catalogs\2024-2025\2024-2025_Catalog.docx
2024-2025,RELE 1338,RELE,1338,False,TECHNICAL,RESOLVED_NOT_ACADEMIC,,TECHNICAL,RESOLVED,data\raw\catalogs\2024-2025\2024-2025_Catalog.docx
2024-2025,RELE 2301,RELE,2301,False,TECHNICAL,RESOLVED_NOT_ACADEMIC,,TECHNICAL,RESOLVED,data\raw\catalogs\2024-2025\2024-2025_Catalog.docx
2024-2025,RNSG 1207,RNSG,1207,False,TECHNICAL,RESOLVED_NOT_ACADEMIC,,TECHNICAL,RESOLVED,data\raw\catalogs\2024-2025\2024-2025_Catalog.docx
2024-2025,RNSG 1210,RNSG,1210,False,TECHNICAL,RESOLVED_NOT_ACADEMIC,,TECHNICAL,RESOLVED,data\raw\catalogs\2024-2025\2024-2025_Catalog.docx
2024-2025,RNSG 1219,RNSG,1219,False,TECHNICAL,RESOLVED_NOT_ACADEMIC,,TECHNICAL,RESOLVED,data\raw\catalogs\2024-2025\2024-2025_Catalog.docx
2024-2025,RNSG 1229,RNSG,1229,False,TECHNICAL,RESOLVED_NOT_ACADEMIC,,TECHNICAL,RESOLVED,data\raw\catalogs\2024-2025\2024-2025_Catalog.docx
2024-2025,RNSG 1300,RNSG,1300,False,TECHNICAL,RESOLVED_NOT_ACADEMIC,,TECHNICAL,RESOLVED,data\raw\catalogs\2024-2025\2024-2025_Catalog.docx
2024-2025,RNSG 1311,RNSG,1311,False,TECHNICAL,RESOLVED_NOT_ACADEMIC,,TECHNICAL,RESOLVED,data\raw\catalogs\2024-2025\2024-2025_Catalog.docx
2024-2025,RNSG 1327,RNSG,1327,False,TECHNICAL,RESOLVED_NOT_ACADEMIC,,TECHNICAL,RESOLVED,data\raw\catalogs\2024-2025\2024-2025_Catalog.docx
2024-2025,RNSG 1523,RNSG,1523,False,TECHNICAL,RESOLVED_NOT_ACADEMIC,,TECHNICAL,RESOLVED,data\raw\catalogs\2024-2025\2024-2025_Catalog.docx
2024-2025,RNSG 2261,RNSG,2261,False,TECHNICAL,RESOLVED_NOT_ACADEMIC,,TECHNICAL,RESOLVED,data\raw\catalogs\2024-2025\2024-2025_Catalog.docx
2024-2025,RNSG 2262,RNSG,2262,False,TECHNICAL,RESOLVED_NOT_ACADEMIC,,TECHNICAL,RESOLVED,data\raw\catalogs\2024-2025\2024-2025_Catalog.docx
2024-2025,RNSG 2360,RNSG,2360,False,TECHNICAL,RESOLVED_NOT_ACADEMIC,,TECHNICAL,RESOLVED,data\raw\catalogs\2024-2025\2024-2025_Catalog.docx
2024-2025,RNSG 2361,RNSG,2361,False,TECHNICAL,RESOLVED_NOT_ACADEMIC,,TECHNICAL,RESOLVED,data\raw\catalogs\2024-2025\2024-2025_Catalog.docx
2024-2025,RNSG 2362,RNSG,2362,False,TECHNICAL,RESOLVED_NOT_ACADEMIC,,TECHNICAL,RESOLVED,data\raw\catalogs\2024-2025\2024-2025_Catalog.docx
2024-2025,RNSG 2363,RNSG,2363,False,TECHNICAL,RESOLVED_NOT_ACADEMIC,,TECHNICAL,RESOLVED,data\raw\catalogs\2024-2025\2024-2025_Catalog.docx
2024-2025,RNSG 2504,RNSG,2504,False,TECHNICAL,RESOLVED_NOT_ACADEMIC,,TECHNICAL,RESOLVED,data\raw\catalogs\2024-2025\2024-2025_Catalog.docx
2024-2025,RNSG 2514,RNSG,2514,False,TECHNICAL,RESOLVED_NOT_ACADEMIC,,TECHNICAL,RESOLVED,data\raw\catalogs\2024-2025\2024-2025_Catalog.docx
2024-2025,RNSG 2535,RNSG,2535,False,TECHNICAL,RESOLVED_NOT_ACADEMIC,,TECHNICAL,RESOLVED,data\raw\catalogs\2024-2025\2024-2025_Catalog.docx
2024-2025,SCIT 1418,SCIT,1418,False,TECHNICAL,RESOLVED_NOT_ACADEMIC,,TECHNICAL,RESOLVED,data\raw\catalogs\2024-2025\2024-2025_Catalog.docx
2024-2025,SCIT 1494,SCIT,1494,False,TECHNICAL,RESOLVED_NOT_ACADEMIC,,TECHNICAL,RESOLVED,data\raw\catalogs\2024-2025\2024-2025_Catalog.docx
2024-2025,SGNL 1301,SGNL,1301,True,ACADEMIC,RESOLVED_FROM_CATALOG_MARKER,,ACADEMIC,RESOLVED,data\raw\catalogs\2024-2025\2024-2025_Catalog.docx
2024-2025,SGNL 2301,SGNL,2301,True,ACADEMIC,RESOLVED_FROM_CATALOG_MARKER,,ACADEMIC,RESOLVED,data\raw\catalogs\2024-2025\2024-2025_Catalog.docx
2024-2025,SOCI 1301,SOCI,1301,True,ACADEMIC,RESOLVED_FROM_CATALOG_MARKER,,ACADEMIC,RESOLVED,data\raw\catalogs\2024-2025\2024-2025_Catalog.docx
2024-2025,SOCI 1306,SOCI,1306,True,ACADEMIC,RESOLVED_FROM_CATALOG_MARKER,,ACADEMIC,RESOLVED,data\raw\catalogs\2024-2025\2024-2025_Catalog.docx
2024-2025,SOCI 2301,SOCI,2301,True,ACADEMIC,RESOLVED_FROM_CATALOG_MARKER,,ACADEMIC,RESOLVED,data\raw\catalogs\2024-2025\2024-2025_Catalog.docx
2024-2025,SOCI 2306,SOCI,2306,True,ACADEMIC,RESOLVED_FROM_CATALOG_MARKER,,ACADEMIC,RESOLVED,data\raw\catalogs\2024-2025\2024-2025_Catalog.docx
2024-2025,SOCI 2319,SOCI,2319,True,ACADEMIC,RESOLVED_FROM_CATALOG_MARKER,,ACADEMIC,RESOLVED,data\raw\catalogs\2024-2025\2024-2025_Catalog.docx
2024-2025,SOCI 2326,SOCI,2326,True,ACADEMIC,RESOLVED_FROM_CATALOG_MARKER,,ACADEMIC,RESOLVED,data\raw\catalogs\2024-2025\2024-2025_Catalog.docx
2024-2025,SOCI 2336,SOCI,2336,True,ACADEMIC,RESOLVED_FROM_CATALOG_MARKER,,ACADEMIC,RESOLVED,data\raw\catalogs\2024-2025\2024-2025_Catalog.docx
2024-2025,SOCI 2340,SOCI,2340,True,ACADEMIC,RESOLVED_FROM_CATALOG_MARKER,,ACADEMIC,RESOLVED,data\raw\catalogs\2024-2025\2024-2025_Catalog.docx
2024-2025,SPAN 1411,SPAN,1411,True,ACADEMIC,RESOLVED_FROM_CATALOG_MARKER,,ACADEMIC,RESOLVED,data\raw\catalogs\2024-2025\2024-2025_Catalog.docx
2024-2025,SPAN 1412,SPAN,1412,True,ACADEMIC,RESOLVED_FROM_CATALOG_MARKER,,ACADEMIC,RESOLVED,data\raw\catalogs\2024-2025\2024-2025_Catalog.docx
2024-2025,SPAN 2311,SPAN,2311,True,ACADEMIC,RESOLVED_FROM_CATALOG_MARKER,,ACADEMIC,RESOLVED,data\raw\catalogs\2024-2025\2024-2025_Catalog.docx
2024-2025,SPAN 2312,SPAN,2312,True,ACADEMIC,RESOLVED_FROM_CATALOG_MARKER,,ACADEMIC,RESOLVED,data\raw\catalogs\2024-2025\2024-2025_Catalog.docx
2024-2025,SPCH 1311,SPCH,1311,True,ACADEMIC,RESOLVED_FROM_CATALOG_MARKER,,ACADEMIC,RESOLVED,data\raw\catalogs\2024-2025\2024-2025_Catalog.docx
2024-2025,SPCH 1315,SPCH,1315,True,ACADEMIC,RESOLVED_FROM_CATALOG_MARKER,,ACADEMIC,RESOLVED,data\raw\catalogs\2024-2025\2024-2025_Catalog.docx
2024-2025,SPCH 1318,SPCH,1318,True,ACADEMIC,RESOLVED_FROM_CATALOG_MARKER,,ACADEMIC,RESOLVED,data\raw\catalogs\2024-2025\2024-2025_Catalog.docx
2024-2025,SPCH 1321,SPCH,1321,True,ACADEMIC,RESOLVED_FROM_CATALOG_MARKER,,ACADEMIC,RESOLVED,data\raw\catalogs\2024-2025\2024-2025_Catalog.docx
2024-2025,SPCH 2335,SPCH,2335,True,ACADEMIC,RESOLVED_FROM_CATALOG_MARKER,,ACADEMIC,RESOLVED,data\raw\catalogs\2024-2025\2024-2025_Catalog.docx
2024-2025,SPCH 2341,SPCH,2341,True,ACADEMIC,RESOLVED_FROM_CATALOG_MARKER,,ACADEMIC,RESOLVED,data\raw\catalogs\2024-2025\2024-2025_Catalog.docx
2024-2025,TECM 1303,TECM,1303,False,TECHNICAL,RESOLVED_NOT_ACADEMIC,,TECHNICAL,RESOLVED,data\raw\catalogs\2024-2025\2024-2025_Catalog.docx
2024-2025,VNSG 1122,VNSG,1122,False,TECHNICAL,RESOLVED_NOT_ACADEMIC,,TECHNICAL,RESOLVED,data\raw\catalogs\2024-2025\2024-2025_Catalog.docx
2024-2025,VNSG 1136,VNSG,1136,False,TECHNICAL,RESOLVED_NOT_ACADEMIC,,TECHNICAL,RESOLVED,data\raw\catalogs\2024-2025\2024-2025_Catalog.docx
2024-2025,VNSG 1138,VNSG,1138,False,TECHNICAL,RESOLVED_NOT_ACADEMIC,,TECHNICAL,RESOLVED,data\raw\catalogs\2024-2025\2024-2025_Catalog.docx
2024-2025,VNSG 1160,VNSG,1160,False,TECHNICAL,RESOLVED_NOT_ACADEMIC,,TECHNICAL,RESOLVED,data\raw\catalogs\2024-2025\2024-2025_Catalog.docx
2024-2025,VNSG 1227,VNSG,1227,False,TECHNICAL,RESOLVED_NOT_ACADEMIC,,TECHNICAL,RESOLVED,data\raw\catalogs\2024-2025\2024-2025_Catalog.docx
2024-2025,VNSG 1230,VNSG,1230,False,TECHNICAL,RESOLVED_NOT_ACADEMIC,,TECHNICAL,RESOLVED,data\raw\catalogs\2024-2025\2024-2025_Catalog.docx
2024-2025,VNSG 1231,VNSG,1231,False,TECHNICAL,RESOLVED_NOT_ACADEMIC,,TECHNICAL,RESOLVED,data\raw\catalogs\2024-2025\2024-2025_Catalog.docx
2024-2025,VNSG 1234,VNSG,1234,False,TECHNICAL,RESOLVED_NOT_ACADEMIC,,TECHNICAL,RESOLVED,data\raw\catalogs\2024-2025\2024-2025_Catalog.docx
2024-2025,VNSG 1323,VNSG,1323,False,TECHNICAL,RESOLVED_NOT_ACADEMIC,,TECHNICAL,RESOLVED,data\raw\catalogs\2024-2025\2024-2025_Catalog.docx
2024-2025,VNSG 1402,VNSG,1402,False,TECHNICAL,RESOLVED_NOT_ACADEMIC,,TECHNICAL,RESOLVED,data\raw\catalogs\2024-2025\2024-2025_Catalog.docx
2024-2025,VNSG 1423,VNSG,1423,False,TECHNICAL,RESOLVED_NOT_ACADEMIC,,TECHNICAL,RESOLVED,data\raw\catalogs\2024-2025\2024-2025_Catalog.docx
2024-2025,VNSG 1461,VNSG,1461,False,TECHNICAL,RESOLVED_NOT_ACADEMIC,,TECHNICAL,RESOLVED,data\raw\catalogs\2024-2025\2024-2025_Catalog.docx
2024-2025,VNSG 1462,VNSG,1462,False,TECHNICAL,RESOLVED_NOT_ACADEMIC,,TECHNICAL,RESOLVED,data\raw\catalogs\2024-2025\2024-2025_Catalog.docx
2024-2025,VNSG 2214,VNSG,2214,False,TECHNICAL,RESOLVED_NOT_ACADEMIC,,TECHNICAL,RESOLVED,data\raw\catalogs\2024-2025\2024-2025_Catalog.docx
2024-2025,VNSG 2413,VNSG,2413,False,TECHNICAL,RESOLVED_NOT_ACADEMIC,,TECHNICAL,RESOLVED,data\raw\catalogs\2024-2025\2024-2025_Catalog.docx
2024-2025,VNSG 2463,VNSG,2463,False,TECHNICAL,RESOLVED_NOT_ACADEMIC,,TECHNICAL,RESOLVED,data\raw\catalogs\2024-2025\2024-2025_Catalog.docx
2024-2025,WDWK 1313,WDWK,1313,False,TECHNICAL,RESOLVED_NOT_ACADEMIC,,TECHNICAL,RESOLVED,data\raw\catalogs\2024-2025\2024-2025_Catalog.docx
2024-2025,WDWK 2351,WDWK,2351,False,TECHNICAL,RESOLVED_NOT_ACADEMIC,,TECHNICAL,RESOLVED,data\raw\catalogs\2024-2025\2024-2025_Catalog.docx
2024-2025,WLDG 1323,WLDG,1323,False,TECHNICAL,RESOLVED_NOT_ACADEMIC,,TECHNICAL,RESOLVED,data\raw\catalogs\2024-2025\2024-2025_Catalog.docx
2024-2025,WLDG 1327,WLDG,1327,False,TECHNICAL,RESOLVED_NOT_ACADEMIC,,TECHNICAL,RESOLVED,data\raw\catalogs\2024-2025\2024-2025_Catalog.docx
2024-2025,WLDG 1417,WLDG,1417,False,TECHNICAL,RESOLVED_NOT_ACADEMIC,,TECHNICAL,RESOLVED,data\raw\catalogs\2024-2025\2024-2025_Catalog.docx
2024-2025,WLDG 1421,WLDG,1421,False,TECHNICAL,RESOLVED_NOT_ACADEMIC,,TECHNICAL,RESOLVED,data\raw\catalogs\2024-2025\2024-2025_Catalog.docx
2024-2025,WLDG 1428,WLDG,1428,False,TECHNICAL,RESOLVED_NOT_ACADEMIC,,TECHNICAL,RESOLVED,data\raw\catalogs\2024-2025\2024-2025_Catalog.docx
2024-2025,WLDG 1434,WLDG,1434,False,TECHNICAL,RESOLVED_NOT_ACADEMIC,,TECHNICAL,RESOLVED,data\raw\catalogs\2024-2025\2024-2025_Catalog.docx
2024-2025,WLDG 1435,WLDG,1435,False,TECHNICAL,RESOLVED_NOT_ACADEMIC,,TECHNICAL,RESOLVED,data\raw\catalogs\2024-2025\2024-2025_Catalog.docx
2024-2025,WLDG 1437,WLDG,1437,False,TECHNICAL,RESOLVED_NOT_ACADEMIC,,TECHNICAL,RESOLVED,data\raw\catalogs\2024-2025\2024-2025_Catalog.docx
2024-2025,WLDG 1453,WLDG,1453,False,TECHNICAL,RESOLVED_NOT_ACADEMIC,,TECHNICAL,RESOLVED,data\raw\catalogs\2024-2025\2024-2025_Catalog.docx
2024-2025,WLDG 1457,WLDG,1457,False,TECHNICAL,RESOLVED_NOT_ACADEMIC,,TECHNICAL,RESOLVED,data\raw\catalogs\2024-2025\2024-2025_Catalog.docx
2024-2025,WLDG 2406,WLDG,2406,False,TECHNICAL,RESOLVED_NOT_ACADEMIC,,TECHNICAL,RESOLVED,data\raw\catalogs\2024-2025\2024-2025_Catalog.docx
2024-2025,WLDG 2413,WLDG,2413,False,TECHNICAL,RESOLVED_NOT_ACADEMIC,,TECHNICAL,RESOLVED,data\raw\catalogs\2024-2025\2024-2025_Catalog.docx
2024-2025,WLDG 2435,WLDG,2435,False,TECHNICAL,RESOLVED_NOT_ACADEMIC,,TECHNICAL,RESOLVED,data\raw\catalogs\2024-2025\2024-2025_Catalog.docx
2024-2025,WLDG 2453,WLDG,2453,False,TECHNICAL,RESOLVED_NOT_ACADEMIC,,TECHNICAL,RESOLVED,data\raw\catalogs\2024-2025\2024-2025_Catalog.docx
2024-2025,WLDG 2488,WLDG,2488,False,TECHNICAL,RESOLVED_NOT_ACADEMIC,,TECHNICAL,RESOLVED,data\raw\catalogs\2024-2025\2024-2025_Catalog.docx
2024-2025,WLDG 2489,WLDG,2489,False,TECHNICAL,RESOLVED_NOT_ACADEMIC,,TECHNICAL,RESOLVED,data\raw\catalogs\2024-2025\2024-2025_Catalog.docx
2025-2026,ACCT 2301,ACCT,2301,True,ACADEMIC,RESOLVED_FROM_CATALOG_MARKER,,ACADEMIC,RESOLVED,data\raw\catalogs\2025-2026\2025-2026_Catalog.docx
2025-2026,ACCT 2302,ACCT,2302,True,ACADEMIC,RESOLVED_FROM_CATALOG_MARKER,,ACADEMIC,RESOLVED,data\raw\catalogs\2025-2026\2025-2026_Catalog.docx
2025-2026,ACNT 1311,ACNT,1311,False,TECHNICAL,RESOLVED_NOT_ACADEMIC,,TECHNICAL,RESOLVED,data\raw\catalogs\2025-2026\2025-2026_Catalog.docx
2025-2026,ACNT 1329,ACNT,1329,False,TECHNICAL,RESOLVED_NOT_ACADEMIC,,TECHNICAL,RESOLVED,data\raw\catalogs\2025-2026\2025-2026_Catalog.docx
2025-2026,ACNT 1335,ACNT,1335,False,TECHNICAL,RESOLVED_NOT_ACADEMIC,,TECHNICAL,RESOLVED,data\raw\catalogs\2025-2026\2025-2026_Catalog.docx
2025-2026,ACNT 2311,ACNT,2311,False,TECHNICAL,RESOLVED_NOT_ACADEMIC,,TECHNICAL,RESOLVED,data\raw\catalogs\2025-2026\2025-2026_Catalog.docx
2025-2026,AGAH 1301,AGAH,1301,False,TECHNICAL,RESOLVED_NOT_ACADEMIC,,TECHNICAL,RESOLVED,data\raw\catalogs\2025-2026\2025-2026_Catalog.docx
2025-2026,AGAH 1341,AGAH,1341,False,TECHNICAL,RESOLVED_NOT_ACADEMIC,,TECHNICAL,RESOLVED,data\raw\catalogs\2025-2026\2025-2026_Catalog.docx
2025-2026,AGAH 1343,AGAH,1343,False,TECHNICAL,RESOLVED_NOT_ACADEMIC,,TECHNICAL,RESOLVED,data\raw\catalogs\2025-2026\2025-2026_Catalog.docx
2025-2026,AGAH 1347,AGAH,1347,False,TECHNICAL,RESOLVED_NOT_ACADEMIC,,TECHNICAL,RESOLVED,data\raw\catalogs\2025-2026\2025-2026_Catalog.docx
2025-2026,AGAH 1353,AGAH,1353,False,TECHNICAL,RESOLVED_NOT_ACADEMIC,,TECHNICAL,RESOLVED,data\raw\catalogs\2025-2026\2025-2026_Catalog.docx
2025-2026,AGAH 2313,AGAH,2313,False,TECHNICAL,RESOLVED_NOT_ACADEMIC,,TECHNICAL,RESOLVED,data\raw\catalogs\2025-2026\2025-2026_Catalog.docx
2025-2026,AGCR 1304,AGCR,1304,False,TECHNICAL,RESOLVED_NOT_ACADEMIC,,TECHNICAL,RESOLVED,data\raw\catalogs\2025-2026\2025-2026_Catalog.docx
2025-2026,AGMG 1300,AGMG,1300,False,TECHNICAL,RESOLVED_NOT_ACADEMIC,,TECHNICAL,RESOLVED,data\raw\catalogs\2025-2026\2025-2026_Catalog.docx
2025-2026,AGMG 1311,AGMG,1311,False,TECHNICAL,RESOLVED_NOT_ACADEMIC,,TECHNICAL,RESOLVED,data\raw\catalogs\2025-2026\2025-2026_Catalog.docx
2025-2026,AGMG 1318,AGMG,1318,False,TECHNICAL,RESOLVED_NOT_ACADEMIC,,TECHNICAL,RESOLVED,data\raw\catalogs\2025-2026\2025-2026_Catalog.docx
2025-2026,AGMG 1344,AGMG,1344,False,TECHNICAL,RESOLVED_NOT_ACADEMIC,,TECHNICAL,RESOLVED,data\raw\catalogs\2025-2026\2025-2026_Catalog.docx
2025-2026,AGMG 2301,AGMG,2301,False,TECHNICAL,RESOLVED_NOT_ACADEMIC,,TECHNICAL,RESOLVED,data\raw\catalogs\2025-2026\2025-2026_Catalog.docx
2025-2026,AGMG 2306,AGMG,2306,False,TECHNICAL,RESOLVED_NOT_ACADEMIC,,TECHNICAL,RESOLVED,data\raw\catalogs\2025-2026\2025-2026_Catalog.docx
2025-2026,AGMG 2312,AGMG,2312,False,TECHNICAL,RESOLVED_NOT_ACADEMIC,,TECHNICAL,RESOLVED,data\raw\catalogs\2025-2026\2025-2026_Catalog.docx
2025-2026,AGMG 2316,AGMG,2316,False,TECHNICAL,RESOLVED_NOT_ACADEMIC,,TECHNICAL,RESOLVED,data\raw\catalogs\2025-2026\2025-2026_Catalog.docx
2025-2026,ANTH 2351,ANTH,2351,True,ACADEMIC,RESOLVED_FROM_CATALOG_MARKER,,ACADEMIC,RESOLVED,data\raw\catalogs\2025-2026\2025-2026_Catalog.docx
2025-2026,ARCE 1303,ARCE,1303,False,TECHNICAL,RESOLVED_NOT_ACADEMIC,,TECHNICAL,RESOLVED,data\raw\catalogs\2025-2026\2025-2026_Catalog.docx
2025-2026,ARTC 1302,ARTC,1302,False,TECHNICAL,RESOLVED_NOT_ACADEMIC,,TECHNICAL,RESOLVED,data\raw\catalogs\2025-2026\2025-2026_Catalog.docx
2025-2026,ARTC 1313,ARTC,1313,False,TECHNICAL,RESOLVED_NOT_ACADEMIC,,TECHNICAL,RESOLVED,data\raw\catalogs\2025-2026\2025-2026_Catalog.docx
2025-2026,ARTC 1325,ARTC,1325,False,TECHNICAL,RESOLVED_NOT_ACADEMIC,,TECHNICAL,RESOLVED,data\raw\catalogs\2025-2026\2025-2026_Catalog.docx
2025-2026,ARTC 1353,ARTC,1353,False,TECHNICAL,RESOLVED_NOT_ACADEMIC,,TECHNICAL,RESOLVED,data\raw\catalogs\2025-2026\2025-2026_Catalog.docx
2025-2026,ARTC 1359,ARTC,1359,False,TECHNICAL,RESOLVED_NOT_ACADEMIC,,TECHNICAL,RESOLVED,data\raw\catalogs\2025-2026\2025-2026_Catalog.docx
2025-2026,ARTC 2305,ARTC,2305,False,TECHNICAL,RESOLVED_NOT_ACADEMIC,,TECHNICAL,RESOLVED,data\raw\catalogs\2025-2026\2025-2026_Catalog.docx
2025-2026,ARTC 2313,ARTC,2313,False,TECHNICAL,RESOLVED_NOT_ACADEMIC,,TECHNICAL,RESOLVED,data\raw\catalogs\2025-2026\2025-2026_Catalog.docx
2025-2026,ARTC 2333,ARTC,2333,False,UNKNOWN,CONSERVATIVE_EXCLUSION_UNRESOLVED,No authoritative academic marker; excluded from academic-elective eligibility.,UNKNOWN,REVIEW_REQUIRED,data\raw\catalogs\2025-2026\2025-2026_Catalog.docx
2025-2026,ARTC 2348,ARTC,2348,False,UNKNOWN,CONSERVATIVE_EXCLUSION_UNRESOLVED,No authoritative academic marker; excluded from academic-elective eligibility.,UNKNOWN,REVIEW_REQUIRED,data\raw\catalogs\2025-2026\2025-2026_Catalog.docx
2025-2026,ARTS 1301,ARTS,1301,True,ACADEMIC,RESOLVED_FROM_CATALOG_MARKER,,ACADEMIC,RESOLVED,data\raw\catalogs\2025-2026\2025-2026_Catalog.docx
2025-2026,ARTS 1303,ARTS,1303,True,ACADEMIC,RESOLVED_FROM_CATALOG_MARKER,,ACADEMIC,RESOLVED,data\raw\catalogs\2025-2026\2025-2026_Catalog.docx
2025-2026,ARTS 1311,ARTS,1311,True,ACADEMIC,RESOLVED_FROM_CATALOG_MARKER,,ACADEMIC,RESOLVED,data\raw\catalogs\2025-2026\2025-2026_Catalog.docx
2025-2026,ARTS 1316,ARTS,1316,True,ACADEMIC,RESOLVED_FROM_CATALOG_MARKER,,ACADEMIC,RESOLVED,data\raw\catalogs\2025-2026\2025-2026_Catalog.docx
2025-2026,AUMT 1305,AUMT,1305,False,TECHNICAL,RESOLVED_NOT_ACADEMIC,,TECHNICAL,RESOLVED,data\raw\catalogs\2025-2026\2025-2026_Catalog.docx
2025-2026,AUMT 1349,AUMT,1349,False,TECHNICAL,RESOLVED_NOT_ACADEMIC,,TECHNICAL,RESOLVED,data\raw\catalogs\2025-2026\2025-2026_Catalog.docx
2025-2026,AUMT 1407,AUMT,1407,False,TECHNICAL,RESOLVED_NOT_ACADEMIC,,TECHNICAL,RESOLVED,data\raw\catalogs\2025-2026\2025-2026_Catalog.docx
2025-2026,AUMT 1410,AUMT,1410,False,TECHNICAL,RESOLVED_NOT_ACADEMIC,,TECHNICAL,RESOLVED,data\raw\catalogs\2025-2026\2025-2026_Catalog.docx
2025-2026,AUMT 1419,AUMT,1419,False,TECHNICAL,RESOLVED_NOT_ACADEMIC,,TECHNICAL,RESOLVED,data\raw\catalogs\2025-2026\2025-2026_Catalog.docx
2025-2026,AUMT 1445,AUMT,1445,False,TECHNICAL,RESOLVED_NOT_ACADEMIC,,TECHNICAL,RESOLVED,data\raw\catalogs\2025-2026\2025-2026_Catalog.docx
2025-2026,AUMT 2402,AUMT,2402,False,TECHNICAL,RESOLVED_NOT_ACADEMIC,,TECHNICAL,RESOLVED,data\raw\catalogs\2025-2026\2025-2026_Catalog.docx
2025-2026,AUMT 2413,AUMT,2413,False,TECHNICAL,RESOLVED_NOT_ACADEMIC,,TECHNICAL,RESOLVED,data\raw\catalogs\2025-2026\2025-2026_Catalog.docx
2025-2026,BARB 1470,BARB,1470,False,TECHNICAL,RESOLVED_NOT_ACADEMIC,,TECHNICAL,RESOLVED,data\raw\catalogs\2025-2026\2025-2026_Catalog.docx
2025-2026,BARB 2372,BARB,2372,False,TECHNICAL,RESOLVED_NOT_ACADEMIC,,TECHNICAL,RESOLVED,data\raw\catalogs\2025-2026\2025-2026_Catalog.docx
2025-2026,BARB 2440,BARB,2440,False,TECHNICAL,RESOLVED_NOT_ACADEMIC,,TECHNICAL,RESOLVED,data\raw\catalogs\2025-2026\2025-2026_Catalog.docx
2025-2026,BCIS 1305,BCIS,1305,True,ACADEMIC,RESOLVED_FROM_CATALOG_MARKER,,ACADEMIC,RESOLVED,data\raw\catalogs\2025-2026\2025-2026_Catalog.docx
2025-2026,BIOL 1322,BIOL,1322,True,ACADEMIC,RESOLVED_FROM_CATALOG_MARKER,,ACADEMIC,RESOLVED,data\raw\catalogs\2025-2026\2025-2026_Catalog.docx
2025-2026,BIOL 1406,BIOL,1406,True,ACADEMIC,RESOLVED_FROM_CATALOG_MARKER,,ACADEMIC,RESOLVED,data\raw\catalogs\2025-2026\2025-2026_Catalog.docx
2025-2026,BIOL 1407,BIOL,1407,True,ACADEMIC,RESOLVED_FROM_CATALOG_MARKER,,ACADEMIC,RESOLVED,data\raw\catalogs\2025-2026\2025-2026_Catalog.docx
2025-2026,BIOL 1408,BIOL,1408,True,ACADEMIC,RESOLVED_FROM_CATALOG_MARKER,,ACADEMIC,RESOLVED,data\raw\catalogs\2025-2026\2025-2026_Catalog.docx
2025-2026,BIOL 1409,BIOL,1409,True,ACADEMIC,RESOLVED_FROM_CATALOG_MARKER,,ACADEMIC,RESOLVED,data\raw\catalogs\2025-2026\2025-2026_Catalog.docx
2025-2026,BIOL 1411,BIOL,1411,True,ACADEMIC,AUTHORIZED_ACADEMIC_CORRECTION,Catalog course description omitted AC marker; course is an academic TCCNS course.,UNKNOWN,REVIEW_REQUIRED,data\raw\catalogs\2025-2026\2025-2026_Catalog.docx
2025-2026,BIOL 1413,BIOL,1413,True,ACADEMIC,RESOLVED_FROM_CATALOG_MARKER,,ACADEMIC,RESOLVED,data\raw\catalogs\2025-2026\2025-2026_Catalog.docx
2025-2026,BIOL 2401,BIOL,2401,True,ACADEMIC,RESOLVED_FROM_CATALOG_MARKER,,ACADEMIC,RESOLVED,data\raw\catalogs\2025-2026\2025-2026_Catalog.docx
2025-2026,BIOL 2402,BIOL,2402,True,ACADEMIC,RESOLVED_FROM_CATALOG_MARKER,,ACADEMIC,RESOLVED,data\raw\catalogs\2025-2026\2025-2026_Catalog.docx
2025-2026,BIOL 2404,BIOL,2404,True,ACADEMIC,RESOLVED_FROM_CATALOG_MARKER,,ACADEMIC,RESOLVED,data\raw\catalogs\2025-2026\2025-2026_Catalog.docx
2025-2026,BIOL 2406,BIOL,2406,True,ACADEMIC,RESOLVED_FROM_CATALOG_MARKER,,ACADEMIC,RESOLVED,data\raw\catalogs\2025-2026\2025-2026_Catalog.docx
2025-2026,BIOL 2420,BIOL,2420,True,ACADEMIC,RESOLVED_FROM_CATALOG_MARKER,,ACADEMIC,RESOLVED,data\raw\catalogs\2025-2026\2025-2026_Catalog.docx
2025-2026,BMGT 1301,BMGT,1301,False,TECHNICAL,RESOLVED_NOT_ACADEMIC,,TECHNICAL,RESOLVED,data\raw\catalogs\2025-2026\2025-2026_Catalog.docx
2025-2026,BMGT 1307,BMGT,1307,False,TECHNICAL,RESOLVED_NOT_ACADEMIC,,TECHNICAL,RESOLVED,data\raw\catalogs\2025-2026\2025-2026_Catalog.docx
2025-2026,BMGT 1309,BMGT,1309,False,TECHNICAL,RESOLVED_NOT_ACADEMIC,,TECHNICAL,RESOLVED,data\raw\catalogs\2025-2026\2025-2026_Catalog.docx
2025-2026,BMGT 1327,BMGT,1327,False,TECHNICAL,RESOLVED_NOT_ACADEMIC,,TECHNICAL,RESOLVED,data\raw\catalogs\2025-2026\2025-2026_Catalog.docx
2025-2026,BMGT 2309,BMGT,2309,False,TECHNICAL,RESOLVED_NOT_ACADEMIC,,TECHNICAL,RESOLVED,data\raw\catalogs\2025-2026\2025-2026_Catalog.docx
2025-2026,BMGT 2341,BMGT,2341,False,TECHNICAL,RESOLVED_NOT_ACADEMIC,,TECHNICAL,RESOLVED,data\raw\catalogs\2025-2026\2025-2026_Catalog.docx
2025-2026,BNKG 1303,BNKG,1303,False,TECHNICAL,RESOLVED_NOT_ACADEMIC,,TECHNICAL,RESOLVED,data\raw\catalogs\2025-2026\2025-2026_Catalog.docx
2025-2026,BNKG 1340,BNKG,1340,False,TECHNICAL,RESOLVED_NOT_ACADEMIC,,TECHNICAL,RESOLVED,data\raw\catalogs\2025-2026\2025-2026_Catalog.docx
2025-2026,BNKG 1345,BNKG,1345,False,TECHNICAL,RESOLVED_NOT_ACADEMIC,,TECHNICAL,RESOLVED,data\raw\catalogs\2025-2026\2025-2026_Catalog.docx
2025-2026,BNKG 1356,BNKG,1356,False,TECHNICAL,RESOLVED_NOT_ACADEMIC,,TECHNICAL,RESOLVED,data\raw\catalogs\2025-2026\2025-2026_Catalog.docx
2025-2026,BNKG 1359,BNKG,1359,False,TECHNICAL,RESOLVED_NOT_ACADEMIC,,TECHNICAL,RESOLVED,data\raw\catalogs\2025-2026\2025-2026_Catalog.docx
2025-2026,BUSA 1313,BUSA,1313,False,TECHNICAL,RESOLVED_NOT_ACADEMIC,,TECHNICAL,RESOLVED,data\raw\catalogs\2025-2026\2025-2026_Catalog.docx
2025-2026,BUSG 1301,BUSG,1301,False,TECHNICAL,RESOLVED_NOT_ACADEMIC,,TECHNICAL,RESOLVED,data\raw\catalogs\2025-2026\2025-2026_Catalog.docx
2025-2026,BUSG 1302,BUSG,1302,False,TECHNICAL,RESOLVED_NOT_ACADEMIC,,TECHNICAL,RESOLVED,data\raw\catalogs\2025-2026\2025-2026_Catalog.docx
2025-2026,BUSG 1304,BUSG,1304,False,TECHNICAL,RESOLVED_NOT_ACADEMIC,,TECHNICAL,RESOLVED,data\raw\catalogs\2025-2026\2025-2026_Catalog.docx
2025-2026,BUSG 1307,BUSG,1307,False,TECHNICAL,RESOLVED_NOT_ACADEMIC,,TECHNICAL,RESOLVED,data\raw\catalogs\2025-2026\2025-2026_Catalog.docx
2025-2026,BUSG 2305,BUSG,2305,False,TECHNICAL,RESOLVED_NOT_ACADEMIC,,TECHNICAL,RESOLVED,data\raw\catalogs\2025-2026\2025-2026_Catalog.docx
2025-2026,BUSG 2309,BUSG,2309,False,TECHNICAL,RESOLVED_NOT_ACADEMIC,,TECHNICAL,RESOLVED,data\raw\catalogs\2025-2026\2025-2026_Catalog.docx
2025-2026,BUSI 1301,BUSI,1301,True,ACADEMIC,RESOLVED_FROM_CATALOG_MARKER,,ACADEMIC,RESOLVED,data\raw\catalogs\2025-2026\2025-2026_Catalog.docx
2025-2026,BUSI 1307,BUSI,1307,True,ACADEMIC,RESOLVED_FROM_CATALOG_MARKER,,ACADEMIC,RESOLVED,data\raw\catalogs\2025-2026\2025-2026_Catalog.docx
2025-2026,BUSI 2301,BUSI,2301,True,ACADEMIC,RESOLVED_FROM_CATALOG_MARKER,,ACADEMIC,RESOLVED,data\raw\catalogs\2025-2026\2025-2026_Catalog.docx
2025-2026,BUSI 2304,BUSI,2304,True,ACADEMIC,RESOLVED_FROM_CATALOG_MARKER,,ACADEMIC,RESOLVED,data\raw\catalogs\2025-2026\2025-2026_Catalog.docx
2025-2026,BUSI 2305,BUSI,2305,True,ACADEMIC,RESOLVED_FROM_CATALOG_MARKER,,ACADEMIC,RESOLVED,data\raw\catalogs\2025-2026\2025-2026_Catalog.docx
2025-2026,CETT 1403,CETT,1403,False,TECHNICAL,RESOLVED_NOT_ACADEMIC,,TECHNICAL,RESOLVED,data\raw\catalogs\2025-2026\2025-2026_Catalog.docx
2025-2026,CETT 1405,CETT,1405,False,TECHNICAL,RESOLVED_NOT_ACADEMIC,,TECHNICAL,RESOLVED,data\raw\catalogs\2025-2026\2025-2026_Catalog.docx
2025-2026,CETT 1415,CETT,1415,False,TECHNICAL,RESOLVED_NOT_ACADEMIC,,TECHNICAL,RESOLVED,data\raw\catalogs\2025-2026\2025-2026_Catalog.docx
2025-2026,CETT 1441,CETT,1441,False,TECHNICAL,RESOLVED_NOT_ACADEMIC,,TECHNICAL,RESOLVED,data\raw\catalogs\2025-2026\2025-2026_Catalog.docx
2025-2026,CHEF 1301,CHEF,1301,False,TECHNICAL,RESOLVED_NOT_ACADEMIC,,TECHNICAL,RESOLVED,data\raw\catalogs\2025-2026\2025-2026_Catalog.docx
2025-2026,CHEF 1305,CHEF,1305,False,TECHNICAL,RESOLVED_NOT_ACADEMIC,,TECHNICAL,RESOLVED,data\raw\catalogs\2025-2026\2025-2026_Catalog.docx
2025-2026,CHEF 1310,CHEF,1310,False,TECHNICAL,RESOLVED_NOT_ACADEMIC,,TECHNICAL,RESOLVED,data\raw\catalogs\2025-2026\2025-2026_Catalog.docx
2025-2026,CHEF 2301,CHEF,2301,False,TECHNICAL,RESOLVED_NOT_ACADEMIC,,TECHNICAL,RESOLVED,data\raw\catalogs\2025-2026\2025-2026_Catalog.docx
2025-2026,CHEF 2331,CHEF,2331,False,TECHNICAL,RESOLVED_NOT_ACADEMIC,,TECHNICAL,RESOLVED,data\raw\catalogs\2025-2026\2025-2026_Catalog.docx
2025-2026,CHEM 1406,CHEM,1406,True,ACADEMIC,RESOLVED_FROM_CATALOG_MARKER,,ACADEMIC,RESOLVED,data\raw\catalogs\2025-2026\2025-2026_Catalog.docx
2025-2026,CHEM 1407,CHEM,1407,True,ACADEMIC,RESOLVED_FROM_CATALOG_MARKER,,ACADEMIC,RESOLVED,data\raw\catalogs\2025-2026\2025-2026_Catalog.docx
2025-2026,CHEM 1411,CHEM,1411,True,ACADEMIC,RESOLVED_FROM_CATALOG_MARKER,,ACADEMIC,RESOLVED,data\raw\catalogs\2025-2026\2025-2026_Catalog.docx
2025-2026,CHEM 1412,CHEM,1412,True,ACADEMIC,RESOLVED_FROM_CATALOG_MARKER,,ACADEMIC,RESOLVED,data\raw\catalogs\2025-2026\2025-2026_Catalog.docx
2025-2026,CJCR 1166,CJCR,1166,False,TECHNICAL,RESOLVED_NOT_ACADEMIC,,TECHNICAL,RESOLVED,data\raw\catalogs\2025-2026\2025-2026_Catalog.docx
2025-2026,CJCR 1167,CJCR,1167,False,TECHNICAL,RESOLVED_NOT_ACADEMIC,,TECHNICAL,RESOLVED,data\raw\catalogs\2025-2026\2025-2026_Catalog.docx
2025-2026,CJCR 1281,CJCR,1281,False,TECHNICAL,RESOLVED_NOT_ACADEMIC,,TECHNICAL,RESOLVED,data\raw\catalogs\2025-2026\2025-2026_Catalog.docx
2025-2026,CJCR 1307,CJCR,1307,False,TECHNICAL,RESOLVED_NOT_ACADEMIC,,TECHNICAL,RESOLVED,data\raw\catalogs\2025-2026\2025-2026_Catalog.docx
2025-2026,CJCR 1374,CJCR,1374,False,TECHNICAL,RESOLVED_NOT_ACADEMIC,,TECHNICAL,RESOLVED,data\raw\catalogs\2025-2026\2025-2026_Catalog.docx
2025-2026,CJCR 1376,CJCR,1376,False,TECHNICAL,RESOLVED_NOT_ACADEMIC,,TECHNICAL,RESOLVED,data\raw\catalogs\2025-2026\2025-2026_Catalog.docx
2025-2026,CJSA 1308,CJSA,1308,False,TECHNICAL,RESOLVED_NOT_ACADEMIC,,TECHNICAL,RESOLVED,data\raw\catalogs\2025-2026\2025-2026_Catalog.docx
2025-2026,CJSA 1312,CJSA,1312,False,TECHNICAL,RESOLVED_NOT_ACADEMIC,,TECHNICAL,RESOLVED,data\raw\catalogs\2025-2026\2025-2026_Catalog.docx
2025-2026,CJSA 1313,CJSA,1313,False,TECHNICAL,RESOLVED_NOT_ACADEMIC,,TECHNICAL,RESOLVED,data\raw\catalogs\2025-2026\2025-2026_Catalog.docx
2025-2026,CJSA 1317,CJSA,1317,False,TECHNICAL,RESOLVED_NOT_ACADEMIC,,TECHNICAL,RESOLVED,data\raw\catalogs\2025-2026\2025-2026_Catalog.docx
2025-2026,CJSA 1322,CJSA,1322,False,TECHNICAL,RESOLVED_NOT_ACADEMIC,,TECHNICAL,RESOLVED,data\raw\catalogs\2025-2026\2025-2026_Catalog.docx
2025-2026,CJSA 1327,CJSA,1327,False,TECHNICAL,RESOLVED_NOT_ACADEMIC,,TECHNICAL,RESOLVED,data\raw\catalogs\2025-2026\2025-2026_Catalog.docx
2025-2026,CJSA 1330,CJSA,1330,False,TECHNICAL,RESOLVED_NOT_ACADEMIC,,TECHNICAL,RESOLVED,data\raw\catalogs\2025-2026\2025-2026_Catalog.docx
2025-2026,CJSA 1342,CJSA,1342,False,TECHNICAL,RESOLVED_NOT_ACADEMIC,,TECHNICAL,RESOLVED,data\raw\catalogs\2025-2026\2025-2026_Catalog.docx
2025-2026,CJSA 1348,CJSA,1348,False,TECHNICAL,RESOLVED_NOT_ACADEMIC,,TECHNICAL,RESOLVED,data\raw\catalogs\2025-2026\2025-2026_Catalog.docx
2025-2026,CJSA 1351,CJSA,1351,False,TECHNICAL,RESOLVED_NOT_ACADEMIC,,TECHNICAL,RESOLVED,data\raw\catalogs\2025-2026\2025-2026_Catalog.docx
2025-2026,CJSA 1359,CJSA,1359,False,TECHNICAL,RESOLVED_NOT_ACADEMIC,,TECHNICAL,RESOLVED,data\raw\catalogs\2025-2026\2025-2026_Catalog.docx
2025-2026,CJSA 1400,CJSA,1400,False,TECHNICAL,RESOLVED_NOT_ACADEMIC,,TECHNICAL,RESOLVED,data\raw\catalogs\2025-2026\2025-2026_Catalog.docx
2025-2026,CJSA 2288,CJSA,2288,False,TECHNICAL,RESOLVED_NOT_ACADEMIC,,TECHNICAL,RESOLVED,data\raw\catalogs\2025-2026\2025-2026_Catalog.docx
2025-2026,CJSA 2323,CJSA,2323,False,TECHNICAL,RESOLVED_NOT_ACADEMIC,,TECHNICAL,RESOLVED,data\raw\catalogs\2025-2026\2025-2026_Catalog.docx
2025-2026,CNBT 1210,CNBT,1210,False,TECHNICAL,RESOLVED_NOT_ACADEMIC,,TECHNICAL,RESOLVED,data\raw\catalogs\2025-2026\2025-2026_Catalog.docx
2025-2026,CNBT 1266,CNBT,1266,False,TECHNICAL,RESOLVED_NOT_ACADEMIC,,TECHNICAL,RESOLVED,data\raw\catalogs\2025-2026\2025-2026_Catalog.docx
2025-2026,CNBT 1300,CNBT,1300,False,TECHNICAL,RESOLVED_NOT_ACADEMIC,,TECHNICAL,RESOLVED,data\raw\catalogs\2025-2026\2025-2026_Catalog.docx
2025-2026,CNBT 1316,CNBT,1316,False,TECHNICAL,RESOLVED_NOT_ACADEMIC,,TECHNICAL,RESOLVED,data\raw\catalogs\2025-2026\2025-2026_Catalog.docx
2025-2026,CNBT 1318,CNBT,1318,False,TECHNICAL,RESOLVED_NOT_ACADEMIC,,TECHNICAL,RESOLVED,data\raw\catalogs\2025-2026\2025-2026_Catalog.docx
2025-2026,CNBT 1346,CNBT,1346,False,TECHNICAL,RESOLVED_NOT_ACADEMIC,,TECHNICAL,RESOLVED,data\raw\catalogs\2025-2026\2025-2026_Catalog.docx
2025-2026,CNBT 1350,CNBT,1350,False,TECHNICAL,RESOLVED_NOT_ACADEMIC,,TECHNICAL,RESOLVED,data\raw\catalogs\2025-2026\2025-2026_Catalog.docx
2025-2026,CNBT 1353,CNBT,1353,False,TECHNICAL,RESOLVED_NOT_ACADEMIC,,TECHNICAL,RESOLVED,data\raw\catalogs\2025-2026\2025-2026_Catalog.docx
2025-2026,CNBT 1411,CNBT,1411,False,TECHNICAL,RESOLVED_NOT_ACADEMIC,,TECHNICAL,RESOLVED,data\raw\catalogs\2025-2026\2025-2026_Catalog.docx
2025-2026,CNBT 2315,CNBT,2315,False,TECHNICAL,RESOLVED_NOT_ACADEMIC,,TECHNICAL,RESOLVED,data\raw\catalogs\2025-2026\2025-2026_Catalog.docx
2025-2026,CNBT 2344,CNBT,2344,False,TECHNICAL,RESOLVED_NOT_ACADEMIC,,TECHNICAL,RESOLVED,data\raw\catalogs\2025-2026\2025-2026_Catalog.docx
2025-2026,COMM 1307,COMM,1307,True,ACADEMIC,RESOLVED_FROM_CATALOG_MARKER,,ACADEMIC,RESOLVED,data\raw\catalogs\2025-2026\2025-2026_Catalog.docx
2025-2026,COMM 2311,COMM,2311,True,ACADEMIC,RESOLVED_FROM_CATALOG_MARKER,,ACADEMIC,RESOLVED,data\raw\catalogs\2025-2026\2025-2026_Catalog.docx
2025-2026,COMM 2330,COMM,2330,True,ACADEMIC,RESOLVED_FROM_CATALOG_MARKER,,ACADEMIC,RESOLVED,data\raw\catalogs\2025-2026\2025-2026_Catalog.docx
2025-2026,COSC 1301,COSC,1301,True,ACADEMIC,RESOLVED_FROM_CATALOG_MARKER,,ACADEMIC,RESOLVED,data\raw\catalogs\2025-2026\2025-2026_Catalog.docx
2025-2026,COSC 1315,COSC,1315,True,ACADEMIC,RESOLVED_FROM_CATALOG_MARKER,,ACADEMIC,RESOLVED,data\raw\catalogs\2025-2026\2025-2026_Catalog.docx
2025-2026,COSC 1336,COSC,1336,True,ACADEMIC,RESOLVED_FROM_CATALOG_MARKER,,ACADEMIC,RESOLVED,data\raw\catalogs\2025-2026\2025-2026_Catalog.docx
2025-2026,COSC 1337,COSC,1337,True,ACADEMIC,RESOLVED_FROM_CATALOG_MARKER,,ACADEMIC,RESOLVED,data\raw\catalogs\2025-2026\2025-2026_Catalog.docx
2025-2026,COSC 2325,COSC,2325,True,ACADEMIC,RESOLVED_FROM_CATALOG_MARKER,,ACADEMIC,RESOLVED,data\raw\catalogs\2025-2026\2025-2026_Catalog.docx
2025-2026,COSC 2425,COSC,2425,True,ACADEMIC,RESOLVED_FROM_CATALOG_MARKER,,ACADEMIC,RESOLVED,data\raw\catalogs\2025-2026\2025-2026_Catalog.docx
2025-2026,CPMT 1345,CPMT,1345,False,TECHNICAL,RESOLVED_NOT_ACADEMIC,,TECHNICAL,RESOLVED,data\raw\catalogs\2025-2026\2025-2026_Catalog.docx
2025-2026,CPMT 2402,CPMT,2402,False,TECHNICAL,RESOLVED_NOT_ACADEMIC,,TECHNICAL,RESOLVED,data\raw\catalogs\2025-2026\2025-2026_Catalog.docx
2025-2026,CRIJ 1301,CRIJ,1301,True,ACADEMIC,RESOLVED_FROM_CATALOG_MARKER,,ACADEMIC,RESOLVED,data\raw\catalogs\2025-2026\2025-2026_Catalog.docx
2025-2026,CRIJ 1306,CRIJ,1306,True,ACADEMIC,RESOLVED_FROM_CATALOG_MARKER,,ACADEMIC,RESOLVED,data\raw\catalogs\2025-2026\2025-2026_Catalog.docx
2025-2026,CRIJ 1307,CRIJ,1307,True,ACADEMIC,RESOLVED_FROM_CATALOG_MARKER,,ACADEMIC,RESOLVED,data\raw\catalogs\2025-2026\2025-2026_Catalog.docx
2025-2026,CRIJ 1310,CRIJ,1310,True,ACADEMIC,RESOLVED_FROM_CATALOG_MARKER,,ACADEMIC,RESOLVED,data\raw\catalogs\2025-2026\2025-2026_Catalog.docx
2025-2026,CRIJ 1313,CRIJ,1313,True,ACADEMIC,RESOLVED_FROM_CATALOG_MARKER,,ACADEMIC,RESOLVED,data\raw\catalogs\2025-2026\2025-2026_Catalog.docx
2025-2026,CRIJ 2301,CRIJ,2301,True,ACADEMIC,RESOLVED_FROM_CATALOG_MARKER,,ACADEMIC,RESOLVED,data\raw\catalogs\2025-2026\2025-2026_Catalog.docx
2025-2026,CRIJ 2313,CRIJ,2313,True,ACADEMIC,RESOLVED_FROM_CATALOG_MARKER,,ACADEMIC,RESOLVED,data\raw\catalogs\2025-2026\2025-2026_Catalog.docx
2025-2026,CRIJ 2314,CRIJ,2314,True,ACADEMIC,RESOLVED_FROM_CATALOG_MARKER,,ACADEMIC,RESOLVED,data\raw\catalogs\2025-2026\2025-2026_Catalog.docx
2025-2026,CRIJ 2323,CRIJ,2323,True,ACADEMIC,RESOLVED_FROM_CATALOG_MARKER,,ACADEMIC,RESOLVED,data\raw\catalogs\2025-2026\2025-2026_Catalog.docx
2025-2026,CRIJ 2328,CRIJ,2328,True,ACADEMIC,RESOLVED_FROM_CATALOG_MARKER,,ACADEMIC,RESOLVED,data\raw\catalogs\2025-2026\2025-2026_Catalog.docx
2025-2026,CRTR 1202,CRTR,1202,False,TECHNICAL,RESOLVED_NOT_ACADEMIC,,TECHNICAL,RESOLVED,data\raw\catalogs\2025-2026\2025-2026_Catalog.docx
2025-2026,CRTR 1308,CRTR,1308,False,TECHNICAL,RESOLVED_NOT_ACADEMIC,,TECHNICAL,RESOLVED,data\raw\catalogs\2025-2026\2025-2026_Catalog.docx
2025-2026,CRTR 1310,CRTR,1310,False,TECHNICAL,RESOLVED_NOT_ACADEMIC,,TECHNICAL,RESOLVED,data\raw\catalogs\2025-2026\2025-2026_Catalog.docx
2025-2026,CRTR 1312,CRTR,1312,False,TECHNICAL,RESOLVED_NOT_ACADEMIC,,TECHNICAL,RESOLVED,data\raw\catalogs\2025-2026\2025-2026_Catalog.docx
2025-2026,CRTR 1314,CRTR,1314,False,TECHNICAL,RESOLVED_NOT_ACADEMIC,,TECHNICAL,RESOLVED,data\raw\catalogs\2025-2026\2025-2026_Catalog.docx
2025-2026,CRTR 1404,CRTR,1404,False,TECHNICAL,RESOLVED_NOT_ACADEMIC,,TECHNICAL,RESOLVED,data\raw\catalogs\2025-2026\2025-2026_Catalog.docx
2025-2026,CRTR 1406,CRTR,1406,False,TECHNICAL,RESOLVED_NOT_ACADEMIC,,TECHNICAL,RESOLVED,data\raw\catalogs\2025-2026\2025-2026_Catalog.docx
2025-2026,CRTR 2206,CRTR,2206,False,TECHNICAL,RESOLVED_NOT_ACADEMIC,,TECHNICAL,RESOLVED,data\raw\catalogs\2025-2026\2025-2026_Catalog.docx
2025-2026,CRTR 2280,CRTR,2280,False,TECHNICAL,RESOLVED_NOT_ACADEMIC,,TECHNICAL,RESOLVED,data\raw\catalogs\2025-2026\2025-2026_Catalog.docx
2025-2026,CRTR 2286,CRTR,2286,False,TECHNICAL,RESOLVED_NOT_ACADEMIC,,TECHNICAL,RESOLVED,data\raw\catalogs\2025-2026\2025-2026_Catalog.docx
2025-2026,CRTR 2303,CRTR,2303,False,TECHNICAL,RESOLVED_NOT_ACADEMIC,,TECHNICAL,RESOLVED,data\raw\catalogs\2025-2026\2025-2026_Catalog.docx
2025-2026,CRTR 2311,CRTR,2311,False,TECHNICAL,RESOLVED_NOT_ACADEMIC,,TECHNICAL,RESOLVED,data\raw\catalogs\2025-2026\2025-2026_Catalog.docx
2025-2026,CRTR 2312,CRTR,2312,False,TECHNICAL,RESOLVED_NOT_ACADEMIC,,TECHNICAL,RESOLVED,data\raw\catalogs\2025-2026\2025-2026_Catalog.docx
2025-2026,CRTR 2331,CRTR,2331,False,TECHNICAL,RESOLVED_NOT_ACADEMIC,,TECHNICAL,RESOLVED,data\raw\catalogs\2025-2026\2025-2026_Catalog.docx
2025-2026,CRTR 2335,CRTR,2335,False,TECHNICAL,RESOLVED_NOT_ACADEMIC,,TECHNICAL,RESOLVED,data\raw\catalogs\2025-2026\2025-2026_Catalog.docx
2025-2026,CRTR 2401,CRTR,2401,False,TECHNICAL,RESOLVED_NOT_ACADEMIC,,TECHNICAL,RESOLVED,data\raw\catalogs\2025-2026\2025-2026_Catalog.docx
2025-2026,CSME 1248,CSME,1248,False,TECHNICAL,RESOLVED_NOT_ACADEMIC,,TECHNICAL,RESOLVED,data\raw\catalogs\2025-2026\2025-2026_Catalog.docx
2025-2026,CSME 1401,CSME,1401,False,TECHNICAL,RESOLVED_NOT_ACADEMIC,,TECHNICAL,RESOLVED,data\raw\catalogs\2025-2026\2025-2026_Catalog.docx
2025-2026,CSME 1405,CSME,1405,False,TECHNICAL,RESOLVED_NOT_ACADEMIC,,TECHNICAL,RESOLVED,data\raw\catalogs\2025-2026\2025-2026_Catalog.docx
2025-2026,CSME 1410,CSME,1410,False,TECHNICAL,RESOLVED_NOT_ACADEMIC,,TECHNICAL,RESOLVED,data\raw\catalogs\2025-2026\2025-2026_Catalog.docx
2025-2026,CSME 2270,CSME,2270,False,TECHNICAL,RESOLVED_NOT_ACADEMIC,,TECHNICAL,RESOLVED,data\raw\catalogs\2025-2026\2025-2026_Catalog.docx
2025-2026,CSME 2401,CSME,2401,False,TECHNICAL,RESOLVED_NOT_ACADEMIC,,TECHNICAL,RESOLVED,data\raw\catalogs\2025-2026\2025-2026_Catalog.docx
2025-2026,CSME 2436,CSME,2436,False,TECHNICAL,RESOLVED_NOT_ACADEMIC,,TECHNICAL,RESOLVED,data\raw\catalogs\2025-2026\2025-2026_Catalog.docx
2025-2026,CSME 2475,CSME,2475,False,TECHNICAL,RESOLVED_NOT_ACADEMIC,,TECHNICAL,RESOLVED,data\raw\catalogs\2025-2026\2025-2026_Catalog.docx
2025-2026,CSME 2541,CSME,2541,False,TECHNICAL,RESOLVED_NOT_ACADEMIC,,TECHNICAL,RESOLVED,data\raw\catalogs\2025-2026\2025-2026_Catalog.docx
2025-2026,CTEC 2445,CTEC,2445,False,TECHNICAL,RESOLVED_NOT_ACADEMIC,,TECHNICAL,RESOLVED,data\raw\catalogs\2025-2026\2025-2026_Catalog.docx
2025-2026,CTEC 2480,CTEC,2480,False,TECHNICAL,RESOLVED_NOT_ACADEMIC,,TECHNICAL,RESOLVED,data\raw\catalogs\2025-2026\2025-2026_Catalog.docx
2025-2026,CVOP 1145,CVOP,1145,False,TECHNICAL,RESOLVED_NOT_ACADEMIC,,TECHNICAL,RESOLVED,data\raw\catalogs\2025-2026\2025-2026_Catalog.docx
2025-2026,CVOP 1201,CVOP,1201,False,TECHNICAL,RESOLVED_NOT_ACADEMIC,,TECHNICAL,RESOLVED,data\raw\catalogs\2025-2026\2025-2026_Catalog.docx
2025-2026,DATN 1370,DATN,1370,False,TECHNICAL,RESOLVED_NOT_ACADEMIC,,TECHNICAL,RESOLVED,data\raw\catalogs\2025-2026\2025-2026_Catalog.docx
2025-2026,DATN 1377,DATN,1377,False,TECHNICAL,RESOLVED_NOT_ACADEMIC,,TECHNICAL,RESOLVED,data\raw\catalogs\2025-2026\2025-2026_Catalog.docx
2025-2026,DIRW 0400,DIRW,0400,False,COLLEGE_PREPARATORY,RESOLVED_NOT_ACADEMIC,,COLLEGE_PREPARATORY,RESOLVED,data\raw\catalogs\2025-2026\2025-2026_Catalog.docx
2025-2026,DMTH 0300,DMTH,0300,False,COLLEGE_PREPARATORY,RESOLVED_NOT_ACADEMIC,,COLLEGE_PREPARATORY,RESOLVED,data\raw\catalogs\2025-2026\2025-2026_Catalog.docx
2025-2026,DMTH 0301,DMTH,0301,False,COLLEGE_PREPARATORY,RESOLVED_NOT_ACADEMIC,,COLLEGE_PREPARATORY,RESOLVED,data\raw\catalogs\2025-2026\2025-2026_Catalog.docx
2025-2026,DMTH 0314,DMTH,0314,False,COLLEGE_PREPARATORY,RESOLVED_NOT_ACADEMIC,,COLLEGE_PREPARATORY,RESOLVED,data\raw\catalogs\2025-2026\2025-2026_Catalog.docx
2025-2026,DMTH 0332,DMTH,0332,False,COLLEGE_PREPARATORY,RESOLVED_NOT_ACADEMIC,,COLLEGE_PREPARATORY,RESOLVED,data\raw\catalogs\2025-2026\2025-2026_Catalog.docx
2025-2026,DNTA 1103,DNTA,1103,False,TECHNICAL,RESOLVED_NOT_ACADEMIC,,TECHNICAL,RESOLVED,data\raw\catalogs\2025-2026\2025-2026_Catalog.docx
2025-2026,DNTA 1202,DNTA,1202,False,TECHNICAL,RESOLVED_NOT_ACADEMIC,,TECHNICAL,RESOLVED,data\raw\catalogs\2025-2026\2025-2026_Catalog.docx
2025-2026,DNTA 1213,DNTA,1213,False,TECHNICAL,RESOLVED_NOT_ACADEMIC,,TECHNICAL,RESOLVED,data\raw\catalogs\2025-2026\2025-2026_Catalog.docx
2025-2026,DNTA 1241,DNTA,1241,False,TECHNICAL,RESOLVED_NOT_ACADEMIC,,TECHNICAL,RESOLVED,data\raw\catalogs\2025-2026\2025-2026_Catalog.docx
2025-2026,DNTA 1245,DNTA,1245,False,TECHNICAL,RESOLVED_NOT_ACADEMIC,,TECHNICAL,RESOLVED,data\raw\catalogs\2025-2026\2025-2026_Catalog.docx
2025-2026,DNTA 1249,DNTA,1249,False,TECHNICAL,RESOLVED_NOT_ACADEMIC,,TECHNICAL,RESOLVED,data\raw\catalogs\2025-2026\2025-2026_Catalog.docx
2025-2026,DNTA 1251,DNTA,1251,False,TECHNICAL,RESOLVED_NOT_ACADEMIC,,TECHNICAL,RESOLVED,data\raw\catalogs\2025-2026\2025-2026_Catalog.docx
2025-2026,DNTA 1305,DNTA,1305,False,TECHNICAL,RESOLVED_NOT_ACADEMIC,,TECHNICAL,RESOLVED,data\raw\catalogs\2025-2026\2025-2026_Catalog.docx
2025-2026,DNTA 1311,DNTA,1311,False,TECHNICAL,RESOLVED_NOT_ACADEMIC,,TECHNICAL,RESOLVED,data\raw\catalogs\2025-2026\2025-2026_Catalog.docx
2025-2026,DNTA 1315,DNTA,1315,False,TECHNICAL,RESOLVED_NOT_ACADEMIC,,TECHNICAL,RESOLVED,data\raw\catalogs\2025-2026\2025-2026_Catalog.docx
2025-2026,DNTA 1353,DNTA,1353,False,TECHNICAL,RESOLVED_NOT_ACADEMIC,,TECHNICAL,RESOLVED,data\raw\catalogs\2025-2026\2025-2026_Catalog.docx
2025-2026,DNTA 1401,DNTA,1401,False,TECHNICAL,RESOLVED_NOT_ACADEMIC,,TECHNICAL,RESOLVED,data\raw\catalogs\2025-2026\2025-2026_Catalog.docx
2025-2026,DNTA 1447,DNTA,1447,False,TECHNICAL,RESOLVED_NOT_ACADEMIC,,TECHNICAL,RESOLVED,data\raw\catalogs\2025-2026\2025-2026_Catalog.docx
2025-2026,DNTA 1660,DNTA,1660,False,TECHNICAL,RESOLVED_NOT_ACADEMIC,,TECHNICAL,RESOLVED,data\raw\catalogs\2025-2026\2025-2026_Catalog.docx
2025-2026,DNTA 2461,DNTA,2461,False,TECHNICAL,RESOLVED_NOT_ACADEMIC,,TECHNICAL,RESOLVED,data\raw\catalogs\2025-2026\2025-2026_Catalog.docx
2025-2026,DRAM 1310,DRAM,1310,True,ACADEMIC,RESOLVED_FROM_CATALOG_MARKER,,ACADEMIC,RESOLVED,data\raw\catalogs\2025-2026\2025-2026_Catalog.docx
2025-2026,DRAM 2366,DRAM,2366,True,ACADEMIC,RESOLVED_FROM_CATALOG_MARKER,,ACADEMIC,RESOLVED,data\raw\catalogs\2025-2026\2025-2026_Catalog.docx
2025-2026,ECON 2301,ECON,2301,True,ACADEMIC,RESOLVED_FROM_CATALOG_MARKER,,ACADEMIC,RESOLVED,data\raw\catalogs\2025-2026\2025-2026_Catalog.docx
2025-2026,ECON 2302,ECON,2302,True,ACADEMIC,RESOLVED_FROM_CATALOG_MARKER,,ACADEMIC,RESOLVED,data\raw\catalogs\2025-2026\2025-2026_Catalog.docx
2025-2026,ECRD 1211,ECRD,1211,False,TECHNICAL,RESOLVED_NOT_ACADEMIC,,TECHNICAL,RESOLVED,data\raw\catalogs\2025-2026\2025-2026_Catalog.docx
2025-2026,EDUC 1300,EDUC,1300,True,ACADEMIC,RESOLVED_FROM_CATALOG_MARKER,,ACADEMIC,RESOLVED,data\raw\catalogs\2025-2026\2025-2026_Catalog.docx
2025-2026,EDUC 1301,EDUC,1301,True,ACADEMIC,RESOLVED_FROM_CATALOG_MARKER,,ACADEMIC,RESOLVED,data\raw\catalogs\2025-2026\2025-2026_Catalog.docx
2025-2026,EDUC 2301,EDUC,2301,True,ACADEMIC,RESOLVED_FROM_CATALOG_MARKER,,ACADEMIC,RESOLVED,data\raw\catalogs\2025-2026\2025-2026_Catalog.docx
2025-2026,EECT 1300,EECT,1300,False,TECHNICAL,RESOLVED_NOT_ACADEMIC,,TECHNICAL,RESOLVED,data\raw\catalogs\2025-2026\2025-2026_Catalog.docx
2025-2026,ELPT 1321,ELPT,1321,False,TECHNICAL,RESOLVED_NOT_ACADEMIC,,TECHNICAL,RESOLVED,data\raw\catalogs\2025-2026\2025-2026_Catalog.docx
2025-2026,ELPT 1325,ELPT,1325,False,TECHNICAL,RESOLVED_NOT_ACADEMIC,,TECHNICAL,RESOLVED,data\raw\catalogs\2025-2026\2025-2026_Catalog.docx
2025-2026,ELPT 1329,ELPT,1329,False,TECHNICAL,RESOLVED_NOT_ACADEMIC,,TECHNICAL,RESOLVED,data\raw\catalogs\2025-2026\2025-2026_Catalog.docx
2025-2026,ELPT 1357,ELPT,1357,False,TECHNICAL,RESOLVED_NOT_ACADEMIC,,TECHNICAL,RESOLVED,data\raw\catalogs\2025-2026\2025-2026_Catalog.docx
2025-2026,ELPT 1411,ELPT,1411,False,TECHNICAL,RESOLVED_NOT_ACADEMIC,,TECHNICAL,RESOLVED,data\raw\catalogs\2025-2026\2025-2026_Catalog.docx
2025-2026,ELPT 1445,ELPT,1445,False,TECHNICAL,RESOLVED_NOT_ACADEMIC,,TECHNICAL,RESOLVED,data\raw\catalogs\2025-2026\2025-2026_Catalog.docx
2025-2026,ELPT 2264,ELPT,2264,False,TECHNICAL,RESOLVED_NOT_ACADEMIC,,TECHNICAL,RESOLVED,data\raw\catalogs\2025-2026\2025-2026_Catalog.docx
2025-2026,ELPT 2325,ELPT,2325,False,TECHNICAL,RESOLVED_NOT_ACADEMIC,,TECHNICAL,RESOLVED,data\raw\catalogs\2025-2026\2025-2026_Catalog.docx
2025-2026,ELPT 2423,ELPT,2423,False,TECHNICAL,RESOLVED_NOT_ACADEMIC,,TECHNICAL,RESOLVED,data\raw\catalogs\2025-2026\2025-2026_Catalog.docx
2025-2026,ELPT 2437,ELPT,2437,False,TECHNICAL,RESOLVED_NOT_ACADEMIC,,TECHNICAL,RESOLVED,data\raw\catalogs\2025-2026\2025-2026_Catalog.docx
2025-2026,ELTN 1443,ELTN,1443,False,TECHNICAL,RESOLVED_NOT_ACADEMIC,,TECHNICAL,RESOLVED,data\raw\catalogs\2025-2026\2025-2026_Catalog.docx
2025-2026,EMSP 1208,EMSP,1208,False,TECHNICAL,RESOLVED_NOT_ACADEMIC,,TECHNICAL,RESOLVED,data\raw\catalogs\2025-2026\2025-2026_Catalog.docx
2025-2026,EMSP 1260,EMSP,1260,False,TECHNICAL,RESOLVED_NOT_ACADEMIC,,TECHNICAL,RESOLVED,data\raw\catalogs\2025-2026\2025-2026_Catalog.docx
2025-2026,EMSP 1338,EMSP,1338,False,TECHNICAL,RESOLVED_NOT_ACADEMIC,,TECHNICAL,RESOLVED,data\raw\catalogs\2025-2026\2025-2026_Catalog.docx
2025-2026,EMSP 1355,EMSP,1355,False,TECHNICAL,RESOLVED_NOT_ACADEMIC,,TECHNICAL,RESOLVED,data\raw\catalogs\2025-2026\2025-2026_Catalog.docx
2025-2026,EMSP 1356,EMSP,1356,False,TECHNICAL,RESOLVED_NOT_ACADEMIC,,TECHNICAL,RESOLVED,data\raw\catalogs\2025-2026\2025-2026_Catalog.docx
2025-2026,EMSP 1362,EMSP,1362,False,TECHNICAL,RESOLVED_NOT_ACADEMIC,,TECHNICAL,RESOLVED,data\raw\catalogs\2025-2026\2025-2026_Catalog.docx
2025-2026,EMSP 1438,EMSP,1438,False,TECHNICAL,RESOLVED_NOT_ACADEMIC,,TECHNICAL,RESOLVED,data\raw\catalogs\2025-2026\2025-2026_Catalog.docx
2025-2026,EMSP 1501,EMSP,1501,False,TECHNICAL,RESOLVED_NOT_ACADEMIC,,TECHNICAL,RESOLVED,data\raw\catalogs\2025-2026\2025-2026_Catalog.docx
2025-2026,EMSP 2243,EMSP,2243,False,TECHNICAL,RESOLVED_NOT_ACADEMIC,,TECHNICAL,RESOLVED,data\raw\catalogs\2025-2026\2025-2026_Catalog.docx
2025-2026,EMSP 2260,EMSP,2260,False,TECHNICAL,RESOLVED_NOT_ACADEMIC,,TECHNICAL,RESOLVED,data\raw\catalogs\2025-2026\2025-2026_Catalog.docx
2025-2026,EMSP 2262,EMSP,2262,False,TECHNICAL,RESOLVED_NOT_ACADEMIC,,TECHNICAL,RESOLVED,data\raw\catalogs\2025-2026\2025-2026_Catalog.docx
2025-2026,EMSP 2264,EMSP,2264,False,TECHNICAL,RESOLVED_NOT_ACADEMIC,,TECHNICAL,RESOLVED,data\raw\catalogs\2025-2026\2025-2026_Catalog.docx
2025-2026,EMSP 2305,EMSP,2305,False,TECHNICAL,RESOLVED_NOT_ACADEMIC,,TECHNICAL,RESOLVED,data\raw\catalogs\2025-2026\2025-2026_Catalog.docx
2025-2026,EMSP 2306,EMSP,2306,False,TECHNICAL,RESOLVED_NOT_ACADEMIC,,TECHNICAL,RESOLVED,data\raw\catalogs\2025-2026\2025-2026_Catalog.docx
2025-2026,EMSP 2330,EMSP,2330,False,TECHNICAL,RESOLVED_NOT_ACADEMIC,,TECHNICAL,RESOLVED,data\raw\catalogs\2025-2026\2025-2026_Catalog.docx
2025-2026,EMSP 2434,EMSP,2434,False,TECHNICAL,RESOLVED_NOT_ACADEMIC,,TECHNICAL,RESOLVED,data\raw\catalogs\2025-2026\2025-2026_Catalog.docx
2025-2026,EMSP 2444,EMSP,2444,False,TECHNICAL,RESOLVED_NOT_ACADEMIC,,TECHNICAL,RESOLVED,data\raw\catalogs\2025-2026\2025-2026_Catalog.docx
2025-2026,ENGL 1301,ENGL,1301,True,ACADEMIC,RESOLVED_FROM_CATALOG_MARKER,,ACADEMIC,RESOLVED,data\raw\catalogs\2025-2026\2025-2026_Catalog.docx
2025-2026,ENGL 1302,ENGL,1302,True,ACADEMIC,RESOLVED_FROM_CATALOG_MARKER,,ACADEMIC,RESOLVED,data\raw\catalogs\2025-2026\2025-2026_Catalog.docx
2025-2026,ENGL 2307,ENGL,2307,True,ACADEMIC,RESOLVED_FROM_CATALOG_MARKER,,ACADEMIC,RESOLVED,data\raw\catalogs\2025-2026\2025-2026_Catalog.docx
2025-2026,ENGL 2311,ENGL,2311,True,ACADEMIC,RESOLVED_FROM_CATALOG_MARKER,,ACADEMIC,RESOLVED,data\raw\catalogs\2025-2026\2025-2026_Catalog.docx
2025-2026,ENGL 2322,ENGL,2322,True,ACADEMIC,RESOLVED_FROM_CATALOG_MARKER,,ACADEMIC,RESOLVED,data\raw\catalogs\2025-2026\2025-2026_Catalog.docx
2025-2026,ENGL 2323,ENGL,2323,True,ACADEMIC,RESOLVED_FROM_CATALOG_MARKER,,ACADEMIC,RESOLVED,data\raw\catalogs\2025-2026\2025-2026_Catalog.docx
2025-2026,ENGL 2326,ENGL,2326,True,ACADEMIC,RESOLVED_FROM_CATALOG_MARKER,,ACADEMIC,RESOLVED,data\raw\catalogs\2025-2026\2025-2026_Catalog.docx
2025-2026,ENGL 2331,ENGL,2331,True,ACADEMIC,RESOLVED_FROM_CATALOG_MARKER,,ACADEMIC,RESOLVED,data\raw\catalogs\2025-2026\2025-2026_Catalog.docx
2025-2026,ENGL 2341,ENGL,2341,True,ACADEMIC,RESOLVED_FROM_CATALOG_MARKER,,ACADEMIC,RESOLVED,data\raw\catalogs\2025-2026\2025-2026_Catalog.docx
2025-2026,ENGR 1201,ENGR,1201,True,ACADEMIC,RESOLVED_FROM_CATALOG_MARKER,,ACADEMIC,RESOLVED,data\raw\catalogs\2025-2026\2025-2026_Catalog.docx
2025-2026,ENGR 2301,ENGR,2301,True,ACADEMIC,RESOLVED_FROM_CATALOG_MARKER,,ACADEMIC,RESOLVED,data\raw\catalogs\2025-2026\2025-2026_Catalog.docx
2025-2026,ENGR 2308,ENGR,2308,True,ACADEMIC,RESOLVED_FROM_CATALOG_MARKER,,ACADEMIC,RESOLVED,data\raw\catalogs\2025-2026\2025-2026_Catalog.docx
2025-2026,ENGR 2332,ENGR,2332,True,ACADEMIC,RESOLVED_FROM_CATALOG_MARKER,,ACADEMIC,RESOLVED,data\raw\catalogs\2025-2026\2025-2026_Catalog.docx
2025-2026,EPCT 1301,EPCT,1301,False,TECHNICAL,RESOLVED_NOT_ACADEMIC,,TECHNICAL,RESOLVED,data\raw\catalogs\2025-2026\2025-2026_Catalog.docx
2025-2026,EPCT 1305,EPCT,1305,False,TECHNICAL,RESOLVED_NOT_ACADEMIC,,TECHNICAL,RESOLVED,data\raw\catalogs\2025-2026\2025-2026_Catalog.docx
2025-2026,EPCT 1341,EPCT,1341,False,TECHNICAL,RESOLVED_NOT_ACADEMIC,,TECHNICAL,RESOLVED,data\raw\catalogs\2025-2026\2025-2026_Catalog.docx
2025-2026,EPCT 1349,EPCT,1349,False,TECHNICAL,RESOLVED_NOT_ACADEMIC,,TECHNICAL,RESOLVED,data\raw\catalogs\2025-2026\2025-2026_Catalog.docx
2025-2026,EPCT 2489,EPCT,2489,False,TECHNICAL,RESOLVED_NOT_ACADEMIC,,TECHNICAL,RESOLVED,data\raw\catalogs\2025-2026\2025-2026_Catalog.docx
2025-2026,FDNS 1345,FDNS,1345,False,TECHNICAL,RESOLVED_NOT_ACADEMIC,,TECHNICAL,RESOLVED,data\raw\catalogs\2025-2026\2025-2026_Catalog.docx
2025-2026,FLMC 1304,FLMC,1304,False,TECHNICAL,RESOLVED_NOT_ACADEMIC,,TECHNICAL,RESOLVED,data\raw\catalogs\2025-2026\2025-2026_Catalog.docx
2025-2026,FLMC 2308,FLMC,2308,False,TECHNICAL,RESOLVED_NOT_ACADEMIC,,TECHNICAL,RESOLVED,data\raw\catalogs\2025-2026\2025-2026_Catalog.docx
2025-2026,GEOG 1301,GEOG,1301,True,ACADEMIC,RESOLVED_FROM_CATALOG_MARKER,,ACADEMIC,RESOLVED,data\raw\catalogs\2025-2026\2025-2026_Catalog.docx
2025-2026,GEOG 1302,GEOG,1302,True,ACADEMIC,RESOLVED_FROM_CATALOG_MARKER,,ACADEMIC,RESOLVED,data\raw\catalogs\2025-2026\2025-2026_Catalog.docx
2025-2026,GEOG 1303,GEOG,1303,True,ACADEMIC,RESOLVED_FROM_CATALOG_MARKER,,ACADEMIC,RESOLVED,data\raw\catalogs\2025-2026\2025-2026_Catalog.docx
2025-2026,GEOL 1403,GEOL,1403,True,ACADEMIC,RESOLVED_FROM_CATALOG_MARKER,,ACADEMIC,RESOLVED,data\raw\catalogs\2025-2026\2025-2026_Catalog.docx
2025-2026,GEOL 1404,GEOL,1404,True,ACADEMIC,RESOLVED_FROM_CATALOG_MARKER,,ACADEMIC,RESOLVED,data\raw\catalogs\2025-2026\2025-2026_Catalog.docx
2025-2026,GOVT 2305,GOVT,2305,True,ACADEMIC,RESOLVED_FROM_CATALOG_MARKER,,ACADEMIC,RESOLVED,data\raw\catalogs\2025-2026\2025-2026_Catalog.docx
2025-2026,GOVT 2306,GOVT,2306,True,ACADEMIC,RESOLVED_FROM_CATALOG_MARKER,,ACADEMIC,RESOLVED,data\raw\catalogs\2025-2026\2025-2026_Catalog.docx
2025-2026,GRPH 1305,GRPH,1305,False,TECHNICAL,RESOLVED_NOT_ACADEMIC,,TECHNICAL,RESOLVED,data\raw\catalogs\2025-2026\2025-2026_Catalog.docx
2025-2026,HAMG 1300,HAMG,1300,False,TECHNICAL,RESOLVED_NOT_ACADEMIC,,TECHNICAL,RESOLVED,data\raw\catalogs\2025-2026\2025-2026_Catalog.docx
2025-2026,HAMG 1313,HAMG,1313,False,TECHNICAL,RESOLVED_NOT_ACADEMIC,,TECHNICAL,RESOLVED,data\raw\catalogs\2025-2026\2025-2026_Catalog.docx
2025-2026,HAMG 1321,HAMG,1321,False,UNKNOWN,CONSERVATIVE_EXCLUSION_UNRESOLVED,No authoritative academic marker; excluded from academic-elective eligibility.,UNKNOWN,REVIEW_REQUIRED,data\raw\catalogs\2025-2026\2025-2026_Catalog.docx
2025-2026,HAMG 1324,HAMG,1324,False,TECHNICAL,RESOLVED_NOT_ACADEMIC,,TECHNICAL,RESOLVED,data\raw\catalogs\2025-2026\2025-2026_Catalog.docx
2025-2026,HAMG 2301,HAMG,2301,False,UNKNOWN,CONSERVATIVE_EXCLUSION_UNRESOLVED,No authoritative academic marker; excluded from academic-elective eligibility.,UNKNOWN,REVIEW_REQUIRED,data\raw\catalogs\2025-2026\2025-2026_Catalog.docx
2025-2026,HAMG 2305,HAMG,2305,False,UNKNOWN,CONSERVATIVE_EXCLUSION_UNRESOLVED,No authoritative academic marker; excluded from academic-elective eligibility.,UNKNOWN,REVIEW_REQUIRED,data\raw\catalogs\2025-2026\2025-2026_Catalog.docx
2025-2026,HAMG 2307,HAMG,2307,False,UNKNOWN,CONSERVATIVE_EXCLUSION_UNRESOLVED,No authoritative academic marker; excluded from academic-elective eligibility.,UNKNOWN,REVIEW_REQUIRED,data\raw\catalogs\2025-2026\2025-2026_Catalog.docx
2025-2026,HAMG 2330,HAMG,2330,False,TECHNICAL,RESOLVED_NOT_ACADEMIC,,TECHNICAL,RESOLVED,data\raw\catalogs\2025-2026\2025-2026_Catalog.docx
2025-2026,HAMG 2337,HAMG,2337,False,TECHNICAL,RESOLVED_NOT_ACADEMIC,,TECHNICAL,RESOLVED,data\raw\catalogs\2025-2026\2025-2026_Catalog.docx
2025-2026,HART 1341,HART,1341,False,TECHNICAL,RESOLVED_NOT_ACADEMIC,,TECHNICAL,RESOLVED,data\raw\catalogs\2025-2026\2025-2026_Catalog.docx
2025-2026,HART 1345,HART,1345,False,TECHNICAL,RESOLVED_NOT_ACADEMIC,,TECHNICAL,RESOLVED,data\raw\catalogs\2025-2026\2025-2026_Catalog.docx
2025-2026,HART 1401,HART,1401,False,TECHNICAL,RESOLVED_NOT_ACADEMIC,,TECHNICAL,RESOLVED,data\raw\catalogs\2025-2026\2025-2026_Catalog.docx
2025-2026,HART 1403,HART,1403,False,TECHNICAL,RESOLVED_NOT_ACADEMIC,,TECHNICAL,RESOLVED,data\raw\catalogs\2025-2026\2025-2026_Catalog.docx
2025-2026,HART 1407,HART,1407,False,TECHNICAL,RESOLVED_NOT_ACADEMIC,,TECHNICAL,RESOLVED,data\raw\catalogs\2025-2026\2025-2026_Catalog.docx
2025-2026,HART 2436,HART,2436,False,TECHNICAL,RESOLVED_NOT_ACADEMIC,,TECHNICAL,RESOLVED,data\raw\catalogs\2025-2026\2025-2026_Catalog.docx
2025-2026,HART 2438,HART,2438,False,TECHNICAL,RESOLVED_NOT_ACADEMIC,,TECHNICAL,RESOLVED,data\raw\catalogs\2025-2026\2025-2026_Catalog.docx
2025-2026,HART 2445,HART,2445,False,TECHNICAL,RESOLVED_NOT_ACADEMIC,,TECHNICAL,RESOLVED,data\raw\catalogs\2025-2026\2025-2026_Catalog.docx
2025-2026,HIST 1301,HIST,1301,True,ACADEMIC,RESOLVED_FROM_CATALOG_MARKER,,ACADEMIC,RESOLVED,data\raw\catalogs\2025-2026\2025-2026_Catalog.docx
2025-2026,HIST 1302,HIST,1302,True,ACADEMIC,RESOLVED_FROM_CATALOG_MARKER,,ACADEMIC,RESOLVED,data\raw\catalogs\2025-2026\2025-2026_Catalog.docx
2025-2026,HIST 2301,HIST,2301,True,ACADEMIC,RESOLVED_FROM_CATALOG_MARKER,,ACADEMIC,RESOLVED,data\raw\catalogs\2025-2026\2025-2026_Catalog.docx
2025-2026,HIST 2321,HIST,2321,True,ACADEMIC,RESOLVED_FROM_CATALOG_MARKER,,ACADEMIC,RESOLVED,data\raw\catalogs\2025-2026\2025-2026_Catalog.docx
2025-2026,HIST 2322,HIST,2322,True,ACADEMIC,RESOLVED_FROM_CATALOG_MARKER,,ACADEMIC,RESOLVED,data\raw\catalogs\2025-2026\2025-2026_Catalog.docx
2025-2026,HITT 1305,HITT,1305,False,TECHNICAL,RESOLVED_NOT_ACADEMIC,,TECHNICAL,RESOLVED,data\raw\catalogs\2025-2026\2025-2026_Catalog.docx
2025-2026,HUMA 1315,HUMA,1315,True,ACADEMIC,RESOLVED_FROM_CATALOG_MARKER,,ACADEMIC,RESOLVED,data\raw\catalogs\2025-2026\2025-2026_Catalog.docx
2025-2026,HYDR 1405,HYDR,1405,False,TECHNICAL,RESOLVED_NOT_ACADEMIC,,TECHNICAL,RESOLVED,data\raw\catalogs\2025-2026\2025-2026_Catalog.docx
2025-2026,HYDR 1445,HYDR,1445,False,TECHNICAL,RESOLVED_NOT_ACADEMIC,,TECHNICAL,RESOLVED,data\raw\catalogs\2025-2026\2025-2026_Catalog.docx
2025-2026,IFWA 1310,IFWA,1310,False,TECHNICAL,RESOLVED_NOT_ACADEMIC,,TECHNICAL,RESOLVED,data\raw\catalogs\2025-2026\2025-2026_Catalog.docx
2025-2026,INCR 1402,INCR,1402,False,TECHNICAL,RESOLVED_NOT_ACADEMIC,,TECHNICAL,RESOLVED,data\raw\catalogs\2025-2026\2025-2026_Catalog.docx
2025-2026,INCR 1442,INCR,1442,False,TECHNICAL,RESOLVED_NOT_ACADEMIC,,TECHNICAL,RESOLVED,data\raw\catalogs\2025-2026\2025-2026_Catalog.docx
2025-2026,INMT 2301,INMT,2301,False,TECHNICAL,RESOLVED_NOT_ACADEMIC,,TECHNICAL,RESOLVED,data\raw\catalogs\2025-2026\2025-2026_Catalog.docx
2025-2026,INMT 2303,INMT,2303,False,TECHNICAL,RESOLVED_NOT_ACADEMIC,,TECHNICAL,RESOLVED,data\raw\catalogs\2025-2026\2025-2026_Catalog.docx
2025-2026,INMT 2345,INMT,2345,False,TECHNICAL,RESOLVED_NOT_ACADEMIC,,TECHNICAL,RESOLVED,data\raw\catalogs\2025-2026\2025-2026_Catalog.docx
2025-2026,INSR 1301,INSR,1301,False,TECHNICAL,RESOLVED_NOT_ACADEMIC,,TECHNICAL,RESOLVED,data\raw\catalogs\2025-2026\2025-2026_Catalog.docx
2025-2026,INSR 1305,INSR,1305,False,TECHNICAL,RESOLVED_NOT_ACADEMIC,,TECHNICAL,RESOLVED,data\raw\catalogs\2025-2026\2025-2026_Catalog.docx
2025-2026,INSR 1345,INSR,1345,False,TECHNICAL,RESOLVED_NOT_ACADEMIC,,TECHNICAL,RESOLVED,data\raw\catalogs\2025-2026\2025-2026_Catalog.docx
2025-2026,INSR 1353,INSR,1353,False,TECHNICAL,RESOLVED_NOT_ACADEMIC,,TECHNICAL,RESOLVED,data\raw\catalogs\2025-2026\2025-2026_Catalog.docx
2025-2026,INSR 1355,INSR,1355,False,TECHNICAL,RESOLVED_NOT_ACADEMIC,,TECHNICAL,RESOLVED,data\raw\catalogs\2025-2026\2025-2026_Catalog.docx
2025-2026,INSR 2319,INSR,2319,False,TECHNICAL,RESOLVED_NOT_ACADEMIC,,TECHNICAL,RESOLVED,data\raw\catalogs\2025-2026\2025-2026_Catalog.docx
2025-2026,INTC 1301,INTC,1301,False,TECHNICAL,RESOLVED_NOT_ACADEMIC,,TECHNICAL,RESOLVED,data\raw\catalogs\2025-2026\2025-2026_Catalog.docx
2025-2026,INTC 1358,INTC,1358,False,TECHNICAL,RESOLVED_NOT_ACADEMIC,,TECHNICAL,RESOLVED,data\raw\catalogs\2025-2026\2025-2026_Catalog.docx
2025-2026,INTC 1457,INTC,1457,False,TECHNICAL,RESOLVED_NOT_ACADEMIC,,TECHNICAL,RESOLVED,data\raw\catalogs\2025-2026\2025-2026_Catalog.docx
2025-2026,INTC 2480,INTC,2480,False,TECHNICAL,RESOLVED_NOT_ACADEMIC,,TECHNICAL,RESOLVED,data\raw\catalogs\2025-2026\2025-2026_Catalog.docx
2025-2026,INTC 2488,INTC,2488,False,TECHNICAL,RESOLVED_NOT_ACADEMIC,,TECHNICAL,RESOLVED,data\raw\catalogs\2025-2026\2025-2026_Catalog.docx
2025-2026,ITCC 1314,ITCC,1314,False,TECHNICAL,RESOLVED_NOT_ACADEMIC,,TECHNICAL,RESOLVED,data\raw\catalogs\2025-2026\2025-2026_Catalog.docx
2025-2026,ITCC 1344,ITCC,1344,False,TECHNICAL,RESOLVED_NOT_ACADEMIC,,TECHNICAL,RESOLVED,data\raw\catalogs\2025-2026\2025-2026_Catalog.docx
2025-2026,ITCC 2320,ITCC,2320,False,TECHNICAL,RESOLVED_NOT_ACADEMIC,,TECHNICAL,RESOLVED,data\raw\catalogs\2025-2026\2025-2026_Catalog.docx
2025-2026,ITDF 1300,ITDF,1300,False,TECHNICAL,RESOLVED_NOT_ACADEMIC,,TECHNICAL,RESOLVED,data\raw\catalogs\2025-2026\2025-2026_Catalog.docx
2025-2026,ITNW 1313,ITNW,1313,False,TECHNICAL,RESOLVED_NOT_ACADEMIC,,TECHNICAL,RESOLVED,data\raw\catalogs\2025-2026\2025-2026_Catalog.docx
2025-2026,ITNW 1336,ITNW,1336,False,TECHNICAL,RESOLVED_NOT_ACADEMIC,,TECHNICAL,RESOLVED,data\raw\catalogs\2025-2026\2025-2026_Catalog.docx
2025-2026,ITNW 1354,ITNW,1354,False,TECHNICAL,RESOLVED_NOT_ACADEMIC,,TECHNICAL,RESOLVED,data\raw\catalogs\2025-2026\2025-2026_Catalog.docx
2025-2026,ITSC 1309,ITSC,1309,False,TECHNICAL,RESOLVED_NOT_ACADEMIC,,TECHNICAL,RESOLVED,data\raw\catalogs\2025-2026\2025-2026_Catalog.docx
2025-2026,ITSC 1316,ITSC,1316,False,TECHNICAL,RESOLVED_NOT_ACADEMIC,,TECHNICAL,RESOLVED,data\raw\catalogs\2025-2026\2025-2026_Catalog.docx
2025-2026,ITSC 1325,ITSC,1325,False,TECHNICAL,RESOLVED_NOT_ACADEMIC,,TECHNICAL,RESOLVED,data\raw\catalogs\2025-2026\2025-2026_Catalog.docx
2025-2026,ITSC 2339,ITSC,2339,False,TECHNICAL,RESOLVED_NOT_ACADEMIC,,TECHNICAL,RESOLVED,data\raw\catalogs\2025-2026\2025-2026_Catalog.docx
2025-2026,ITSC 2387,ITSC,2387,False,TECHNICAL,RESOLVED_NOT_ACADEMIC,,TECHNICAL,RESOLVED,data\raw\catalogs\2025-2026\2025-2026_Catalog.docx
2025-2026,ITSE 1329,ITSE,1329,False,TECHNICAL,RESOLVED_NOT_ACADEMIC,,TECHNICAL,RESOLVED,data\raw\catalogs\2025-2026\2025-2026_Catalog.docx
2025-2026,ITSE 1359,ITSE,1359,False,TECHNICAL,RESOLVED_NOT_ACADEMIC,,TECHNICAL,RESOLVED,data\raw\catalogs\2025-2026\2025-2026_Catalog.docx
2025-2026,ITSE 1445,ITSE,1445,False,TECHNICAL,RESOLVED_NOT_ACADEMIC,,TECHNICAL,RESOLVED,data\raw\catalogs\2025-2026\2025-2026_Catalog.docx
2025-2026,ITSW 1304,ITSW,1304,False,TECHNICAL,RESOLVED_NOT_ACADEMIC,,TECHNICAL,RESOLVED,data\raw\catalogs\2025-2026\2025-2026_Catalog.docx
2025-2026,ITSY 1342,ITSY,1342,False,TECHNICAL,RESOLVED_NOT_ACADEMIC,,TECHNICAL,RESOLVED,data\raw\catalogs\2025-2026\2025-2026_Catalog.docx
2025-2026,ITSY 2301,ITSY,2301,False,TECHNICAL,RESOLVED_NOT_ACADEMIC,,TECHNICAL,RESOLVED,data\raw\catalogs\2025-2026\2025-2026_Catalog.docx
2025-2026,ITSY 2343,ITSY,2343,False,TECHNICAL,RESOLVED_NOT_ACADEMIC,,TECHNICAL,RESOLVED,data\raw\catalogs\2025-2026\2025-2026_Catalog.docx
2025-2026,LMGT 1293,LMGT,1293,False,TECHNICAL,RESOLVED_NOT_ACADEMIC,,TECHNICAL,RESOLVED,data\raw\catalogs\2025-2026\2025-2026_Catalog.docx
2025-2026,LMGT 1319,LMGT,1319,False,TECHNICAL,RESOLVED_NOT_ACADEMIC,,TECHNICAL,RESOLVED,data\raw\catalogs\2025-2026\2025-2026_Catalog.docx
2025-2026,LMGT 1321,LMGT,1321,False,TECHNICAL,RESOLVED_NOT_ACADEMIC,,TECHNICAL,RESOLVED,data\raw\catalogs\2025-2026\2025-2026_Catalog.docx
2025-2026,LMGT 1323,LMGT,1323,False,TECHNICAL,RESOLVED_NOT_ACADEMIC,,TECHNICAL,RESOLVED,data\raw\catalogs\2025-2026\2025-2026_Catalog.docx
2025-2026,LMGT 1325,LMGT,1325,False,TECHNICAL,RESOLVED_NOT_ACADEMIC,,TECHNICAL,RESOLVED,data\raw\catalogs\2025-2026\2025-2026_Catalog.docx
2025-2026,LMGT 1345,LMGT,1345,False,TECHNICAL,RESOLVED_NOT_ACADEMIC,,TECHNICAL,RESOLVED,data\raw\catalogs\2025-2026\2025-2026_Catalog.docx
2025-2026,LMGT 2334,LMGT,2334,False,TECHNICAL,RESOLVED_NOT_ACADEMIC,,TECHNICAL,RESOLVED,data\raw\catalogs\2025-2026\2025-2026_Catalog.docx
2025-2026,LMGT 2388,LMGT,2388,False,TECHNICAL,RESOLVED_NOT_ACADEMIC,,TECHNICAL,RESOLVED,data\raw\catalogs\2025-2026\2025-2026_Catalog.docx
2025-2026,MATH 1314,MATH,1314,True,ACADEMIC,RESOLVED_FROM_CATALOG_MARKER,,ACADEMIC,RESOLVED,data\raw\catalogs\2025-2026\2025-2026_Catalog.docx
2025-2026,MATH 1316,MATH,1316,True,ACADEMIC,RESOLVED_FROM_CATALOG_MARKER,,ACADEMIC,RESOLVED,data\raw\catalogs\2025-2026\2025-2026_Catalog.docx
2025-2026,MATH 1324,MATH,1324,True,ACADEMIC,RESOLVED_FROM_CATALOG_MARKER,,ACADEMIC,RESOLVED,data\raw\catalogs\2025-2026\2025-2026_Catalog.docx
2025-2026,MATH 1325,MATH,1325,True,ACADEMIC,RESOLVED_FROM_CATALOG_MARKER,,ACADEMIC,RESOLVED,data\raw\catalogs\2025-2026\2025-2026_Catalog.docx
2025-2026,MATH 1332,MATH,1332,True,ACADEMIC,RESOLVED_FROM_CATALOG_MARKER,,ACADEMIC,RESOLVED,data\raw\catalogs\2025-2026\2025-2026_Catalog.docx
2025-2026,MATH 1342,MATH,1342,True,ACADEMIC,RESOLVED_FROM_CATALOG_MARKER,,ACADEMIC,RESOLVED,data\raw\catalogs\2025-2026\2025-2026_Catalog.docx
2025-2026,MATH 1350,MATH,1350,True,ACADEMIC,RESOLVED_FROM_CATALOG_MARKER,,ACADEMIC,RESOLVED,data\raw\catalogs\2025-2026\2025-2026_Catalog.docx
2025-2026,MATH 1351,MATH,1351,True,ACADEMIC,RESOLVED_FROM_CATALOG_MARKER,,ACADEMIC,RESOLVED,data\raw\catalogs\2025-2026\2025-2026_Catalog.docx
2025-2026,MATH 2305,MATH,2305,True,ACADEMIC,RESOLVED_FROM_CATALOG_MARKER,,ACADEMIC,RESOLVED,data\raw\catalogs\2025-2026\2025-2026_Catalog.docx
2025-2026,MATH 2312,MATH,2312,True,ACADEMIC,RESOLVED_FROM_CATALOG_MARKER,,ACADEMIC,RESOLVED,data\raw\catalogs\2025-2026\2025-2026_Catalog.docx
2025-2026,MATH 2318,MATH,2318,True,ACADEMIC,RESOLVED_FROM_CATALOG_MARKER,,ACADEMIC,RESOLVED,data\raw\catalogs\2025-2026\2025-2026_Catalog.docx
2025-2026,MATH 2320,MATH,2320,True,ACADEMIC,RESOLVED_FROM_CATALOG_MARKER,,ACADEMIC,RESOLVED,data\raw\catalogs\2025-2026\2025-2026_Catalog.docx
2025-2026,MATH 2413,MATH,2413,True,ACADEMIC,RESOLVED_FROM_CATALOG_MARKER,,ACADEMIC,RESOLVED,data\raw\catalogs\2025-2026\2025-2026_Catalog.docx
2025-2026,MATH 2414,MATH,2414,True,ACADEMIC,RESOLVED_FROM_CATALOG_MARKER,,ACADEMIC,RESOLVED,data\raw\catalogs\2025-2026\2025-2026_Catalog.docx
2025-2026,MATH 2415,MATH,2415,True,ACADEMIC,RESOLVED_FROM_CATALOG_MARKER,,ACADEMIC,RESOLVED,data\raw\catalogs\2025-2026\2025-2026_Catalog.docx
2025-2026,MCHN 1302,MCHN,1302,False,TECHNICAL,RESOLVED_NOT_ACADEMIC,,TECHNICAL,RESOLVED,data\raw\catalogs\2025-2026\2025-2026_Catalog.docx
2025-2026,MCHN 1308,MCHN,1308,False,TECHNICAL,RESOLVED_NOT_ACADEMIC,,TECHNICAL,RESOLVED,data\raw\catalogs\2025-2026\2025-2026_Catalog.docx
2025-2026,MCHN 1313,MCHN,1313,False,TECHNICAL,RESOLVED_NOT_ACADEMIC,,TECHNICAL,RESOLVED,data\raw\catalogs\2025-2026\2025-2026_Catalog.docx
2025-2026,MCHN 1338,MCHN,1338,False,TECHNICAL,RESOLVED_NOT_ACADEMIC,,TECHNICAL,RESOLVED,data\raw\catalogs\2025-2026\2025-2026_Catalog.docx
2025-2026,MCHN 1341,MCHN,1341,False,TECHNICAL,RESOLVED_NOT_ACADEMIC,,TECHNICAL,RESOLVED,data\raw\catalogs\2025-2026\2025-2026_Catalog.docx
2025-2026,MCHN 1343,MCHN,1343,False,TECHNICAL,RESOLVED_NOT_ACADEMIC,,TECHNICAL,RESOLVED,data\raw\catalogs\2025-2026\2025-2026_Catalog.docx
2025-2026,MCHN 1352,MCHN,1352,False,TECHNICAL,RESOLVED_NOT_ACADEMIC,,TECHNICAL,RESOLVED,data\raw\catalogs\2025-2026\2025-2026_Catalog.docx
2025-2026,MCHN 1354,MCHN,1354,False,TECHNICAL,RESOLVED_NOT_ACADEMIC,,TECHNICAL,RESOLVED,data\raw\catalogs\2025-2026\2025-2026_Catalog.docx
2025-2026,MCHN 2341,MCHN,2341,False,TECHNICAL,RESOLVED_NOT_ACADEMIC,,TECHNICAL,RESOLVED,data\raw\catalogs\2025-2026\2025-2026_Catalog.docx
2025-2026,MCHN 2345,MCHN,2345,False,TECHNICAL,RESOLVED_NOT_ACADEMIC,,TECHNICAL,RESOLVED,data\raw\catalogs\2025-2026\2025-2026_Catalog.docx
2025-2026,MDCA 1302,MDCA,1302,False,TECHNICAL,RESOLVED_NOT_ACADEMIC,,TECHNICAL,RESOLVED,data\raw\catalogs\2025-2026\2025-2026_Catalog.docx
2025-2026,MDCA 1305,MDCA,1305,False,TECHNICAL,RESOLVED_NOT_ACADEMIC,,TECHNICAL,RESOLVED,data\raw\catalogs\2025-2026\2025-2026_Catalog.docx
2025-2026,MDCA 1309,MDCA,1309,False,TECHNICAL,RESOLVED_NOT_ACADEMIC,,TECHNICAL,RESOLVED,data\raw\catalogs\2025-2026\2025-2026_Catalog.docx
2025-2026,MDCA 1310,MDCA,1310,False,TECHNICAL,RESOLVED_NOT_ACADEMIC,,TECHNICAL,RESOLVED,data\raw\catalogs\2025-2026\2025-2026_Catalog.docx
2025-2026,MDCA 1317,MDCA,1317,False,TECHNICAL,RESOLVED_NOT_ACADEMIC,,TECHNICAL,RESOLVED,data\raw\catalogs\2025-2026\2025-2026_Catalog.docx
2025-2026,MDCA 1321,MDCA,1321,False,TECHNICAL,RESOLVED_NOT_ACADEMIC,,TECHNICAL,RESOLVED,data\raw\catalogs\2025-2026\2025-2026_Catalog.docx
2025-2026,MDCA 1343,MDCA,1343,False,TECHNICAL,RESOLVED_NOT_ACADEMIC,,TECHNICAL,RESOLVED,data\raw\catalogs\2025-2026\2025-2026_Catalog.docx
2025-2026,MDCA 1348,MDCA,1348,False,TECHNICAL,RESOLVED_NOT_ACADEMIC,,TECHNICAL,RESOLVED,data\raw\catalogs\2025-2026\2025-2026_Catalog.docx
2025-2026,MDCA 1361,MDCA,1361,False,TECHNICAL,RESOLVED_NOT_ACADEMIC,,TECHNICAL,RESOLVED,data\raw\catalogs\2025-2026\2025-2026_Catalog.docx
2025-2026,MRKG 1200,MRKG,1200,False,TECHNICAL,RESOLVED_NOT_ACADEMIC,,TECHNICAL,RESOLVED,data\raw\catalogs\2025-2026\2025-2026_Catalog.docx
2025-2026,MRKG 1301,MRKG,1301,False,TECHNICAL,RESOLVED_NOT_ACADEMIC,,TECHNICAL,RESOLVED,data\raw\catalogs\2025-2026\2025-2026_Catalog.docx
2025-2026,MRKG 1311,MRKG,1311,False,TECHNICAL,RESOLVED_NOT_ACADEMIC,,TECHNICAL,RESOLVED,data\raw\catalogs\2025-2026\2025-2026_Catalog.docx
2025-2026,MSSG 1105,MSSG,1105,False,TECHNICAL,RESOLVED_NOT_ACADEMIC,,TECHNICAL,RESOLVED,data\raw\catalogs\2025-2026\2025-2026_Catalog.docx
2025-2026,MSSG 1109,MSSG,1109,False,TECHNICAL,RESOLVED_NOT_ACADEMIC,,TECHNICAL,RESOLVED,data\raw\catalogs\2025-2026\2025-2026_Catalog.docx
2025-2026,MSSG 1207,MSSG,1207,False,TECHNICAL,RESOLVED_NOT_ACADEMIC,,TECHNICAL,RESOLVED,data\raw\catalogs\2025-2026\2025-2026_Catalog.docx
2025-2026,MSSG 1411,MSSG,1411,False,TECHNICAL,RESOLVED_NOT_ACADEMIC,,TECHNICAL,RESOLVED,data\raw\catalogs\2025-2026\2025-2026_Catalog.docx
2025-2026,MSSG 1413,MSSG,1413,False,TECHNICAL,RESOLVED_NOT_ACADEMIC,,TECHNICAL,RESOLVED,data\raw\catalogs\2025-2026\2025-2026_Catalog.docx
2025-2026,MSSG 2186,MSSG,2186,False,TECHNICAL,RESOLVED_NOT_ACADEMIC,,TECHNICAL,RESOLVED,data\raw\catalogs\2025-2026\2025-2026_Catalog.docx
2025-2026,MSSG 2311,MSSG,2311,False,TECHNICAL,RESOLVED_NOT_ACADEMIC,,TECHNICAL,RESOLVED,data\raw\catalogs\2025-2026\2025-2026_Catalog.docx
2025-2026,MSSG 2314,MSSG,2314,False,TECHNICAL,RESOLVED_NOT_ACADEMIC,,TECHNICAL,RESOLVED,data\raw\catalogs\2025-2026\2025-2026_Catalog.docx
2025-2026,MSSG 2413,MSSG,2413,False,TECHNICAL,RESOLVED_NOT_ACADEMIC,,TECHNICAL,RESOLVED,data\raw\catalogs\2025-2026\2025-2026_Catalog.docx
2025-2026,MUSI 1181,MUSI,1181,True,ACADEMIC,RESOLVED_FROM_CATALOG_MARKER,,ACADEMIC,RESOLVED,data\raw\catalogs\2025-2026\2025-2026_Catalog.docx
2025-2026,MUSI 1183,MUSI,1183,True,ACADEMIC,RESOLVED_FROM_CATALOG_MARKER,,ACADEMIC,RESOLVED,data\raw\catalogs\2025-2026\2025-2026_Catalog.docx
2025-2026,MUSI 1306,MUSI,1306,True,ACADEMIC,RESOLVED_FROM_CATALOG_MARKER,,ACADEMIC,RESOLVED,data\raw\catalogs\2025-2026\2025-2026_Catalog.docx
2025-2026,NAUT 1264,NAUT,1264,False,TECHNICAL,RESOLVED_NOT_ACADEMIC,,TECHNICAL,RESOLVED,data\raw\catalogs\2025-2026\2025-2026_Catalog.docx
2025-2026,NAUT 1305,NAUT,1305,False,TECHNICAL,RESOLVED_NOT_ACADEMIC,,TECHNICAL,RESOLVED,data\raw\catalogs\2025-2026\2025-2026_Catalog.docx
2025-2026,NAUT 1315,NAUT,1315,False,TECHNICAL,RESOLVED_NOT_ACADEMIC,,TECHNICAL,RESOLVED,data\raw\catalogs\2025-2026\2025-2026_Catalog.docx
2025-2026,NAUT 1320,NAUT,1320,False,TECHNICAL,RESOLVED_NOT_ACADEMIC,,TECHNICAL,RESOLVED,data\raw\catalogs\2025-2026\2025-2026_Catalog.docx
2025-2026,NAUT 1343,NAUT,1343,False,TECHNICAL,RESOLVED_NOT_ACADEMIC,,TECHNICAL,RESOLVED,data\raw\catalogs\2025-2026\2025-2026_Catalog.docx
2025-2026,NAUT 1345,NAUT,1345,False,TECHNICAL,RESOLVED_NOT_ACADEMIC,,TECHNICAL,RESOLVED,data\raw\catalogs\2025-2026\2025-2026_Catalog.docx
2025-2026,NAUT 1350,NAUT,1350,False,TECHNICAL,RESOLVED_NOT_ACADEMIC,,TECHNICAL,RESOLVED,data\raw\catalogs\2025-2026\2025-2026_Catalog.docx
2025-2026,NAUT 2205,NAUT,2205,False,TECHNICAL,RESOLVED_NOT_ACADEMIC,,TECHNICAL,RESOLVED,data\raw\catalogs\2025-2026\2025-2026_Catalog.docx
2025-2026,NAUT 2265,NAUT,2265,False,TECHNICAL,RESOLVED_NOT_ACADEMIC,,TECHNICAL,RESOLVED,data\raw\catalogs\2025-2026\2025-2026_Catalog.docx
2025-2026,NAUT 2310,NAUT,2310,False,TECHNICAL,RESOLVED_NOT_ACADEMIC,,TECHNICAL,RESOLVED,data\raw\catalogs\2025-2026\2025-2026_Catalog.docx
2025-2026,NAUT 2312,NAUT,2312,False,TECHNICAL,RESOLVED_NOT_ACADEMIC,,TECHNICAL,RESOLVED,data\raw\catalogs\2025-2026\2025-2026_Catalog.docx
2025-2026,NAUT 2315,NAUT,2315,False,TECHNICAL,RESOLVED_NOT_ACADEMIC,,TECHNICAL,RESOLVED,data\raw\catalogs\2025-2026\2025-2026_Catalog.docx
2025-2026,NAUT 2320,NAUT,2320,False,TECHNICAL,RESOLVED_NOT_ACADEMIC,,TECHNICAL,RESOLVED,data\raw\catalogs\2025-2026\2025-2026_Catalog.docx
2025-2026,NAUT 2325,NAUT,2325,False,TECHNICAL,RESOLVED_NOT_ACADEMIC,,TECHNICAL,RESOLVED,data\raw\catalogs\2025-2026\2025-2026_Catalog.docx
2025-2026,NCBM 0101,NCBM,0101,False,COLLEGE_PREPARATORY,RESOLVED_NOT_ACADEMIC,,COLLEGE_PREPARATORY,RESOLVED,data\raw\catalogs\2025-2026\2025-2026_Catalog.docx
2025-2026,NCBM 0102,NCBM,0102,False,COLLEGE_PREPARATORY,RESOLVED_NOT_ACADEMIC,,COLLEGE_PREPARATORY,RESOLVED,data\raw\catalogs\2025-2026\2025-2026_Catalog.docx
2025-2026,NURA 1160,NURA,1160,False,TECHNICAL,RESOLVED_NOT_ACADEMIC,,TECHNICAL,RESOLVED,data\raw\catalogs\2025-2026\2025-2026_Catalog.docx
2025-2026,NURA 1301,NURA,1301,False,TECHNICAL,RESOLVED_NOT_ACADEMIC,,TECHNICAL,RESOLVED,data\raw\catalogs\2025-2026\2025-2026_Catalog.docx
2025-2026,OSHT 1405,OSHT,1405,False,TECHNICAL,RESOLVED_NOT_ACADEMIC,,TECHNICAL,RESOLVED,data\raw\catalogs\2025-2026\2025-2026_Catalog.docx
2025-2026,OSHT 2401,OSHT,2401,False,TECHNICAL,RESOLVED_NOT_ACADEMIC,,TECHNICAL,RESOLVED,data\raw\catalogs\2025-2026\2025-2026_Catalog.docx
2025-2026,PFPB 1306,PFPB,1306,False,TECHNICAL,RESOLVED_NOT_ACADEMIC,,TECHNICAL,RESOLVED,data\raw\catalogs\2025-2026\2025-2026_Catalog.docx
2025-2026,PFPB 1308,PFPB,1308,False,TECHNICAL,RESOLVED_NOT_ACADEMIC,,TECHNICAL,RESOLVED,data\raw\catalogs\2025-2026\2025-2026_Catalog.docx
2025-2026,PFPB 1319,PFPB,1319,False,TECHNICAL,RESOLVED_NOT_ACADEMIC,,TECHNICAL,RESOLVED,data\raw\catalogs\2025-2026\2025-2026_Catalog.docx
2025-2026,PFPB 1321,PFPB,1321,False,TECHNICAL,RESOLVED_NOT_ACADEMIC,,TECHNICAL,RESOLVED,data\raw\catalogs\2025-2026\2025-2026_Catalog.docx
2025-2026,PFPB 1323,PFPB,1323,False,TECHNICAL,RESOLVED_NOT_ACADEMIC,,TECHNICAL,RESOLVED,data\raw\catalogs\2025-2026\2025-2026_Catalog.docx
2025-2026,PFPB 1343,PFPB,1343,False,TECHNICAL,RESOLVED_NOT_ACADEMIC,,TECHNICAL,RESOLVED,data\raw\catalogs\2025-2026\2025-2026_Catalog.docx
2025-2026,PFPB 1347,PFPB,1347,False,TECHNICAL,RESOLVED_NOT_ACADEMIC,,TECHNICAL,RESOLVED,data\raw\catalogs\2025-2026\2025-2026_Catalog.docx
2025-2026,PFPB 1350,PFPB,1350,False,TECHNICAL,RESOLVED_NOT_ACADEMIC,,TECHNICAL,RESOLVED,data\raw\catalogs\2025-2026\2025-2026_Catalog.docx
2025-2026,PFPB 1382,PFPB,1382,False,TECHNICAL,RESOLVED_NOT_ACADEMIC,,TECHNICAL,RESOLVED,data\raw\catalogs\2025-2026\2025-2026_Catalog.docx
2025-2026,PFPB 1408,PFPB,1408,False,TECHNICAL,RESOLVED_NOT_ACADEMIC,,TECHNICAL,RESOLVED,data\raw\catalogs\2025-2026\2025-2026_Catalog.docx
2025-2026,PFPB 1443,PFPB,1443,False,TECHNICAL,RESOLVED_NOT_ACADEMIC,,TECHNICAL,RESOLVED,data\raw\catalogs\2025-2026\2025-2026_Catalog.docx
2025-2026,PFPB 1450,PFPB,1450,False,TECHNICAL,RESOLVED_NOT_ACADEMIC,,TECHNICAL,RESOLVED,data\raw\catalogs\2025-2026\2025-2026_Catalog.docx
2025-2026,PFPB 2308,PFPB,2308,False,TECHNICAL,RESOLVED_NOT_ACADEMIC,,TECHNICAL,RESOLVED,data\raw\catalogs\2025-2026\2025-2026_Catalog.docx
2025-2026,PFPB 2309,PFPB,2309,False,TECHNICAL,RESOLVED_NOT_ACADEMIC,,TECHNICAL,RESOLVED,data\raw\catalogs\2025-2026\2025-2026_Catalog.docx
2025-2026,PFPB 2315,PFPB,2315,False,TECHNICAL,RESOLVED_NOT_ACADEMIC,,TECHNICAL,RESOLVED,data\raw\catalogs\2025-2026\2025-2026_Catalog.docx
2025-2026,PFPB 2345,PFPB,2345,False,TECHNICAL,RESOLVED_NOT_ACADEMIC,,TECHNICAL,RESOLVED,data\raw\catalogs\2025-2026\2025-2026_Catalog.docx
2025-2026,PFPB 2349,PFPB,2349,False,TECHNICAL,RESOLVED_NOT_ACADEMIC,,TECHNICAL,RESOLVED,data\raw\catalogs\2025-2026\2025-2026_Catalog.docx
2025-2026,PFPB 2357,PFPB,2357,False,TECHNICAL,RESOLVED_NOT_ACADEMIC,,TECHNICAL,RESOLVED,data\raw\catalogs\2025-2026\2025-2026_Catalog.docx
2025-2026,PFPB 2433,PFPB,2433,False,TECHNICAL,RESOLVED_NOT_ACADEMIC,,TECHNICAL,RESOLVED,data\raw\catalogs\2025-2026\2025-2026_Catalog.docx
2025-2026,PHIL 1301,PHIL,1301,True,ACADEMIC,RESOLVED_FROM_CATALOG_MARKER,,ACADEMIC,RESOLVED,data\raw\catalogs\2025-2026\2025-2026_Catalog.docx
2025-2026,PHIL 2306,PHIL,2306,True,ACADEMIC,RESOLVED_FROM_CATALOG_MARKER,,ACADEMIC,RESOLVED,data\raw\catalogs\2025-2026\2025-2026_Catalog.docx
2025-2026,PHIL 2321,PHIL,2321,True,ACADEMIC,RESOLVED_FROM_CATALOG_MARKER,,ACADEMIC,RESOLVED,data\raw\catalogs\2025-2026\2025-2026_Catalog.docx
2025-2026,PHRA 1243,PHRA,1243,False,TECHNICAL,RESOLVED_NOT_ACADEMIC,,TECHNICAL,RESOLVED,data\raw\catalogs\2025-2026\2025-2026_Catalog.docx
2025-2026,PHRA 1301,PHRA,1301,False,TECHNICAL,RESOLVED_NOT_ACADEMIC,,TECHNICAL,RESOLVED,data\raw\catalogs\2025-2026\2025-2026_Catalog.docx
2025-2026,PHRA 1304,PHRA,1304,False,TECHNICAL,RESOLVED_NOT_ACADEMIC,,TECHNICAL,RESOLVED,data\raw\catalogs\2025-2026\2025-2026_Catalog.docx
2025-2026,PHRA 1305,PHRA,1305,False,TECHNICAL,RESOLVED_NOT_ACADEMIC,,TECHNICAL,RESOLVED,data\raw\catalogs\2025-2026\2025-2026_Catalog.docx
2025-2026,PHRA 1309,PHRA,1309,False,TECHNICAL,RESOLVED_NOT_ACADEMIC,,TECHNICAL,RESOLVED,data\raw\catalogs\2025-2026\2025-2026_Catalog.docx
2025-2026,PHRA 1313,PHRA,1313,False,TECHNICAL,RESOLVED_NOT_ACADEMIC,,TECHNICAL,RESOLVED,data\raw\catalogs\2025-2026\2025-2026_Catalog.docx
2025-2026,PHRA 1345,PHRA,1345,False,TECHNICAL,RESOLVED_NOT_ACADEMIC,,TECHNICAL,RESOLVED,data\raw\catalogs\2025-2026\2025-2026_Catalog.docx
2025-2026,PHRA 1349,PHRA,1349,False,TECHNICAL,RESOLVED_NOT_ACADEMIC,,TECHNICAL,RESOLVED,data\raw\catalogs\2025-2026\2025-2026_Catalog.docx
2025-2026,PHRA 1445,PHRA,1445,False,TECHNICAL,RESOLVED_NOT_ACADEMIC,,TECHNICAL,RESOLVED,data\raw\catalogs\2025-2026\2025-2026_Catalog.docx
2025-2026,PHRA 2360,PHRA,2360,False,TECHNICAL,RESOLVED_NOT_ACADEMIC,,TECHNICAL,RESOLVED,data\raw\catalogs\2025-2026\2025-2026_Catalog.docx
2025-2026,PHRA 2361,PHRA,2361,False,TECHNICAL,RESOLVED_NOT_ACADEMIC,,TECHNICAL,RESOLVED,data\raw\catalogs\2025-2026\2025-2026_Catalog.docx
2025-2026,PHYS 1401,PHYS,1401,True,ACADEMIC,RESOLVED_FROM_CATALOG_MARKER,,ACADEMIC,RESOLVED,data\raw\catalogs\2025-2026\2025-2026_Catalog.docx
2025-2026,PHYS 1405,PHYS,1405,True,ACADEMIC,RESOLVED_FROM_CATALOG_MARKER,,ACADEMIC,RESOLVED,data\raw\catalogs\2025-2026\2025-2026_Catalog.docx
2025-2026,PHYS 1407,PHYS,1407,True,ACADEMIC,RESOLVED_FROM_CATALOG_MARKER,,ACADEMIC,RESOLVED,data\raw\catalogs\2025-2026\2025-2026_Catalog.docx
2025-2026,PHYS 2425,PHYS,2425,True,ACADEMIC,RESOLVED_FROM_CATALOG_MARKER,,ACADEMIC,RESOLVED,data\raw\catalogs\2025-2026\2025-2026_Catalog.docx
2025-2026,PHYS 2426,PHYS,2426,True,ACADEMIC,AUTHORIZED_ACADEMIC_CORRECTION,Catalog course description omitted AC marker; course is an academic TCCNS course.,UNKNOWN,REVIEW_REQUIRED,data\raw\catalogs\2025-2026\2025-2026_Catalog.docx
2025-2026,PLAB 1160,PLAB,1160,False,TECHNICAL,RESOLVED_NOT_ACADEMIC,,TECHNICAL,RESOLVED,data\raw\catalogs\2025-2026\2025-2026_Catalog.docx
2025-2026,PLAB 1223,PLAB,1223,False,TECHNICAL,RESOLVED_NOT_ACADEMIC,,TECHNICAL,RESOLVED,data\raw\catalogs\2025-2026\2025-2026_Catalog.docx
2025-2026,PSTR 1301,PSTR,1301,False,TECHNICAL,RESOLVED_NOT_ACADEMIC,,TECHNICAL,RESOLVED,data\raw\catalogs\2025-2026\2025-2026_Catalog.docx
2025-2026,PSYC 1300,PSYC,1300,True,ACADEMIC,RESOLVED_FROM_CATALOG_MARKER,,ACADEMIC,RESOLVED,data\raw\catalogs\2025-2026\2025-2026_Catalog.docx
2025-2026,PSYC 2301,PSYC,2301,True,ACADEMIC,RESOLVED_FROM_CATALOG_MARKER,,ACADEMIC,RESOLVED,data\raw\catalogs\2025-2026\2025-2026_Catalog.docx
2025-2026,PSYC 2307,PSYC,2307,True,ACADEMIC,RESOLVED_FROM_CATALOG_MARKER,,ACADEMIC,RESOLVED,data\raw\catalogs\2025-2026\2025-2026_Catalog.docx
2025-2026,PSYC 2308,PSYC,2308,True,ACADEMIC,RESOLVED_FROM_CATALOG_MARKER,,ACADEMIC,RESOLVED,data\raw\catalogs\2025-2026\2025-2026_Catalog.docx
2025-2026,PSYC 2314,PSYC,2314,True,ACADEMIC,RESOLVED_FROM_CATALOG_MARKER,,ACADEMIC,RESOLVED,data\raw\catalogs\2025-2026\2025-2026_Catalog.docx
2025-2026,PSYT 1332,PSYT,1332,False,TECHNICAL,RESOLVED_NOT_ACADEMIC,,TECHNICAL,RESOLVED,data\raw\catalogs\2025-2026\2025-2026_Catalog.docx
2025-2026,PTAC 1302,PTAC,1302,False,TECHNICAL,RESOLVED_NOT_ACADEMIC,,TECHNICAL,RESOLVED,data\raw\catalogs\2025-2026\2025-2026_Catalog.docx
2025-2026,PTAC 1408,PTAC,1408,False,TECHNICAL,RESOLVED_NOT_ACADEMIC,,TECHNICAL,RESOLVED,data\raw\catalogs\2025-2026\2025-2026_Catalog.docx
2025-2026,PTAC 1410,PTAC,1410,False,TECHNICAL,RESOLVED_NOT_ACADEMIC,,TECHNICAL,RESOLVED,data\raw\catalogs\2025-2026\2025-2026_Catalog.docx
2025-2026,PTAC 1432,PTAC,1432,False,TECHNICAL,RESOLVED_NOT_ACADEMIC,,TECHNICAL,RESOLVED,data\raw\catalogs\2025-2026\2025-2026_Catalog.docx
2025-2026,PTAC 2314,PTAC,2314,False,TECHNICAL,RESOLVED_NOT_ACADEMIC,,TECHNICAL,RESOLVED,data\raw\catalogs\2025-2026\2025-2026_Catalog.docx
2025-2026,PTAC 2420,PTAC,2420,False,TECHNICAL,RESOLVED_NOT_ACADEMIC,,TECHNICAL,RESOLVED,data\raw\catalogs\2025-2026\2025-2026_Catalog.docx
2025-2026,PTAC 2438,PTAC,2438,False,TECHNICAL,RESOLVED_NOT_ACADEMIC,,TECHNICAL,RESOLVED,data\raw\catalogs\2025-2026\2025-2026_Catalog.docx
2025-2026,PTAC 2446,PTAC,2446,False,TECHNICAL,RESOLVED_NOT_ACADEMIC,,TECHNICAL,RESOLVED,data\raw\catalogs\2025-2026\2025-2026_Catalog.docx
2025-2026,PTHA 1225,PTHA,1225,False,TECHNICAL,RESOLVED_NOT_ACADEMIC,,TECHNICAL,RESOLVED,data\raw\catalogs\2025-2026\2025-2026_Catalog.docx
2025-2026,PTHA 1305,PTHA,1305,False,TECHNICAL,RESOLVED_NOT_ACADEMIC,,TECHNICAL,RESOLVED,data\raw\catalogs\2025-2026\2025-2026_Catalog.docx
2025-2026,PTHA 1309,PTHA,1309,False,TECHNICAL,RESOLVED_NOT_ACADEMIC,,TECHNICAL,RESOLVED,data\raw\catalogs\2025-2026\2025-2026_Catalog.docx
2025-2026,PTHA 1321,PTHA,1321,False,TECHNICAL,RESOLVED_NOT_ACADEMIC,,TECHNICAL,RESOLVED,data\raw\catalogs\2025-2026\2025-2026_Catalog.docx
2025-2026,PTHA 1361,PTHA,1361,False,TECHNICAL,RESOLVED_NOT_ACADEMIC,,TECHNICAL,RESOLVED,data\raw\catalogs\2025-2026\2025-2026_Catalog.docx
2025-2026,PTHA 1413,PTHA,1413,False,TECHNICAL,RESOLVED_NOT_ACADEMIC,,TECHNICAL,RESOLVED,data\raw\catalogs\2025-2026\2025-2026_Catalog.docx
2025-2026,PTHA 1431,PTHA,1431,False,TECHNICAL,RESOLVED_NOT_ACADEMIC,,TECHNICAL,RESOLVED,data\raw\catalogs\2025-2026\2025-2026_Catalog.docx
2025-2026,PTHA 2201,PTHA,2201,False,TECHNICAL,RESOLVED_NOT_ACADEMIC,,TECHNICAL,RESOLVED,data\raw\catalogs\2025-2026\2025-2026_Catalog.docx
2025-2026,PTHA 2217,PTHA,2217,False,TECHNICAL,RESOLVED_NOT_ACADEMIC,,TECHNICAL,RESOLVED,data\raw\catalogs\2025-2026\2025-2026_Catalog.docx
2025-2026,PTHA 2409,PTHA,2409,False,TECHNICAL,RESOLVED_NOT_ACADEMIC,,TECHNICAL,RESOLVED,data\raw\catalogs\2025-2026\2025-2026_Catalog.docx
2025-2026,PTHA 2431,PTHA,2431,False,TECHNICAL,RESOLVED_NOT_ACADEMIC,,TECHNICAL,RESOLVED,data\raw\catalogs\2025-2026\2025-2026_Catalog.docx
2025-2026,PTHA 2435,PTHA,2435,False,TECHNICAL,RESOLVED_NOT_ACADEMIC,,TECHNICAL,RESOLVED,data\raw\catalogs\2025-2026\2025-2026_Catalog.docx
2025-2026,PTHA 2460,PTHA,2460,False,TECHNICAL,RESOLVED_NOT_ACADEMIC,,TECHNICAL,RESOLVED,data\raw\catalogs\2025-2026\2025-2026_Catalog.docx
2025-2026,PTHA 2461,PTHA,2461,False,TECHNICAL,RESOLVED_NOT_ACADEMIC,,TECHNICAL,RESOLVED,data\raw\catalogs\2025-2026\2025-2026_Catalog.docx
2025-2026,RBTC 1401,RBTC,1401,False,TECHNICAL,RESOLVED_NOT_ACADEMIC,,TECHNICAL,RESOLVED,data\raw\catalogs\2025-2026\2025-2026_Catalog.docx
2025-2026,RELE 1300,RELE,1300,False,TECHNICAL,RESOLVED_NOT_ACADEMIC,,TECHNICAL,RESOLVED,data\raw\catalogs\2025-2026\2025-2026_Catalog.docx
2025-2026,RELE 1301,RELE,1301,False,TECHNICAL,RESOLVED_NOT_ACADEMIC,,TECHNICAL,RESOLVED,data\raw\catalogs\2025-2026\2025-2026_Catalog.docx
2025-2026,RELE 1311,RELE,1311,False,TECHNICAL,RESOLVED_NOT_ACADEMIC,,TECHNICAL,RESOLVED,data\raw\catalogs\2025-2026\2025-2026_Catalog.docx
2025-2026,RELE 1319,RELE,1319,False,TECHNICAL,RESOLVED_NOT_ACADEMIC,,TECHNICAL,RESOLVED,data\raw\catalogs\2025-2026\2025-2026_Catalog.docx
2025-2026,RELE 1338,RELE,1338,False,TECHNICAL,RESOLVED_NOT_ACADEMIC,,TECHNICAL,RESOLVED,data\raw\catalogs\2025-2026\2025-2026_Catalog.docx
2025-2026,RELE 2301,RELE,2301,False,TECHNICAL,RESOLVED_NOT_ACADEMIC,,TECHNICAL,RESOLVED,data\raw\catalogs\2025-2026\2025-2026_Catalog.docx
2025-2026,RNSG 1201,RNSG,1201,False,TECHNICAL,RESOLVED_NOT_ACADEMIC,,TECHNICAL,RESOLVED,data\raw\catalogs\2025-2026\2025-2026_Catalog.docx
2025-2026,RNSG 1207,RNSG,1207,False,TECHNICAL,RESOLVED_NOT_ACADEMIC,,TECHNICAL,RESOLVED,data\raw\catalogs\2025-2026\2025-2026_Catalog.docx
2025-2026,RNSG 1208,RNSG,1208,False,TECHNICAL,RESOLVED_NOT_ACADEMIC,,TECHNICAL,RESOLVED,data\raw\catalogs\2025-2026\2025-2026_Catalog.docx
2025-2026,RNSG 1210,RNSG,1210,False,TECHNICAL,RESOLVED_NOT_ACADEMIC,,TECHNICAL,RESOLVED,data\raw\catalogs\2025-2026\2025-2026_Catalog.docx
2025-2026,RNSG 1219,RNSG,1219,False,TECHNICAL,RESOLVED_NOT_ACADEMIC,,TECHNICAL,RESOLVED,data\raw\catalogs\2025-2026\2025-2026_Catalog.docx
2025-2026,RNSG 1229,RNSG,1229,False,TECHNICAL,RESOLVED_NOT_ACADEMIC,,TECHNICAL,RESOLVED,data\raw\catalogs\2025-2026\2025-2026_Catalog.docx
2025-2026,RNSG 1300,RNSG,1300,False,TECHNICAL,RESOLVED_NOT_ACADEMIC,,TECHNICAL,RESOLVED,data\raw\catalogs\2025-2026\2025-2026_Catalog.docx
2025-2026,RNSG 1311,RNSG,1311,False,TECHNICAL,RESOLVED_NOT_ACADEMIC,,TECHNICAL,RESOLVED,data\raw\catalogs\2025-2026\2025-2026_Catalog.docx
2025-2026,RNSG 1327,RNSG,1327,False,TECHNICAL,RESOLVED_NOT_ACADEMIC,,TECHNICAL,RESOLVED,data\raw\catalogs\2025-2026\2025-2026_Catalog.docx
2025-2026,RNSG 1523,RNSG,1523,False,TECHNICAL,RESOLVED_NOT_ACADEMIC,,TECHNICAL,RESOLVED,data\raw\catalogs\2025-2026\2025-2026_Catalog.docx
2025-2026,RNSG 2360,RNSG,2360,False,TECHNICAL,RESOLVED_NOT_ACADEMIC,,TECHNICAL,RESOLVED,data\raw\catalogs\2025-2026\2025-2026_Catalog.docx
2025-2026,RNSG 2361,RNSG,2361,False,TECHNICAL,RESOLVED_NOT_ACADEMIC,,TECHNICAL,RESOLVED,data\raw\catalogs\2025-2026\2025-2026_Catalog.docx
2025-2026,RNSG 2362,RNSG,2362,False,TECHNICAL,RESOLVED_NOT_ACADEMIC,,TECHNICAL,RESOLVED,data\raw\catalogs\2025-2026\2025-2026_Catalog.docx
2025-2026,RNSG 2363,RNSG,2363,False,TECHNICAL,RESOLVED_NOT_ACADEMIC,,TECHNICAL,RESOLVED,data\raw\catalogs\2025-2026\2025-2026_Catalog.docx
2025-2026,RNSG 2504,RNSG,2504,False,TECHNICAL,RESOLVED_NOT_ACADEMIC,,TECHNICAL,RESOLVED,data\raw\catalogs\2025-2026\2025-2026_Catalog.docx
2025-2026,RNSG 2514,RNSG,2514,False,TECHNICAL,RESOLVED_NOT_ACADEMIC,,TECHNICAL,RESOLVED,data\raw\catalogs\2025-2026\2025-2026_Catalog.docx
2025-2026,RNSG 2535,RNSG,2535,False,TECHNICAL,RESOLVED_NOT_ACADEMIC,,TECHNICAL,RESOLVED,data\raw\catalogs\2025-2026\2025-2026_Catalog.docx
2025-2026,RTVB 1302,RTVB,1302,False,TECHNICAL,RESOLVED_NOT_ACADEMIC,,TECHNICAL,RESOLVED,data\raw\catalogs\2025-2026\2025-2026_Catalog.docx
2025-2026,RTVB 1317,RTVB,1317,False,TECHNICAL,RESOLVED_NOT_ACADEMIC,,TECHNICAL,RESOLVED,data\raw\catalogs\2025-2026\2025-2026_Catalog.docx
2025-2026,RTVB 1321,RTVB,1321,False,TECHNICAL,RESOLVED_NOT_ACADEMIC,,TECHNICAL,RESOLVED,data\raw\catalogs\2025-2026\2025-2026_Catalog.docx
2025-2026,RTVB 1345,RTVB,1345,False,TECHNICAL,RESOLVED_NOT_ACADEMIC,,TECHNICAL,RESOLVED,data\raw\catalogs\2025-2026\2025-2026_Catalog.docx
2025-2026,RTVB 2335,RTVB,2335,False,TECHNICAL,RESOLVED_NOT_ACADEMIC,,TECHNICAL,RESOLVED,data\raw\catalogs\2025-2026\2025-2026_Catalog.docx
2025-2026,RTVB 2337,RTVB,2337,False,TECHNICAL,RESOLVED_NOT_ACADEMIC,,TECHNICAL,RESOLVED,data\raw\catalogs\2025-2026\2025-2026_Catalog.docx
2025-2026,SCIT 1418,SCIT,1418,False,TECHNICAL,RESOLVED_NOT_ACADEMIC,,TECHNICAL,RESOLVED,data\raw\catalogs\2025-2026\2025-2026_Catalog.docx
2025-2026,SCIT 1494,SCIT,1494,False,TECHNICAL,RESOLVED_NOT_ACADEMIC,,TECHNICAL,RESOLVED,data\raw\catalogs\2025-2026\2025-2026_Catalog.docx
2025-2026,SGNL 1301,SGNL,1301,True,ACADEMIC,RESOLVED_FROM_CATALOG_MARKER,,ACADEMIC,RESOLVED,data\raw\catalogs\2025-2026\2025-2026_Catalog.docx
2025-2026,SGNL 2301,SGNL,2301,True,ACADEMIC,RESOLVED_FROM_CATALOG_MARKER,,ACADEMIC,RESOLVED,data\raw\catalogs\2025-2026\2025-2026_Catalog.docx
2025-2026,SOCI 1301,SOCI,1301,True,ACADEMIC,RESOLVED_FROM_CATALOG_MARKER,,ACADEMIC,RESOLVED,data\raw\catalogs\2025-2026\2025-2026_Catalog.docx
2025-2026,SOCI 1306,SOCI,1306,True,ACADEMIC,RESOLVED_FROM_CATALOG_MARKER,,ACADEMIC,RESOLVED,data\raw\catalogs\2025-2026\2025-2026_Catalog.docx
2025-2026,SOCI 2301,SOCI,2301,True,ACADEMIC,RESOLVED_FROM_CATALOG_MARKER,,ACADEMIC,RESOLVED,data\raw\catalogs\2025-2026\2025-2026_Catalog.docx
2025-2026,SOCI 2306,SOCI,2306,True,ACADEMIC,RESOLVED_FROM_CATALOG_MARKER,,ACADEMIC,RESOLVED,data\raw\catalogs\2025-2026\2025-2026_Catalog.docx
2025-2026,SOCI 2319,SOCI,2319,True,ACADEMIC,RESOLVED_FROM_CATALOG_MARKER,,ACADEMIC,RESOLVED,data\raw\catalogs\2025-2026\2025-2026_Catalog.docx
2025-2026,SOCI 2326,SOCI,2326,True,ACADEMIC,RESOLVED_FROM_CATALOG_MARKER,,ACADEMIC,RESOLVED,data\raw\catalogs\2025-2026\2025-2026_Catalog.docx
2025-2026,SOCI 2336,SOCI,2336,True,ACADEMIC,RESOLVED_FROM_CATALOG_MARKER,,ACADEMIC,RESOLVED,data\raw\catalogs\2025-2026\2025-2026_Catalog.docx
2025-2026,SOCI 2340,SOCI,2340,True,ACADEMIC,RESOLVED_FROM_CATALOG_MARKER,,ACADEMIC,RESOLVED,data\raw\catalogs\2025-2026\2025-2026_Catalog.docx
2025-2026,SPAN 1411,SPAN,1411,True,ACADEMIC,RESOLVED_FROM_CATALOG_MARKER,,ACADEMIC,RESOLVED,data\raw\catalogs\2025-2026\2025-2026_Catalog.docx
2025-2026,SPAN 1412,SPAN,1412,True,ACADEMIC,RESOLVED_FROM_CATALOG_MARKER,,ACADEMIC,RESOLVED,data\raw\catalogs\2025-2026\2025-2026_Catalog.docx
2025-2026,SPAN 2311,SPAN,2311,True,ACADEMIC,RESOLVED_FROM_CATALOG_MARKER,,ACADEMIC,RESOLVED,data\raw\catalogs\2025-2026\2025-2026_Catalog.docx
2025-2026,SPAN 2312,SPAN,2312,True,ACADEMIC,RESOLVED_FROM_CATALOG_MARKER,,ACADEMIC,RESOLVED,data\raw\catalogs\2025-2026\2025-2026_Catalog.docx
2025-2026,SPCH 1311,SPCH,1311,True,ACADEMIC,RESOLVED_FROM_CATALOG_MARKER,,ACADEMIC,RESOLVED,data\raw\catalogs\2025-2026\2025-2026_Catalog.docx
2025-2026,SPCH 1315,SPCH,1315,True,ACADEMIC,RESOLVED_FROM_CATALOG_MARKER,,ACADEMIC,RESOLVED,data\raw\catalogs\2025-2026\2025-2026_Catalog.docx
2025-2026,SPCH 1318,SPCH,1318,True,ACADEMIC,RESOLVED_FROM_CATALOG_MARKER,,ACADEMIC,RESOLVED,data\raw\catalogs\2025-2026\2025-2026_Catalog.docx
2025-2026,SPCH 1321,SPCH,1321,True,ACADEMIC,RESOLVED_FROM_CATALOG_MARKER,,ACADEMIC,RESOLVED,data\raw\catalogs\2025-2026\2025-2026_Catalog.docx
2025-2026,SPCH 2335,SPCH,2335,True,ACADEMIC,RESOLVED_FROM_CATALOG_MARKER,,ACADEMIC,RESOLVED,data\raw\catalogs\2025-2026\2025-2026_Catalog.docx
2025-2026,SPCH 2341,SPCH,2341,True,ACADEMIC,RESOLVED_FROM_CATALOG_MARKER,,ACADEMIC,RESOLVED,data\raw\catalogs\2025-2026\2025-2026_Catalog.docx
2025-2026,TECA 1311,TECA,1311,True,ACADEMIC,RESOLVED_FROM_CATALOG_MARKER,,ACADEMIC,RESOLVED,data\raw\catalogs\2025-2026\2025-2026_Catalog.docx
2025-2026,TECA 1354,TECA,1354,True,ACADEMIC,RESOLVED_FROM_CATALOG_MARKER,,ACADEMIC,RESOLVED,data\raw\catalogs\2025-2026\2025-2026_Catalog.docx
2025-2026,TECM 1303,TECM,1303,False,TECHNICAL,RESOLVED_NOT_ACADEMIC,,TECHNICAL,RESOLVED,data\raw\catalogs\2025-2026\2025-2026_Catalog.docx
2025-2026,VNSG 1122,VNSG,1122,False,TECHNICAL,RESOLVED_NOT_ACADEMIC,,TECHNICAL,RESOLVED,data\raw\catalogs\2025-2026\2025-2026_Catalog.docx
2025-2026,VNSG 1136,VNSG,1136,False,TECHNICAL,RESOLVED_NOT_ACADEMIC,,TECHNICAL,RESOLVED,data\raw\catalogs\2025-2026\2025-2026_Catalog.docx
2025-2026,VNSG 1138,VNSG,1138,False,TECHNICAL,RESOLVED_NOT_ACADEMIC,,TECHNICAL,RESOLVED,data\raw\catalogs\2025-2026\2025-2026_Catalog.docx
2025-2026,VNSG 1160,VNSG,1160,False,TECHNICAL,RESOLVED_NOT_ACADEMIC,,TECHNICAL,RESOLVED,data\raw\catalogs\2025-2026\2025-2026_Catalog.docx
2025-2026,VNSG 1227,VNSG,1227,False,TECHNICAL,RESOLVED_NOT_ACADEMIC,,TECHNICAL,RESOLVED,data\raw\catalogs\2025-2026\2025-2026_Catalog.docx
2025-2026,VNSG 1230,VNSG,1230,False,TECHNICAL,RESOLVED_NOT_ACADEMIC,,TECHNICAL,RESOLVED,data\raw\catalogs\2025-2026\2025-2026_Catalog.docx
2025-2026,VNSG 1231,VNSG,1231,False,TECHNICAL,RESOLVED_NOT_ACADEMIC,,TECHNICAL,RESOLVED,data\raw\catalogs\2025-2026\2025-2026_Catalog.docx
2025-2026,VNSG 1234,VNSG,1234,False,TECHNICAL,RESOLVED_NOT_ACADEMIC,,TECHNICAL,RESOLVED,data\raw\catalogs\2025-2026\2025-2026_Catalog.docx
2025-2026,VNSG 1323,VNSG,1323,False,TECHNICAL,RESOLVED_NOT_ACADEMIC,,TECHNICAL,RESOLVED,data\raw\catalogs\2025-2026\2025-2026_Catalog.docx
2025-2026,VNSG 1402,VNSG,1402,False,TECHNICAL,RESOLVED_NOT_ACADEMIC,,TECHNICAL,RESOLVED,data\raw\catalogs\2025-2026\2025-2026_Catalog.docx
2025-2026,VNSG 1423,VNSG,1423,False,TECHNICAL,RESOLVED_NOT_ACADEMIC,,TECHNICAL,RESOLVED,data\raw\catalogs\2025-2026\2025-2026_Catalog.docx
2025-2026,VNSG 1461,VNSG,1461,False,TECHNICAL,RESOLVED_NOT_ACADEMIC,,TECHNICAL,RESOLVED,data\raw\catalogs\2025-2026\2025-2026_Catalog.docx
2025-2026,VNSG 1462,VNSG,1462,False,TECHNICAL,RESOLVED_NOT_ACADEMIC,,TECHNICAL,RESOLVED,data\raw\catalogs\2025-2026\2025-2026_Catalog.docx
2025-2026,VNSG 2214,VNSG,2214,False,TECHNICAL,RESOLVED_NOT_ACADEMIC,,TECHNICAL,RESOLVED,data\raw\catalogs\2025-2026\2025-2026_Catalog.docx
2025-2026,VNSG 2413,VNSG,2413,False,TECHNICAL,RESOLVED_NOT_ACADEMIC,,TECHNICAL,RESOLVED,data\raw\catalogs\2025-2026\2025-2026_Catalog.docx
2025-2026,VNSG 2463,VNSG,2463,False,TECHNICAL,RESOLVED_NOT_ACADEMIC,,TECHNICAL,RESOLVED,data\raw\catalogs\2025-2026\2025-2026_Catalog.docx
2025-2026,WDWK 1313,WDWK,1313,False,TECHNICAL,RESOLVED_NOT_ACADEMIC,,TECHNICAL,RESOLVED,data\raw\catalogs\2025-2026\2025-2026_Catalog.docx
2025-2026,WDWK 2351,WDWK,2351,False,TECHNICAL,RESOLVED_NOT_ACADEMIC,,TECHNICAL,RESOLVED,data\raw\catalogs\2025-2026\2025-2026_Catalog.docx
2025-2026,WLDG 1323,WLDG,1323,False,TECHNICAL,RESOLVED_NOT_ACADEMIC,,TECHNICAL,RESOLVED,data\raw\catalogs\2025-2026\2025-2026_Catalog.docx
2025-2026,WLDG 1327,WLDG,1327,False,TECHNICAL,RESOLVED_NOT_ACADEMIC,,TECHNICAL,RESOLVED,data\raw\catalogs\2025-2026\2025-2026_Catalog.docx
2025-2026,WLDG 1417,WLDG,1417,False,TECHNICAL,RESOLVED_NOT_ACADEMIC,,TECHNICAL,RESOLVED,data\raw\catalogs\2025-2026\2025-2026_Catalog.docx
2025-2026,WLDG 1421,WLDG,1421,False,TECHNICAL,RESOLVED_NOT_ACADEMIC,,TECHNICAL,RESOLVED,data\raw\catalogs\2025-2026\2025-2026_Catalog.docx
2025-2026,WLDG 1428,WLDG,1428,False,TECHNICAL,RESOLVED_NOT_ACADEMIC,,TECHNICAL,RESOLVED,data\raw\catalogs\2025-2026\2025-2026_Catalog.docx
2025-2026,WLDG 1435,WLDG,1435,False,TECHNICAL,RESOLVED_NOT_ACADEMIC,,TECHNICAL,RESOLVED,data\raw\catalogs\2025-2026\2025-2026_Catalog.docx
2025-2026,WLDG 1453,WLDG,1453,False,TECHNICAL,RESOLVED_NOT_ACADEMIC,,TECHNICAL,RESOLVED,data\raw\catalogs\2025-2026\2025-2026_Catalog.docx
2025-2026,WLDG 1457,WLDG,1457,False,TECHNICAL,RESOLVED_NOT_ACADEMIC,,TECHNICAL,RESOLVED,data\raw\catalogs\2025-2026\2025-2026_Catalog.docx
2025-2026,WLDG 2406,WLDG,2406,False,TECHNICAL,RESOLVED_NOT_ACADEMIC,,TECHNICAL,RESOLVED,data\raw\catalogs\2025-2026\2025-2026_Catalog.docx
2025-2026,WLDG 2435,WLDG,2435,False,TECHNICAL,RESOLVED_NOT_ACADEMIC,,TECHNICAL,RESOLVED,data\raw\catalogs\2025-2026\2025-2026_Catalog.docx
2025-2026,WLDG 2453,WLDG,2453,False,TECHNICAL,RESOLVED_NOT_ACADEMIC,,TECHNICAL,RESOLVED,data\raw\catalogs\2025-2026\2025-2026_Catalog.docx
2025-2026,WLDG 2488,WLDG,2488,False,TECHNICAL,RESOLVED_NOT_ACADEMIC,,TECHNICAL,RESOLVED,data\raw\catalogs\2025-2026\2025-2026_Catalog.docx
2025-2026,WLDG 2489,WLDG,2489,False,TECHNICAL,RESOLVED_NOT_ACADEMIC,,TECHNICAL,RESOLVED,data\raw\catalogs\2025-2026\2025-2026_Catalog.docx
