catalog_year,bucket_name,course_code,source_file,source_table_index,membership_type
2021-2022,AMERICAN_HISTORY_CORE,HIST 1301,data\raw\catalogs\2021-2022\2021-2022_Catalog.docx,32,CANONICAL
2021-2022,AMERICAN_HISTORY_CORE,HIST 1302,data\raw\catalogs\2021-2022\2021-2022_Catalog.docx,32,CANONICAL
2021-2022,AMERICAN_HISTORY_CORE,HIST 2301,data\raw\catalogs\2021-2022\2021-2022_Catalog.docx,32,CANONICAL
2021-2022,COMMUNICATION_CORE,ENGL 1301,data\raw\catalogs\2021-2022\2021-2022_Catalog.docx,32,CANONICAL
2021-2022,COMMUNICATION_CORE,ENGL 1302,data\raw\catalogs\2021-2022\2021-2022_Catalog.docx,32,CANONICAL
2021-2022,COMMUNICATION_CORE,SPCH 1315,data\raw\catalogs\2021-2022\2021-2022_Catalog.docx,32,CANONICAL
2021-2022,COMMUNICATION_OR_COMPONENT_AREA_OPTION,BIOL 1406,data\raw\catalogs\2021-2022\2021-2022_Catalog.docx,,CONTROLLED_ALIAS
2021-2022,COMMUNICATION_OR_COMPONENT_AREA_OPTION,BIOL 1407,data\raw\catalogs\2021-2022\2021-2022_Catalog.docx,,CONTROLLED_ALIAS
2021-2022,COMMUNICATION_OR_COMPONENT_AREA_OPTION,BIOL 1408,data\raw\catalogs\2021-2022\2021-2022_Catalog.docx,,CONTROLLED_ALIAS
2021-2022,COMMUNICATION_OR_COMPONENT_AREA_OPTION,BIOL 1409,data\raw\catalogs\2021-2022\2021-2022_Catalog.docx,,CONTROLLED_ALIAS
2021-2022,COMMUNICATION_OR_COMPONENT_AREA_OPTION,BIOL 1411,data\raw\catalogs\2021-2022\2021-2022_Catalog.docx,,CONTROLLED_ALIAS
2021-2022,COMMUNICATION_OR_COMPONENT_AREA_OPTION,BIOL 1413,data\raw\catalogs\2021-2022\2021-2022_Catalog.docx,,CONTROLLED_ALIAS
2021-2022,COMMUNICATION_OR_COMPONENT_AREA_OPTION,BIOL 2401,data\raw\catalogs\2021-2022\2021-2022_Catalog.docx,,CONTROLLED_ALIAS
2021-2022,COMMUNICATION_OR_COMPONENT_AREA_OPTION,BIOL 2402,data\raw\catalogs\2021-2022\2021-2022_Catalog.docx,,CONTROLLED_ALIAS
2021-2022,COMMUNICATION_OR_COMPONENT_AREA_OPTION,BIOL 2406,data\raw\catalogs\2021-2022\2021-2022_Catalog.docx,,CONTROLLED_ALIAS
2021-2022,COMMUNICATION_OR_COMPONENT_AREA_OPTION,CHEM 1406,data\raw\catalogs\2021-2022\2021-2022_Catalog.docx,,CONTROLLED_ALIAS
2021-2022,COMMUNICATION_OR_COMPONENT_AREA_OPTION,CHEM 1407,data\raw\catalogs\2021-2022\2021-2022_Catalog.docx,,CONTROLLED_ALIAS
2021-2022,COMMUNICATION_OR_COMPONENT_AREA_OPTION,CHEM 1411,data\raw\catalogs\2021-2022\2021-2022_Catalog.docx,,CONTROLLED_ALIAS
2021-2022,COMMUNICATION_OR_COMPONENT_AREA_OPTION,CHEM 1412,data\raw\catalogs\2021-2022\2021-2022_Catalog.docx,,CONTROLLED_ALIAS
2021-2022,COMMUNICATION_OR_COMPONENT_AREA_OPTION,COSC 1301,data\raw\catalogs\2021-2022\2021-2022_Catalog.docx,,CONTROLLED_ALIAS
2021-2022,COMMUNICATION_OR_COMPONENT_AREA_OPTION,ECON 2301,data\raw\catalogs\2021-2022\2021-2022_Catalog.docx,,CONTROLLED_ALIAS
2021-2022,COMMUNICATION_OR_COMPONENT_AREA_OPTION,ECON 2302,data\raw\catalogs\2021-2022\2021-2022_Catalog.docx,,CONTROLLED_ALIAS
2021-2022,COMMUNICATION_OR_COMPONENT_AREA_OPTION,ENGL 1301,data\raw\catalogs\2021-2022\2021-2022_Catalog.docx,,CONTROLLED_ALIAS
2021-2022,COMMUNICATION_OR_COMPONENT_AREA_OPTION,ENGL 1302,data\raw\catalogs\2021-2022\2021-2022_Catalog.docx,,CONTROLLED_ALIAS
2021-2022,COMMUNICATION_OR_COMPONENT_AREA_OPTION,GEOL 1403,data\raw\catalogs\2021-2022\2021-2022_Catalog.docx,,CONTROLLED_ALIAS
2021-2022,COMMUNICATION_OR_COMPONENT_AREA_OPTION,GEOL 1404,data\raw\catalogs\2021-2022\2021-2022_Catalog.docx,,CONTROLLED_ALIAS
2021-2022,COMMUNICATION_OR_COMPONENT_AREA_OPTION,MATH 1314,data\raw\catalogs\2021-2022\2021-2022_Catalog.docx,,CONTROLLED_ALIAS
2021-2022,COMMUNICATION_OR_COMPONENT_AREA_OPTION,MATH 1324,data\raw\catalogs\2021-2022\2021-2022_Catalog.docx,,CONTROLLED_ALIAS
2021-2022,COMMUNICATION_OR_COMPONENT_AREA_OPTION,MATH 1325,data\raw\catalogs\2021-2022\2021-2022_Catalog.docx,,CONTROLLED_ALIAS
2021-2022,COMMUNICATION_OR_COMPONENT_AREA_OPTION,MATH 1332,data\raw\catalogs\2021-2022\2021-2022_Catalog.docx,,CONTROLLED_ALIAS
2021-2022,COMMUNICATION_OR_COMPONENT_AREA_OPTION,MATH 1342,data\raw\catalogs\2021-2022\2021-2022_Catalog.docx,,CONTROLLED_ALIAS
2021-2022,COMMUNICATION_OR_COMPONENT_AREA_OPTION,MATH 1350,data\raw\catalogs\2021-2022\2021-2022_Catalog.docx,,CONTROLLED_ALIAS
2021-2022,COMMUNICATION_OR_COMPONENT_AREA_OPTION,MATH 1351,data\raw\catalogs\2021-2022\2021-2022_Catalog.docx,,CONTROLLED_ALIAS
2021-2022,COMMUNICATION_OR_COMPONENT_AREA_OPTION,MATH 2312,data\raw\catalogs\2021-2022\2021-2022_Catalog.docx,,CONTROLLED_ALIAS
2021-2022,COMMUNICATION_OR_COMPONENT_AREA_OPTION,MATH 2413,data\raw\catalogs\2021-2022\2021-2022_Catalog.docx,,CONTROLLED_ALIAS
2021-2022,COMMUNICATION_OR_COMPONENT_AREA_OPTION,PHYS 1401,data\raw\catalogs\2021-2022\2021-2022_Catalog.docx,,CONTROLLED_ALIAS
2021-2022,COMMUNICATION_OR_COMPONENT_AREA_OPTION,PHYS 1405,data\raw\catalogs\2021-2022\2021-2022_Catalog.docx,,CONTROLLED_ALIAS
2021-2022,COMMUNICATION_OR_COMPONENT_AREA_OPTION,PHYS 1407,data\raw\catalogs\2021-2022\2021-2022_Catalog.docx,,CONTROLLED_ALIAS
2021-2022,COMMUNICATION_OR_COMPONENT_AREA_OPTION,PHYS 2425,data\raw\catalogs\2021-2022\2021-2022_Catalog.docx,,CONTROLLED_ALIAS
2021-2022,COMMUNICATION_OR_COMPONENT_AREA_OPTION,PSYC 1300,data\raw\catalogs\2021-2022\2021-2022_Catalog.docx,,CONTROLLED_ALIAS
2021-2022,COMMUNICATION_OR_COMPONENT_AREA_OPTION,PSYC 2301,data\raw\catalogs\2021-2022\2021-2022_Catalog.docx,,CONTROLLED_ALIAS
2021-2022,COMMUNICATION_OR_COMPONENT_AREA_OPTION,PSYC 2314,data\raw\catalogs\2021-2022\2021-2022_Catalog.docx,,CONTROLLED_ALIAS
2021-2022,COMMUNICATION_OR_COMPONENT_AREA_OPTION,SOCI 1301,data\raw\catalogs\2021-2022\2021-2022_Catalog.docx,,CONTROLLED_ALIAS
2021-2022,COMMUNICATION_OR_COMPONENT_AREA_OPTION,SOCI 1306,data\raw\catalogs\2021-2022\2021-2022_Catalog.docx,,CONTROLLED_ALIAS
2021-2022,COMMUNICATION_OR_COMPONENT_AREA_OPTION,SOCI 2301,data\raw\catalogs\2021-2022\2021-2022_Catalog.docx,,CONTROLLED_ALIAS
2021-2022,COMMUNICATION_OR_COMPONENT_AREA_OPTION,SPCH 1311,data\raw\catalogs\2021-2022\2021-2022_Catalog.docx,,CONTROLLED_ALIAS
2021-2022,COMMUNICATION_OR_COMPONENT_AREA_OPTION,SPCH 1315,data\raw\catalogs\2021-2022\2021-2022_Catalog.docx,,CONTROLLED_ALIAS
2021-2022,COMMUNICATION_OR_COMPONENT_AREA_OPTION,SPCH 1318,data\raw\catalogs\2021-2022\2021-2022_Catalog.docx,,CONTROLLED_ALIAS
2021-2022,COMMUNICATION_OR_COMPONENT_AREA_OPTION,SPCH 1321,data\raw\catalogs\2021-2022\2021-2022_Catalog.docx,,CONTROLLED_ALIAS
2021-2022,COMPONENT_AREA_OPTION_CORE,BIOL 1406,data\raw\catalogs\2021-2022\2021-2022_Catalog.docx,32,CANONICAL
2021-2022,COMPONENT_AREA_OPTION_CORE,BIOL 1407,data\raw\catalogs\2021-2022\2021-2022_Catalog.docx,32,CANONICAL
2021-2022,COMPONENT_AREA_OPTION_CORE,BIOL 1408,data\raw\catalogs\2021-2022\2021-2022_Catalog.docx,32,CANONICAL
2021-2022,COMPONENT_AREA_OPTION_CORE,BIOL 1409,data\raw\catalogs\2021-2022\2021-2022_Catalog.docx,32,CANONICAL
2021-2022,COMPONENT_AREA_OPTION_CORE,BIOL 1411,data\raw\catalogs\2021-2022\2021-2022_Catalog.docx,32,CANONICAL
2021-2022,COMPONENT_AREA_OPTION_CORE,BIOL 1413,data\raw\catalogs\2021-2022\2021-2022_Catalog.docx,32,CANONICAL
2021-2022,COMPONENT_AREA_OPTION_CORE,BIOL 2401,data\raw\catalogs\2021-2022\2021-2022_Catalog.docx,32,CANONICAL
2021-2022,COMPONENT_AREA_OPTION_CORE,BIOL 2402,data\raw\catalogs\2021-2022\2021-2022_Catalog.docx,32,CANONICAL
2021-2022,COMPONENT_AREA_OPTION_CORE,BIOL 2406,data\raw\catalogs\2021-2022\2021-2022_Catalog.docx,32,CANONICAL
2021-2022,COMPONENT_AREA_OPTION_CORE,CHEM 1406,data\raw\catalogs\2021-2022\2021-2022_Catalog.docx,32,CANONICAL
2021-2022,COMPONENT_AREA_OPTION_CORE,CHEM 1407,data\raw\catalogs\2021-2022\2021-2022_Catalog.docx,32,CANONICAL
2021-2022,COMPONENT_AREA_OPTION_CORE,CHEM 1411,data\raw\catalogs\2021-2022\2021-2022_Catalog.docx,32,CANONICAL
2021-2022,COMPONENT_AREA_OPTION_CORE,CHEM 1412,data\raw\catalogs\2021-2022\2021-2022_Catalog.docx,32,CANONICAL
2021-2022,COMPONENT_AREA_OPTION_CORE,COSC 1301,data\raw\catalogs\2021-2022\2021-2022_Catalog.docx,32,CANONICAL
2021-2022,COMPONENT_AREA_OPTION_CORE,ECON 2301,data\raw\catalogs\2021-2022\2021-2022_Catalog.docx,32,CANONICAL
2021-2022,COMPONENT_AREA_OPTION_CORE,ECON 2302,data\raw\catalogs\2021-2022\2021-2022_Catalog.docx,32,CANONICAL
2021-2022,COMPONENT_AREA_OPTION_CORE,ENGL 1302,data\raw\catalogs\2021-2022\2021-2022_Catalog.docx,32,CANONICAL
2021-2022,COMPONENT_AREA_OPTION_CORE,GEOL 1403,data\raw\catalogs\2021-2022\2021-2022_Catalog.docx,32,CANONICAL
2021-2022,COMPONENT_AREA_OPTION_CORE,GEOL 1404,data\raw\catalogs\2021-2022\2021-2022_Catalog.docx,32,CANONICAL
2021-2022,COMPONENT_AREA_OPTION_CORE,MATH 1314,data\raw\catalogs\2021-2022\2021-2022_Catalog.docx,32,CANONICAL
2021-2022,COMPONENT_AREA_OPTION_CORE,MATH 1324,data\raw\catalogs\2021-2022\2021-2022_Catalog.docx,32,CANONICAL
2021-2022,COMPONENT_AREA_OPTION_CORE,MATH 1325,data\raw\catalogs\2021-2022\2021-2022_Catalog.docx,32,CANONICAL
2021-2022,COMPONENT_AREA_OPTION_CORE,MATH 1332,data\raw\catalogs\2021-2022\2021-2022_Catalog.docx,32,CANONICAL
2021-2022,COMPONENT_AREA_OPTION_CORE,MATH 1342,data\raw\catalogs\2021-2022\2021-2022_Catalog.docx,32,CANONICAL
2021-2022,COMPONENT_AREA_OPTION_CORE,MATH 1350,data\raw\catalogs\2021-2022\2021-2022_Catalog.docx,32,CANONICAL
2021-2022,COMPONENT_AREA_OPTION_CORE,MATH 1351,data\raw\catalogs\2021-2022\2021-2022_Catalog.docx,32,CANONICAL
2021-2022,COMPONENT_AREA_OPTION_CORE,MATH 2312,data\raw\catalogs\2021-2022\2021-2022_Catalog.docx,32,CANONICAL
2021-2022,COMPONENT_AREA_OPTION_CORE,MATH 2413,data\raw\catalogs\2021-2022\2021-2022_Catalog.docx,32,CANONICAL
2021-2022,COMPONENT_AREA_OPTION_CORE,PHYS 1401,data\raw\catalogs\2021-2022\2021-2022_Catalog.docx,32,CANONICAL
2021-2022,COMPONENT_AREA_OPTION_CORE,PHYS 1405,data\raw\catalogs\2021-2022\2021-2022_Catalog.docx,32,CANONICAL
2021-2022,COMPONENT_AREA_OPTION_CORE,PHYS 1407,data\raw\catalogs\2021-2022\2021-2022_Catalog.docx,32,CANONICAL
2021-2022,COMPONENT_AREA_OPTION_CORE,PHYS 2425,data\raw\catalogs\2021-2022\2021-2022_Catalog.docx,32,CANONICAL
2021-2022,COMPONENT_AREA_OPTION_CORE,PSYC 1300,data\raw\catalogs\2021-2022\2021-2022_Catalog.docx,32,CANONICAL
2021-2022,COMPONENT_AREA_OPTION_CORE,PSYC 2301,data\raw\catalogs\2021-2022\2021-2022_Catalog.docx,32,CANONICAL
2021-2022,COMPONENT_AREA_OPTION_CORE,PSYC 2314,data\raw\catalogs\2021-2022\2021-2022_Catalog.docx,32,CANONICAL
2021-2022,COMPONENT_AREA_OPTION_CORE,SOCI 1301,data\raw\catalogs\2021-2022\2021-2022_Catalog.docx,32,CANONICAL
2021-2022,COMPONENT_AREA_OPTION_CORE,SOCI 1306,data\raw\catalogs\2021-2022\2021-2022_Catalog.docx,32,CANONICAL
2021-2022,COMPONENT_AREA_OPTION_CORE,SOCI 2301,data\raw\catalogs\2021-2022\2021-2022_Catalog.docx,32,CANONICAL
2021-2022,COMPONENT_AREA_OPTION_CORE,SPCH 1311,data\raw\catalogs\2021-2022\2021-2022_Catalog.docx,32,CANONICAL
2021-2022,COMPONENT_AREA_OPTION_CORE,SPCH 1315,data\raw\catalogs\2021-2022\2021-2022_Catalog.docx,32,CANONICAL
2021-2022,COMPONENT_AREA_OPTION_CORE,SPCH 1318,data\raw\catalogs\2021-2022\2021-2022_Catalog.docx,32,CANONICAL
2021-2022,COMPONENT_AREA_OPTION_CORE,SPCH 1321,data\raw\catalogs\2021-2022\2021-2022_Catalog.docx,32,CANONICAL
2021-2022,CREATIVE_ARTS_CORE,ARTS 1301,data\raw\catalogs\2021-2022\2021-2022_Catalog.docx,32,CANONICAL
2021-2022,CREATIVE_ARTS_CORE,DRAM 1310,data\raw\catalogs\2021-2022\2021-2022_Catalog.docx,32,CANONICAL
2021-2022,CREATIVE_ARTS_CORE,MUSI 1306,data\raw\catalogs\2021-2022\2021-2022_Catalog.docx,32,CANONICAL
2021-2022,CREATIVE_ARTS_CORE_ARTS_CORE,ARTS 1301,data\raw\catalogs\2021-2022\2021-2022_Catalog.docx,,CONTROLLED_ALIAS
2021-2022,CREATIVE_ARTS_CORE_ARTS_CORE,DRAM 1310,data\raw\catalogs\2021-2022\2021-2022_Catalog.docx,,CONTROLLED_ALIAS
2021-2022,CREATIVE_ARTS_CORE_ARTS_CORE,MUSI 1306,data\raw\catalogs\2021-2022\2021-2022_Catalog.docx,,CONTROLLED_ALIAS
2021-2022,GOVERNMENT_POLITICAL_SCIENCE_CORE,GOVT 2305,data\raw\catalogs\2021-2022\2021-2022_Catalog.docx,32,CANONICAL
2021-2022,GOVERNMENT_POLITICAL_SCIENCE_CORE,GOVT 2306,data\raw\catalogs\2021-2022\2021-2022_Catalog.docx,32,CANONICAL
2021-2022,LANGUAGE_AND_PHILOSOPHY_OR_CREATIVE_ARTS,ARTS 1301,data\raw\catalogs\2021-2022\2021-2022_Catalog.docx,,CONTROLLED_ALIAS
2021-2022,LANGUAGE_AND_PHILOSOPHY_OR_CREATIVE_ARTS,DRAM 1310,data\raw\catalogs\2021-2022\2021-2022_Catalog.docx,,CONTROLLED_ALIAS
2021-2022,LANGUAGE_AND_PHILOSOPHY_OR_CREATIVE_ARTS,ENGL 2322,data\raw\catalogs\2021-2022\2021-2022_Catalog.docx,,CONTROLLED_ALIAS
2021-2022,LANGUAGE_AND_PHILOSOPHY_OR_CREATIVE_ARTS,ENGL 2323,data\raw\catalogs\2021-2022\2021-2022_Catalog.docx,,CONTROLLED_ALIAS
2021-2022,LANGUAGE_AND_PHILOSOPHY_OR_CREATIVE_ARTS,ENGL 2326,data\raw\catalogs\2021-2022\2021-2022_Catalog.docx,,CONTROLLED_ALIAS
2021-2022,LANGUAGE_AND_PHILOSOPHY_OR_CREATIVE_ARTS,ENGL 2331,data\raw\catalogs\2021-2022\2021-2022_Catalog.docx,,CONTROLLED_ALIAS
2021-2022,LANGUAGE_AND_PHILOSOPHY_OR_CREATIVE_ARTS,ENGL 2341,data\raw\catalogs\2021-2022\2021-2022_Catalog.docx,,CONTROLLED_ALIAS
2021-2022,LANGUAGE_AND_PHILOSOPHY_OR_CREATIVE_ARTS,HIST 2321,data\raw\catalogs\2021-2022\2021-2022_Catalog.docx,,CONTROLLED_ALIAS
2021-2022,LANGUAGE_AND_PHILOSOPHY_OR_CREATIVE_ARTS,HIST 2322,data\raw\catalogs\2021-2022\2021-2022_Catalog.docx,,CONTROLLED_ALIAS
2021-2022,LANGUAGE_AND_PHILOSOPHY_OR_CREATIVE_ARTS,HUMA 1315,data\raw\catalogs\2021-2022\2021-2022_Catalog.docx,,CONTROLLED_ALIAS
2021-2022,LANGUAGE_AND_PHILOSOPHY_OR_CREATIVE_ARTS,MUSI 1306,data\raw\catalogs\2021-2022\2021-2022_Catalog.docx,,CONTROLLED_ALIAS
2021-2022,LANGUAGE_AND_PHILOSOPHY_OR_CREATIVE_ARTS,PHIL 1301,data\raw\catalogs\2021-2022\2021-2022_Catalog.docx,,CONTROLLED_ALIAS
2021-2022,LANGUAGE_AND_PHILOSOPHY_OR_CREATIVE_ARTS,SPAN 2311,data\raw\catalogs\2021-2022\2021-2022_Catalog.docx,,CONTROLLED_ALIAS
2021-2022,LANGUAGE_PHILOSOPHY_AND_CULTURE_CORE,ENGL 2322,data\raw\catalogs\2021-2022\2021-2022_Catalog.docx,32,CANONICAL
2021-2022,LANGUAGE_PHILOSOPHY_AND_CULTURE_CORE,ENGL 2323,data\raw\catalogs\2021-2022\2021-2022_Catalog.docx,32,CANONICAL
2021-2022,LANGUAGE_PHILOSOPHY_AND_CULTURE_CORE,ENGL 2326,data\raw\catalogs\2021-2022\2021-2022_Catalog.docx,32,CANONICAL
2021-2022,LANGUAGE_PHILOSOPHY_AND_CULTURE_CORE,ENGL 2331,data\raw\catalogs\2021-2022\2021-2022_Catalog.docx,32,CANONICAL
2021-2022,LANGUAGE_PHILOSOPHY_AND_CULTURE_CORE,ENGL 2341,data\raw\catalogs\2021-2022\2021-2022_Catalog.docx,32,CANONICAL
2021-2022,LANGUAGE_PHILOSOPHY_AND_CULTURE_CORE,HIST 2321,data\raw\catalogs\2021-2022\2021-2022_Catalog.docx,32,CANONICAL
2021-2022,LANGUAGE_PHILOSOPHY_AND_CULTURE_CORE,HIST 2322,data\raw\catalogs\2021-2022\2021-2022_Catalog.docx,32,CANONICAL
2021-2022,LANGUAGE_PHILOSOPHY_AND_CULTURE_CORE,HUMA 1315,data\raw\catalogs\2021-2022\2021-2022_Catalog.docx,32,CANONICAL
2021-2022,LANGUAGE_PHILOSOPHY_AND_CULTURE_CORE,PHIL 1301,data\raw\catalogs\2021-2022\2021-2022_Catalog.docx,32,CANONICAL
2021-2022,LANGUAGE_PHILOSOPHY_AND_CULTURE_CORE,SPAN 2311,data\raw\catalogs\2021-2022\2021-2022_Catalog.docx,32,CANONICAL
2021-2022,LANGUAGE_PHILOSOPHY_AND_CULTURE_CORE_040_OR_CREATIVE_ARTS_CORE_050,ARTS 1301,data\raw\catalogs\2021-2022\2021-2022_Catalog.docx,,CONTROLLED_ALIAS
2021-2022,LANGUAGE_PHILOSOPHY_AND_CULTURE_CORE_040_OR_CREATIVE_ARTS_CORE_050,DRAM 1310,data\raw\catalogs\2021-2022\2021-2022_Catalog.docx,,CONTROLLED_ALIAS
2021-2022,LANGUAGE_PHILOSOPHY_AND_CULTURE_CORE_040_OR_CREATIVE_ARTS_CORE_050,ENGL 2322,data\raw\catalogs\2021-2022\2021-2022_Catalog.docx,,CONTROLLED_ALIAS
2021-2022,LANGUAGE_PHILOSOPHY_AND_CULTURE_CORE_040_OR_CREATIVE_ARTS_CORE_050,ENGL 2323,data\raw\catalogs\2021-2022\2021-2022_Catalog.docx,,CONTROLLED_ALIAS
2021-2022,LANGUAGE_PHILOSOPHY_AND_CULTURE_CORE_040_OR_CREATIVE_ARTS_CORE_050,ENGL 2326,data\raw\catalogs\2021-2022\2021-2022_Catalog.docx,,CONTROLLED_ALIAS
2021-2022,LANGUAGE_PHILOSOPHY_AND_CULTURE_CORE_040_OR_CREATIVE_ARTS_CORE_050,ENGL 2331,data\raw\catalogs\2021-2022\2021-2022_Catalog.docx,,CONTROLLED_ALIAS
2021-2022,LANGUAGE_PHILOSOPHY_AND_CULTURE_CORE_040_OR_CREATIVE_ARTS_CORE_050,ENGL 2341,data\raw\catalogs\2021-2022\2021-2022_Catalog.docx,,CONTROLLED_ALIAS
2021-2022,LANGUAGE_PHILOSOPHY_AND_CULTURE_CORE_040_OR_CREATIVE_ARTS_CORE_050,HIST 2321,data\raw\catalogs\2021-2022\2021-2022_Catalog.docx,,CONTROLLED_ALIAS
2021-2022,LANGUAGE_PHILOSOPHY_AND_CULTURE_CORE_040_OR_CREATIVE_ARTS_CORE_050,HIST 2322,data\raw\catalogs\2021-2022\2021-2022_Catalog.docx,,CONTROLLED_ALIAS
2021-2022,LANGUAGE_PHILOSOPHY_AND_CULTURE_CORE_040_OR_CREATIVE_ARTS_CORE_050,HUMA 1315,data\raw\catalogs\2021-2022\2021-2022_Catalog.docx,,CONTROLLED_ALIAS
2021-2022,LANGUAGE_PHILOSOPHY_AND_CULTURE_CORE_040_OR_CREATIVE_ARTS_CORE_050,MUSI 1306,data\raw\catalogs\2021-2022\2021-2022_Catalog.docx,,CONTROLLED_ALIAS
2021-2022,LANGUAGE_PHILOSOPHY_AND_CULTURE_CORE_040_OR_CREATIVE_ARTS_CORE_050,PHIL 1301,data\raw\catalogs\2021-2022\2021-2022_Catalog.docx,,CONTROLLED_ALIAS
2021-2022,LANGUAGE_PHILOSOPHY_AND_CULTURE_CORE_040_OR_CREATIVE_ARTS_CORE_050,SPAN 2311,data\raw\catalogs\2021-2022\2021-2022_Catalog.docx,,CONTROLLED_ALIAS
2021-2022,LANGUAGE_PHILOSOPHY_AND_CULTURE_CORE_OR_CREATIVE_ARTS_CORE,ARTS 1301,data\raw\catalogs\2021-2022\2021-2022_Catalog.docx,,CONTROLLED_ALIAS
2021-2022,LANGUAGE_PHILOSOPHY_AND_CULTURE_CORE_OR_CREATIVE_ARTS_CORE,DRAM 1310,data\raw\catalogs\2021-2022\2021-2022_Catalog.docx,,CONTROLLED_ALIAS
2021-2022,LANGUAGE_PHILOSOPHY_AND_CULTURE_CORE_OR_CREATIVE_ARTS_CORE,ENGL 2322,data\raw\catalogs\2021-2022\2021-2022_Catalog.docx,,CONTROLLED_ALIAS
2021-2022,LANGUAGE_PHILOSOPHY_AND_CULTURE_CORE_OR_CREATIVE_ARTS_CORE,ENGL 2323,data\raw\catalogs\2021-2022\2021-2022_Catalog.docx,,CONTROLLED_ALIAS
2021-2022,LANGUAGE_PHILOSOPHY_AND_CULTURE_CORE_OR_CREATIVE_ARTS_CORE,ENGL 2326,data\raw\catalogs\2021-2022\2021-2022_Catalog.docx,,CONTROLLED_ALIAS
2021-2022,LANGUAGE_PHILOSOPHY_AND_CULTURE_CORE_OR_CREATIVE_ARTS_CORE,ENGL 2331,data\raw\catalogs\2021-2022\2021-2022_Catalog.docx,,CONTROLLED_ALIAS
2021-2022,LANGUAGE_PHILOSOPHY_AND_CULTURE_CORE_OR_CREATIVE_ARTS_CORE,ENGL 2341,data\raw\catalogs\2021-2022\2021-2022_Catalog.docx,,CONTROLLED_ALIAS
2021-2022,LANGUAGE_PHILOSOPHY_AND_CULTURE_CORE_OR_CREATIVE_ARTS_CORE,HIST 2321,data\raw\catalogs\2021-2022\2021-2022_Catalog.docx,,CONTROLLED_ALIAS
2021-2022,LANGUAGE_PHILOSOPHY_AND_CULTURE_CORE_OR_CREATIVE_ARTS_CORE,HIST 2322,data\raw\catalogs\2021-2022\2021-2022_Catalog.docx,,CONTROLLED_ALIAS
2021-2022,LANGUAGE_PHILOSOPHY_AND_CULTURE_CORE_OR_CREATIVE_ARTS_CORE,HUMA 1315,data\raw\catalogs\2021-2022\2021-2022_Catalog.docx,,CONTROLLED_ALIAS
2021-2022,LANGUAGE_PHILOSOPHY_AND_CULTURE_CORE_OR_CREATIVE_ARTS_CORE,MUSI 1306,data\raw\catalogs\2021-2022\2021-2022_Catalog.docx,,CONTROLLED_ALIAS
2021-2022,LANGUAGE_PHILOSOPHY_AND_CULTURE_CORE_OR_CREATIVE_ARTS_CORE,PHIL 1301,data\raw\catalogs\2021-2022\2021-2022_Catalog.docx,,CONTROLLED_ALIAS
2021-2022,LANGUAGE_PHILOSOPHY_AND_CULTURE_CORE_OR_CREATIVE_ARTS_CORE,SPAN 2311,data\raw\catalogs\2021-2022\2021-2022_Catalog.docx,,CONTROLLED_ALIAS
2021-2022,LANGUAGE_PHILOSOPHY_AND_CULTURE_OR_CREATIVE_ARTS,ARTS 1301,data\raw\catalogs\2021-2022\2021-2022_Catalog.docx,,CONTROLLED_ALIAS
2021-2022,LANGUAGE_PHILOSOPHY_AND_CULTURE_OR_CREATIVE_ARTS,DRAM 1310,data\raw\catalogs\2021-2022\2021-2022_Catalog.docx,,CONTROLLED_ALIAS
2021-2022,LANGUAGE_PHILOSOPHY_AND_CULTURE_OR_CREATIVE_ARTS,ENGL 2322,data\raw\catalogs\2021-2022\2021-2022_Catalog.docx,,CONTROLLED_ALIAS
2021-2022,LANGUAGE_PHILOSOPHY_AND_CULTURE_OR_CREATIVE_ARTS,ENGL 2323,data\raw\catalogs\2021-2022\2021-2022_Catalog.docx,,CONTROLLED_ALIAS
2021-2022,LANGUAGE_PHILOSOPHY_AND_CULTURE_OR_CREATIVE_ARTS,ENGL 2326,data\raw\catalogs\2021-2022\2021-2022_Catalog.docx,,CONTROLLED_ALIAS
2021-2022,LANGUAGE_PHILOSOPHY_AND_CULTURE_OR_CREATIVE_ARTS,ENGL 2331,data\raw\catalogs\2021-2022\2021-2022_Catalog.docx,,CONTROLLED_ALIAS
2021-2022,LANGUAGE_PHILOSOPHY_AND_CULTURE_OR_CREATIVE_ARTS,ENGL 2341,data\raw\catalogs\2021-2022\2021-2022_Catalog.docx,,CONTROLLED_ALIAS
2021-2022,LANGUAGE_PHILOSOPHY_AND_CULTURE_OR_CREATIVE_ARTS,HIST 2321,data\raw\catalogs\2021-2022\2021-2022_Catalog.docx,,CONTROLLED_ALIAS
2021-2022,LANGUAGE_PHILOSOPHY_AND_CULTURE_OR_CREATIVE_ARTS,HIST 2322,data\raw\catalogs\2021-2022\2021-2022_Catalog.docx,,CONTROLLED_ALIAS
2021-2022,LANGUAGE_PHILOSOPHY_AND_CULTURE_OR_CREATIVE_ARTS,HUMA 1315,data\raw\catalogs\2021-2022\2021-2022_Catalog.docx,,CONTROLLED_ALIAS
2021-2022,LANGUAGE_PHILOSOPHY_AND_CULTURE_OR_CREATIVE_ARTS,MUSI 1306,data\raw\catalogs\2021-2022\2021-2022_Catalog.docx,,CONTROLLED_ALIAS
2021-2022,LANGUAGE_PHILOSOPHY_AND_CULTURE_OR_CREATIVE_ARTS,PHIL 1301,data\raw\catalogs\2021-2022\2021-2022_Catalog.docx,,CONTROLLED_ALIAS
2021-2022,LANGUAGE_PHILOSOPHY_AND_CULTURE_OR_CREATIVE_ARTS,SPAN 2311,data\raw\catalogs\2021-2022\2021-2022_Catalog.docx,,CONTROLLED_ALIAS
2021-2022,LANGUAGE_PHILOSOPHY_AND_CULTURE_OR_CREATIVE_ARTS_CORE,ARTS 1301,data\raw\catalogs\2021-2022\2021-2022_Catalog.docx,,CONTROLLED_ALIAS
2021-2022,LANGUAGE_PHILOSOPHY_AND_CULTURE_OR_CREATIVE_ARTS_CORE,DRAM 1310,data\raw\catalogs\2021-2022\2021-2022_Catalog.docx,,CONTROLLED_ALIAS
2021-2022,LANGUAGE_PHILOSOPHY_AND_CULTURE_OR_CREATIVE_ARTS_CORE,ENGL 2322,data\raw\catalogs\2021-2022\2021-2022_Catalog.docx,,CONTROLLED_ALIAS
2021-2022,LANGUAGE_PHILOSOPHY_AND_CULTURE_OR_CREATIVE_ARTS_CORE,ENGL 2323,data\raw\catalogs\2021-2022\2021-2022_Catalog.docx,,CONTROLLED_ALIAS
2021-2022,LANGUAGE_PHILOSOPHY_AND_CULTURE_OR_CREATIVE_ARTS_CORE,ENGL 2326,data\raw\catalogs\2021-2022\2021-2022_Catalog.docx,,CONTROLLED_ALIAS
2021-2022,LANGUAGE_PHILOSOPHY_AND_CULTURE_OR_CREATIVE_ARTS_CORE,ENGL 2331,data\raw\catalogs\2021-2022\2021-2022_Catalog.docx,,CONTROLLED_ALIAS
2021-2022,LANGUAGE_PHILOSOPHY_AND_CULTURE_OR_CREATIVE_ARTS_CORE,ENGL 2341,data\raw\catalogs\2021-2022\2021-2022_Catalog.docx,,CONTROLLED_ALIAS
2021-2022,LANGUAGE_PHILOSOPHY_AND_CULTURE_OR_CREATIVE_ARTS_CORE,HIST 2321,data\raw\catalogs\2021-2022\2021-2022_Catalog.docx,,CONTROLLED_ALIAS
2021-2022,LANGUAGE_PHILOSOPHY_AND_CULTURE_OR_CREATIVE_ARTS_CORE,HIST 2322,data\raw\catalogs\2021-2022\2021-2022_Catalog.docx,,CONTROLLED_ALIAS
2021-2022,LANGUAGE_PHILOSOPHY_AND_CULTURE_OR_CREATIVE_ARTS_CORE,HUMA 1315,data\raw\catalogs\2021-2022\2021-2022_Catalog.docx,,CONTROLLED_ALIAS
2021-2022,LANGUAGE_PHILOSOPHY_AND_CULTURE_OR_CREATIVE_ARTS_CORE,MUSI 1306,data\raw\catalogs\2021-2022\2021-2022_Catalog.docx,,CONTROLLED_ALIAS
2021-2022,LANGUAGE_PHILOSOPHY_AND_CULTURE_OR_CREATIVE_ARTS_CORE,PHIL 1301,data\raw\catalogs\2021-2022\2021-2022_Catalog.docx,,CONTROLLED_ALIAS
2021-2022,LANGUAGE_PHILOSOPHY_AND_CULTURE_OR_CREATIVE_ARTS_CORE,SPAN 2311,data\raw\catalogs\2021-2022\2021-2022_Catalog.docx,,CONTROLLED_ALIAS
2021-2022,LANGUAGE_PHILOSOPHY_AND_CULTURE_OR_FINE_ARTS,ARTS 1301,data\raw\catalogs\2021-2022\2021-2022_Catalog.docx,,CONTROLLED_ALIAS
2021-2022,LANGUAGE_PHILOSOPHY_AND_CULTURE_OR_FINE_ARTS,DRAM 1310,data\raw\catalogs\2021-2022\2021-2022_Catalog.docx,,CONTROLLED_ALIAS
2021-2022,LANGUAGE_PHILOSOPHY_AND_CULTURE_OR_FINE_ARTS,ENGL 2322,data\raw\catalogs\2021-2022\2021-2022_Catalog.docx,,CONTROLLED_ALIAS
2021-2022,LANGUAGE_PHILOSOPHY_AND_CULTURE_OR_FINE_ARTS,ENGL 2323,data\raw\catalogs\2021-2022\2021-2022_Catalog.docx,,CONTROLLED_ALIAS
2021-2022,LANGUAGE_PHILOSOPHY_AND_CULTURE_OR_FINE_ARTS,ENGL 2326,data\raw\catalogs\2021-2022\2021-2022_Catalog.docx,,CONTROLLED_ALIAS
2021-2022,LANGUAGE_PHILOSOPHY_AND_CULTURE_OR_FINE_ARTS,ENGL 2331,data\raw\catalogs\2021-2022\2021-2022_Catalog.docx,,CONTROLLED_ALIAS
2021-2022,LANGUAGE_PHILOSOPHY_AND_CULTURE_OR_FINE_ARTS,ENGL 2341,data\raw\catalogs\2021-2022\2021-2022_Catalog.docx,,CONTROLLED_ALIAS
2021-2022,LANGUAGE_PHILOSOPHY_AND_CULTURE_OR_FINE_ARTS,HIST 2321,data\raw\catalogs\2021-2022\2021-2022_Catalog.docx,,CONTROLLED_ALIAS
2021-2022,LANGUAGE_PHILOSOPHY_AND_CULTURE_OR_FINE_ARTS,HIST 2322,data\raw\catalogs\2021-2022\2021-2022_Catalog.docx,,CONTROLLED_ALIAS
2021-2022,LANGUAGE_PHILOSOPHY_AND_CULTURE_OR_FINE_ARTS,HUMA 1315,data\raw\catalogs\2021-2022\2021-2022_Catalog.docx,,CONTROLLED_ALIAS
2021-2022,LANGUAGE_PHILOSOPHY_AND_CULTURE_OR_FINE_ARTS,MUSI 1306,data\raw\catalogs\2021-2022\2021-2022_Catalog.docx,,CONTROLLED_ALIAS
2021-2022,LANGUAGE_PHILOSOPHY_AND_CULTURE_OR_FINE_ARTS,PHIL 1301,data\raw\catalogs\2021-2022\2021-2022_Catalog.docx,,CONTROLLED_ALIAS
2021-2022,LANGUAGE_PHILOSOPHY_AND_CULTURE_OR_FINE_ARTS,SPAN 2311,data\raw\catalogs\2021-2022\2021-2022_Catalog.docx,,CONTROLLED_ALIAS
2021-2022,LANGUAGE_PHILOSOPHY_CULTURE_OR_CREATIVE_ARTS,ARTS 1301,data\raw\catalogs\2021-2022\2021-2022_Catalog.docx,,CONTROLLED_ALIAS
2021-2022,LANGUAGE_PHILOSOPHY_CULTURE_OR_CREATIVE_ARTS,DRAM 1310,data\raw\catalogs\2021-2022\2021-2022_Catalog.docx,,CONTROLLED_ALIAS
2021-2022,LANGUAGE_PHILOSOPHY_CULTURE_OR_CREATIVE_ARTS,ENGL 2322,data\raw\catalogs\2021-2022\2021-2022_Catalog.docx,,CONTROLLED_ALIAS
2021-2022,LANGUAGE_PHILOSOPHY_CULTURE_OR_CREATIVE_ARTS,ENGL 2323,data\raw\catalogs\2021-2022\2021-2022_Catalog.docx,,CONTROLLED_ALIAS
2021-2022,LANGUAGE_PHILOSOPHY_CULTURE_OR_CREATIVE_ARTS,ENGL 2326,data\raw\catalogs\2021-2022\2021-2022_Catalog.docx,,CONTROLLED_ALIAS
2021-2022,LANGUAGE_PHILOSOPHY_CULTURE_OR_CREATIVE_ARTS,ENGL 2331,data\raw\catalogs\2021-2022\2021-2022_Catalog.docx,,CONTROLLED_ALIAS
2021-2022,LANGUAGE_PHILOSOPHY_CULTURE_OR_CREATIVE_ARTS,ENGL 2341,data\raw\catalogs\2021-2022\2021-2022_Catalog.docx,,CONTROLLED_ALIAS
2021-2022,LANGUAGE_PHILOSOPHY_CULTURE_OR_CREATIVE_ARTS,HIST 2321,data\raw\catalogs\2021-2022\2021-2022_Catalog.docx,,CONTROLLED_ALIAS
2021-2022,LANGUAGE_PHILOSOPHY_CULTURE_OR_CREATIVE_ARTS,HIST 2322,data\raw\catalogs\2021-2022\2021-2022_Catalog.docx,,CONTROLLED_ALIAS
2021-2022,LANGUAGE_PHILOSOPHY_CULTURE_OR_CREATIVE_ARTS,HUMA 1315,data\raw\catalogs\2021-2022\2021-2022_Catalog.docx,,CONTROLLED_ALIAS
2021-2022,LANGUAGE_PHILOSOPHY_CULTURE_OR_CREATIVE_ARTS,MUSI 1306,data\raw\catalogs\2021-2022\2021-2022_Catalog.docx,,CONTROLLED_ALIAS
2021-2022,LANGUAGE_PHILOSOPHY_CULTURE_OR_CREATIVE_ARTS,PHIL 1301,data\raw\catalogs\2021-2022\2021-2022_Catalog.docx,,CONTROLLED_ALIAS
2021-2022,LANGUAGE_PHILOSOPHY_CULTURE_OR_CREATIVE_ARTS,SPAN 2311,data\raw\catalogs\2021-2022\2021-2022_Catalog.docx,,CONTROLLED_ALIAS
2021-2022,LANG_PHIL_CULTURE_OR_CREATIVE_ARTS,ARTS 1301,data\raw\catalogs\2021-2022\2021-2022_Catalog.docx,,CONTROLLED_ALIAS
2021-2022,LANG_PHIL_CULTURE_OR_CREATIVE_ARTS,DRAM 1310,data\raw\catalogs\2021-2022\2021-2022_Catalog.docx,,CONTROLLED_ALIAS
2021-2022,LANG_PHIL_CULTURE_OR_CREATIVE_ARTS,ENGL 2322,data\raw\catalogs\2021-2022\2021-2022_Catalog.docx,,CONTROLLED_ALIAS
2021-2022,LANG_PHIL_CULTURE_OR_CREATIVE_ARTS,ENGL 2323,data\raw\catalogs\2021-2022\2021-2022_Catalog.docx,,CONTROLLED_ALIAS
2021-2022,LANG_PHIL_CULTURE_OR_CREATIVE_ARTS,ENGL 2326,data\raw\catalogs\2021-2022\2021-2022_Catalog.docx,,CONTROLLED_ALIAS
2021-2022,LANG_PHIL_CULTURE_OR_CREATIVE_ARTS,ENGL 2331,data\raw\catalogs\2021-2022\2021-2022_Catalog.docx,,CONTROLLED_ALIAS
2021-2022,LANG_PHIL_CULTURE_OR_CREATIVE_ARTS,ENGL 2341,data\raw\catalogs\2021-2022\2021-2022_Catalog.docx,,CONTROLLED_ALIAS
2021-2022,LANG_PHIL_CULTURE_OR_CREATIVE_ARTS,HIST 2321,data\raw\catalogs\2021-2022\2021-2022_Catalog.docx,,CONTROLLED_ALIAS
2021-2022,LANG_PHIL_CULTURE_OR_CREATIVE_ARTS,HIST 2322,data\raw\catalogs\2021-2022\2021-2022_Catalog.docx,,CONTROLLED_ALIAS
2021-2022,LANG_PHIL_CULTURE_OR_CREATIVE_ARTS,HUMA 1315,data\raw\catalogs\2021-2022\2021-2022_Catalog.docx,,CONTROLLED_ALIAS
2021-2022,LANG_PHIL_CULTURE_OR_CREATIVE_ARTS,MUSI 1306,data\raw\catalogs\2021-2022\2021-2022_Catalog.docx,,CONTROLLED_ALIAS
2021-2022,LANG_PHIL_CULTURE_OR_CREATIVE_ARTS,PHIL 1301,data\raw\catalogs\2021-2022\2021-2022_Catalog.docx,,CONTROLLED_ALIAS
2021-2022,LANG_PHIL_CULTURE_OR_CREATIVE_ARTS,SPAN 2311,data\raw\catalogs\2021-2022\2021-2022_Catalog.docx,,CONTROLLED_ALIAS
2021-2022,LIFE_AND_PHYSICAL_SCIENCE,BIOL 1406,data\raw\catalogs\2021-2022\2021-2022_Catalog.docx,,CONTROLLED_ALIAS
2021-2022,LIFE_AND_PHYSICAL_SCIENCE,BIOL 1407,data\raw\catalogs\2021-2022\2021-2022_Catalog.docx,,CONTROLLED_ALIAS
2021-2022,LIFE_AND_PHYSICAL_SCIENCE,BIOL 1408,data\raw\catalogs\2021-2022\2021-2022_Catalog.docx,,CONTROLLED_ALIAS
2021-2022,LIFE_AND_PHYSICAL_SCIENCE,BIOL 1409,data\raw\catalogs\2021-2022\2021-2022_Catalog.docx,,CONTROLLED_ALIAS
2021-2022,LIFE_AND_PHYSICAL_SCIENCE,BIOL 1411,data\raw\catalogs\2021-2022\2021-2022_Catalog.docx,,CONTROLLED_ALIAS
2021-2022,LIFE_AND_PHYSICAL_SCIENCE,BIOL 1413,data\raw\catalogs\2021-2022\2021-2022_Catalog.docx,,CONTROLLED_ALIAS
2021-2022,LIFE_AND_PHYSICAL_SCIENCE,BIOL 2401,data\raw\catalogs\2021-2022\2021-2022_Catalog.docx,,CONTROLLED_ALIAS
2021-2022,LIFE_AND_PHYSICAL_SCIENCE,BIOL 2402,data\raw\catalogs\2021-2022\2021-2022_Catalog.docx,,CONTROLLED_ALIAS
2021-2022,LIFE_AND_PHYSICAL_SCIENCE,BIOL 2406,data\raw\catalogs\2021-2022\2021-2022_Catalog.docx,,CONTROLLED_ALIAS
2021-2022,LIFE_AND_PHYSICAL_SCIENCE,CHEM 1406,data\raw\catalogs\2021-2022\2021-2022_Catalog.docx,,CONTROLLED_ALIAS
2021-2022,LIFE_AND_PHYSICAL_SCIENCE,CHEM 1407,data\raw\catalogs\2021-2022\2021-2022_Catalog.docx,,CONTROLLED_ALIAS
2021-2022,LIFE_AND_PHYSICAL_SCIENCE,CHEM 1411,data\raw\catalogs\2021-2022\2021-2022_Catalog.docx,,CONTROLLED_ALIAS
2021-2022,LIFE_AND_PHYSICAL_SCIENCE,CHEM 1412,data\raw\catalogs\2021-2022\2021-2022_Catalog.docx,,CONTROLLED_ALIAS
2021-2022,LIFE_AND_PHYSICAL_SCIENCE,GEOL 1403,data\raw\catalogs\2021-2022\2021-2022_Catalog.docx,,CONTROLLED_ALIAS
2021-2022,LIFE_AND_PHYSICAL_SCIENCE,GEOL 1404,data\raw\catalogs\2021-2022\2021-2022_Catalog.docx,,CONTROLLED_ALIAS
2021-2022,LIFE_AND_PHYSICAL_SCIENCE,PHYS 1401,data\raw\catalogs\2021-2022\2021-2022_Catalog.docx,,CONTROLLED_ALIAS
2021-2022,LIFE_AND_PHYSICAL_SCIENCE,PHYS 1405,data\raw\catalogs\2021-2022\2021-2022_Catalog.docx,,CONTROLLED_ALIAS
2021-2022,LIFE_AND_PHYSICAL_SCIENCE,PHYS 1407,data\raw\catalogs\2021-2022\2021-2022_Catalog.docx,,CONTROLLED_ALIAS
2021-2022,LIFE_AND_PHYSICAL_SCIENCE,PHYS 2425,data\raw\catalogs\2021-2022\2021-2022_Catalog.docx,,CONTROLLED_ALIAS
2021-2022,LIFE_AND_PHYSICAL_SCIENCES_CORE,BIOL 1406,data\raw\catalogs\2021-2022\2021-2022_Catalog.docx,32,CANONICAL
2021-2022,LIFE_AND_PHYSICAL_SCIENCES_CORE,BIOL 1407,data\raw\catalogs\2021-2022\2021-2022_Catalog.docx,32,CANONICAL
2021-2022,LIFE_AND_PHYSICAL_SCIENCES_CORE,BIOL 1408,data\raw\catalogs\2021-2022\2021-2022_Catalog.docx,32,CANONICAL
2021-2022,LIFE_AND_PHYSICAL_SCIENCES_CORE,BIOL 1409,data\raw\catalogs\2021-2022\2021-2022_Catalog.docx,32,CANONICAL
2021-2022,LIFE_AND_PHYSICAL_SCIENCES_CORE,BIOL 1411,data\raw\catalogs\2021-2022\2021-2022_Catalog.docx,32,CANONICAL
2021-2022,LIFE_AND_PHYSICAL_SCIENCES_CORE,BIOL 1413,data\raw\catalogs\2021-2022\2021-2022_Catalog.docx,32,CANONICAL
2021-2022,LIFE_AND_PHYSICAL_SCIENCES_CORE,BIOL 2401,data\raw\catalogs\2021-2022\2021-2022_Catalog.docx,32,CANONICAL
2021-2022,LIFE_AND_PHYSICAL_SCIENCES_CORE,BIOL 2402,data\raw\catalogs\2021-2022\2021-2022_Catalog.docx,32,CANONICAL
2021-2022,LIFE_AND_PHYSICAL_SCIENCES_CORE,BIOL 2406,data\raw\catalogs\2021-2022\2021-2022_Catalog.docx,32,CANONICAL
2021-2022,LIFE_AND_PHYSICAL_SCIENCES_CORE,CHEM 1406,data\raw\catalogs\2021-2022\2021-2022_Catalog.docx,32,CANONICAL
2021-2022,LIFE_AND_PHYSICAL_SCIENCES_CORE,CHEM 1407,data\raw\catalogs\2021-2022\2021-2022_Catalog.docx,32,CANONICAL
2021-2022,LIFE_AND_PHYSICAL_SCIENCES_CORE,CHEM 1411,data\raw\catalogs\2021-2022\2021-2022_Catalog.docx,32,CANONICAL
2021-2022,LIFE_AND_PHYSICAL_SCIENCES_CORE,CHEM 1412,data\raw\catalogs\2021-2022\2021-2022_Catalog.docx,32,CANONICAL
2021-2022,LIFE_AND_PHYSICAL_SCIENCES_CORE,GEOL 1403,data\raw\catalogs\2021-2022\2021-2022_Catalog.docx,32,CANONICAL
2021-2022,LIFE_AND_PHYSICAL_SCIENCES_CORE,GEOL 1404,data\raw\catalogs\2021-2022\2021-2022_Catalog.docx,32,CANONICAL
2021-2022,LIFE_AND_PHYSICAL_SCIENCES_CORE,PHYS 1401,data\raw\catalogs\2021-2022\2021-2022_Catalog.docx,32,CANONICAL
2021-2022,LIFE_AND_PHYSICAL_SCIENCES_CORE,PHYS 1405,data\raw\catalogs\2021-2022\2021-2022_Catalog.docx,32,CANONICAL
2021-2022,LIFE_AND_PHYSICAL_SCIENCES_CORE,PHYS 1407,data\raw\catalogs\2021-2022\2021-2022_Catalog.docx,32,CANONICAL
2021-2022,LIFE_AND_PHYSICAL_SCIENCES_CORE,PHYS 2425,data\raw\catalogs\2021-2022\2021-2022_Catalog.docx,32,CANONICAL
2021-2022,LIFE_AND_PHYSICAL_SCIENCE_CORE_030,BIOL 1406,data\raw\catalogs\2021-2022\2021-2022_Catalog.docx,,CONTROLLED_ALIAS
2021-2022,LIFE_AND_PHYSICAL_SCIENCE_CORE_030,BIOL 1407,data\raw\catalogs\2021-2022\2021-2022_Catalog.docx,,CONTROLLED_ALIAS
2021-2022,LIFE_AND_PHYSICAL_SCIENCE_CORE_030,BIOL 1408,data\raw\catalogs\2021-2022\2021-2022_Catalog.docx,,CONTROLLED_ALIAS
2021-2022,LIFE_AND_PHYSICAL_SCIENCE_CORE_030,BIOL 1409,data\raw\catalogs\2021-2022\2021-2022_Catalog.docx,,CONTROLLED_ALIAS
2021-2022,LIFE_AND_PHYSICAL_SCIENCE_CORE_030,BIOL 1411,data\raw\catalogs\2021-2022\2021-2022_Catalog.docx,,CONTROLLED_ALIAS
2021-2022,LIFE_AND_PHYSICAL_SCIENCE_CORE_030,BIOL 1413,data\raw\catalogs\2021-2022\2021-2022_Catalog.docx,,CONTROLLED_ALIAS
2021-2022,LIFE_AND_PHYSICAL_SCIENCE_CORE_030,BIOL 2401,data\raw\catalogs\2021-2022\2021-2022_Catalog.docx,,CONTROLLED_ALIAS
2021-2022,LIFE_AND_PHYSICAL_SCIENCE_CORE_030,BIOL 2402,data\raw\catalogs\2021-2022\2021-2022_Catalog.docx,,CONTROLLED_ALIAS
2021-2022,LIFE_AND_PHYSICAL_SCIENCE_CORE_030,BIOL 2406,data\raw\catalogs\2021-2022\2021-2022_Catalog.docx,,CONTROLLED_ALIAS
2021-2022,LIFE_AND_PHYSICAL_SCIENCE_CORE_030,CHEM 1406,data\raw\catalogs\2021-2022\2021-2022_Catalog.docx,,CONTROLLED_ALIAS
2021-2022,LIFE_AND_PHYSICAL_SCIENCE_CORE_030,CHEM 1407,data\raw\catalogs\2021-2022\2021-2022_Catalog.docx,,CONTROLLED_ALIAS
2021-2022,LIFE_AND_PHYSICAL_SCIENCE_CORE_030,CHEM 1411,data\raw\catalogs\2021-2022\2021-2022_Catalog.docx,,CONTROLLED_ALIAS
2021-2022,LIFE_AND_PHYSICAL_SCIENCE_CORE_030,CHEM 1412,data\raw\catalogs\2021-2022\2021-2022_Catalog.docx,,CONTROLLED_ALIAS
2021-2022,LIFE_AND_PHYSICAL_SCIENCE_CORE_030,GEOL 1403,data\raw\catalogs\2021-2022\2021-2022_Catalog.docx,,CONTROLLED_ALIAS
2021-2022,LIFE_AND_PHYSICAL_SCIENCE_CORE_030,GEOL 1404,data\raw\catalogs\2021-2022\2021-2022_Catalog.docx,,CONTROLLED_ALIAS
2021-2022,LIFE_AND_PHYSICAL_SCIENCE_CORE_030,PHYS 1401,data\raw\catalogs\2021-2022\2021-2022_Catalog.docx,,CONTROLLED_ALIAS
2021-2022,LIFE_AND_PHYSICAL_SCIENCE_CORE_030,PHYS 1405,data\raw\catalogs\2021-2022\2021-2022_Catalog.docx,,CONTROLLED_ALIAS
2021-2022,LIFE_AND_PHYSICAL_SCIENCE_CORE_030,PHYS 1407,data\raw\catalogs\2021-2022\2021-2022_Catalog.docx,,CONTROLLED_ALIAS
2021-2022,LIFE_AND_PHYSICAL_SCIENCE_CORE_030,PHYS 2425,data\raw\catalogs\2021-2022\2021-2022_Catalog.docx,,CONTROLLED_ALIAS
2021-2022,LIFE_OR_PHYSICAL_SCIENCE,BIOL 1406,data\raw\catalogs\2021-2022\2021-2022_Catalog.docx,,CONTROLLED_ALIAS
2021-2022,LIFE_OR_PHYSICAL_SCIENCE,BIOL 1407,data\raw\catalogs\2021-2022\2021-2022_Catalog.docx,,CONTROLLED_ALIAS
2021-2022,LIFE_OR_PHYSICAL_SCIENCE,BIOL 1408,data\raw\catalogs\2021-2022\2021-2022_Catalog.docx,,CONTROLLED_ALIAS
2021-2022,LIFE_OR_PHYSICAL_SCIENCE,BIOL 1409,data\raw\catalogs\2021-2022\2021-2022_Catalog.docx,,CONTROLLED_ALIAS
2021-2022,LIFE_OR_PHYSICAL_SCIENCE,BIOL 1411,data\raw\catalogs\2021-2022\2021-2022_Catalog.docx,,CONTROLLED_ALIAS
2021-2022,LIFE_OR_PHYSICAL_SCIENCE,BIOL 1413,data\raw\catalogs\2021-2022\2021-2022_Catalog.docx,,CONTROLLED_ALIAS
2021-2022,LIFE_OR_PHYSICAL_SCIENCE,BIOL 2401,data\raw\catalogs\2021-2022\2021-2022_Catalog.docx,,CONTROLLED_ALIAS
2021-2022,LIFE_OR_PHYSICAL_SCIENCE,BIOL 2402,data\raw\catalogs\2021-2022\2021-2022_Catalog.docx,,CONTROLLED_ALIAS
2021-2022,LIFE_OR_PHYSICAL_SCIENCE,BIOL 2406,data\raw\catalogs\2021-2022\2021-2022_Catalog.docx,,CONTROLLED_ALIAS
2021-2022,LIFE_OR_PHYSICAL_SCIENCE,CHEM 1406,data\raw\catalogs\2021-2022\2021-2022_Catalog.docx,,CONTROLLED_ALIAS
2021-2022,LIFE_OR_PHYSICAL_SCIENCE,CHEM 1407,data\raw\catalogs\2021-2022\2021-2022_Catalog.docx,,CONTROLLED_ALIAS
2021-2022,LIFE_OR_PHYSICAL_SCIENCE,CHEM 1411,data\raw\catalogs\2021-2022\2021-2022_Catalog.docx,,CONTROLLED_ALIAS
2021-2022,LIFE_OR_PHYSICAL_SCIENCE,CHEM 1412,data\raw\catalogs\2021-2022\2021-2022_Catalog.docx,,CONTROLLED_ALIAS
2021-2022,LIFE_OR_PHYSICAL_SCIENCE,GEOL 1403,data\raw\catalogs\2021-2022\2021-2022_Catalog.docx,,CONTROLLED_ALIAS
2021-2022,LIFE_OR_PHYSICAL_SCIENCE,GEOL 1404,data\raw\catalogs\2021-2022\2021-2022_Catalog.docx,,CONTROLLED_ALIAS
2021-2022,LIFE_OR_PHYSICAL_SCIENCE,PHYS 1401,data\raw\catalogs\2021-2022\2021-2022_Catalog.docx,,CONTROLLED_ALIAS
2021-2022,LIFE_OR_PHYSICAL_SCIENCE,PHYS 1405,data\raw\catalogs\2021-2022\2021-2022_Catalog.docx,,CONTROLLED_ALIAS
2021-2022,LIFE_OR_PHYSICAL_SCIENCE,PHYS 1407,data\raw\catalogs\2021-2022\2021-2022_Catalog.docx,,CONTROLLED_ALIAS
2021-2022,LIFE_OR_PHYSICAL_SCIENCE,PHYS 2425,data\raw\catalogs\2021-2022\2021-2022_Catalog.docx,,CONTROLLED_ALIAS
2021-2022,LIFE_OR_PHYSICAL_SCIENCES,BIOL 1406,data\raw\catalogs\2021-2022\2021-2022_Catalog.docx,,CONTROLLED_ALIAS
2021-2022,LIFE_OR_PHYSICAL_SCIENCES,BIOL 1407,data\raw\catalogs\2021-2022\2021-2022_Catalog.docx,,CONTROLLED_ALIAS
2021-2022,LIFE_OR_PHYSICAL_SCIENCES,BIOL 1408,data\raw\catalogs\2021-2022\2021-2022_Catalog.docx,,CONTROLLED_ALIAS
2021-2022,LIFE_OR_PHYSICAL_SCIENCES,BIOL 1409,data\raw\catalogs\2021-2022\2021-2022_Catalog.docx,,CONTROLLED_ALIAS
2021-2022,LIFE_OR_PHYSICAL_SCIENCES,BIOL 1411,data\raw\catalogs\2021-2022\2021-2022_Catalog.docx,,CONTROLLED_ALIAS
2021-2022,LIFE_OR_PHYSICAL_SCIENCES,BIOL 1413,data\raw\catalogs\2021-2022\2021-2022_Catalog.docx,,CONTROLLED_ALIAS
2021-2022,LIFE_OR_PHYSICAL_SCIENCES,BIOL 2401,data\raw\catalogs\2021-2022\2021-2022_Catalog.docx,,CONTROLLED_ALIAS
2021-2022,LIFE_OR_PHYSICAL_SCIENCES,BIOL 2402,data\raw\catalogs\2021-2022\2021-2022_Catalog.docx,,CONTROLLED_ALIAS
2021-2022,LIFE_OR_PHYSICAL_SCIENCES,BIOL 2406,data\raw\catalogs\2021-2022\2021-2022_Catalog.docx,,CONTROLLED_ALIAS
2021-2022,LIFE_OR_PHYSICAL_SCIENCES,CHEM 1406,data\raw\catalogs\2021-2022\2021-2022_Catalog.docx,,CONTROLLED_ALIAS
2021-2022,LIFE_OR_PHYSICAL_SCIENCES,CHEM 1407,data\raw\catalogs\2021-2022\2021-2022_Catalog.docx,,CONTROLLED_ALIAS
2021-2022,LIFE_OR_PHYSICAL_SCIENCES,CHEM 1411,data\raw\catalogs\2021-2022\2021-2022_Catalog.docx,,CONTROLLED_ALIAS
2021-2022,LIFE_OR_PHYSICAL_SCIENCES,CHEM 1412,data\raw\catalogs\2021-2022\2021-2022_Catalog.docx,,CONTROLLED_ALIAS
2021-2022,LIFE_OR_PHYSICAL_SCIENCES,GEOL 1403,data\raw\catalogs\2021-2022\2021-2022_Catalog.docx,,CONTROLLED_ALIAS
2021-2022,LIFE_OR_PHYSICAL_SCIENCES,GEOL 1404,data\raw\catalogs\2021-2022\2021-2022_Catalog.docx,,CONTROLLED_ALIAS
2021-2022,LIFE_OR_PHYSICAL_SCIENCES,PHYS 1401,data\raw\catalogs\2021-2022\2021-2022_Catalog.docx,,CONTROLLED_ALIAS
2021-2022,LIFE_OR_PHYSICAL_SCIENCES,PHYS 1405,data\raw\catalogs\2021-2022\2021-2022_Catalog.docx,,CONTROLLED_ALIAS
2021-2022,LIFE_OR_PHYSICAL_SCIENCES,PHYS 1407,data\raw\catalogs\2021-2022\2021-2022_Catalog.docx,,CONTROLLED_ALIAS
2021-2022,LIFE_OR_PHYSICAL_SCIENCES,PHYS 2425,data\raw\catalogs\2021-2022\2021-2022_Catalog.docx,,CONTROLLED_ALIAS
2021-2022,LIFE_SCIENCE_CORE_030,BIOL 1406,data\raw\catalogs\2021-2022\2021-2022_Catalog.docx,,CONTROLLED_ALIAS
2021-2022,LIFE_SCIENCE_CORE_030,BIOL 1407,data\raw\catalogs\2021-2022\2021-2022_Catalog.docx,,CONTROLLED_ALIAS
2021-2022,LIFE_SCIENCE_CORE_030,BIOL 1408,data\raw\catalogs\2021-2022\2021-2022_Catalog.docx,,CONTROLLED_ALIAS
2021-2022,LIFE_SCIENCE_CORE_030,BIOL 1409,data\raw\catalogs\2021-2022\2021-2022_Catalog.docx,,CONTROLLED_ALIAS
2021-2022,LIFE_SCIENCE_CORE_030,BIOL 1411,data\raw\catalogs\2021-2022\2021-2022_Catalog.docx,,CONTROLLED_ALIAS
2021-2022,LIFE_SCIENCE_CORE_030,BIOL 1413,data\raw\catalogs\2021-2022\2021-2022_Catalog.docx,,CONTROLLED_ALIAS
2021-2022,LIFE_SCIENCE_CORE_030,BIOL 2401,data\raw\catalogs\2021-2022\2021-2022_Catalog.docx,,CONTROLLED_ALIAS
2021-2022,LIFE_SCIENCE_CORE_030,BIOL 2402,data\raw\catalogs\2021-2022\2021-2022_Catalog.docx,,CONTROLLED_ALIAS
2021-2022,LIFE_SCIENCE_CORE_030,BIOL 2406,data\raw\catalogs\2021-2022\2021-2022_Catalog.docx,,CONTROLLED_ALIAS
2021-2022,MATHEMATICS_CORE,MATH 1314,data\raw\catalogs\2021-2022\2021-2022_Catalog.docx,32,CANONICAL
2021-2022,MATHEMATICS_CORE,MATH 1324,data\raw\catalogs\2021-2022\2021-2022_Catalog.docx,32,CANONICAL
2021-2022,MATHEMATICS_CORE,MATH 1332,data\raw\catalogs\2021-2022\2021-2022_Catalog.docx,32,CANONICAL
2021-2022,MATHEMATICS_CORE,MATH 1342,data\raw\catalogs\2021-2022\2021-2022_Catalog.docx,32,CANONICAL
2021-2022,MATHEMATICS_CORE,MATH 2312,data\raw\catalogs\2021-2022\2021-2022_Catalog.docx,32,CANONICAL
2021-2022,MATHEMATICS_CORE,MATH 2413,data\raw\catalogs\2021-2022\2021-2022_Catalog.docx,32,CANONICAL
2021-2022,PHYSICAL_SCIENCE,CHEM 1406,data\raw\catalogs\2021-2022\2021-2022_Catalog.docx,,CONTROLLED_ALIAS
2021-2022,PHYSICAL_SCIENCE,CHEM 1407,data\raw\catalogs\2021-2022\2021-2022_Catalog.docx,,CONTROLLED_ALIAS
2021-2022,PHYSICAL_SCIENCE,CHEM 1411,data\raw\catalogs\2021-2022\2021-2022_Catalog.docx,,CONTROLLED_ALIAS
2021-2022,PHYSICAL_SCIENCE,CHEM 1412,data\raw\catalogs\2021-2022\2021-2022_Catalog.docx,,CONTROLLED_ALIAS
2021-2022,PHYSICAL_SCIENCE,GEOL 1403,data\raw\catalogs\2021-2022\2021-2022_Catalog.docx,,CONTROLLED_ALIAS
2021-2022,PHYSICAL_SCIENCE,GEOL 1404,data\raw\catalogs\2021-2022\2021-2022_Catalog.docx,,CONTROLLED_ALIAS
2021-2022,PHYSICAL_SCIENCE,PHYS 1401,data\raw\catalogs\2021-2022\2021-2022_Catalog.docx,,CONTROLLED_ALIAS
2021-2022,PHYSICAL_SCIENCE,PHYS 1405,data\raw\catalogs\2021-2022\2021-2022_Catalog.docx,,CONTROLLED_ALIAS
2021-2022,PHYSICAL_SCIENCE,PHYS 1407,data\raw\catalogs\2021-2022\2021-2022_Catalog.docx,,CONTROLLED_ALIAS
2021-2022,PHYSICAL_SCIENCE,PHYS 2425,data\raw\catalogs\2021-2022\2021-2022_Catalog.docx,,CONTROLLED_ALIAS
2021-2022,PHYSICAL_SCIENCE_CORE_030,CHEM 1406,data\raw\catalogs\2021-2022\2021-2022_Catalog.docx,,CONTROLLED_ALIAS
2021-2022,PHYSICAL_SCIENCE_CORE_030,CHEM 1407,data\raw\catalogs\2021-2022\2021-2022_Catalog.docx,,CONTROLLED_ALIAS
2021-2022,PHYSICAL_SCIENCE_CORE_030,CHEM 1411,data\raw\catalogs\2021-2022\2021-2022_Catalog.docx,,CONTROLLED_ALIAS
2021-2022,PHYSICAL_SCIENCE_CORE_030,CHEM 1412,data\raw\catalogs\2021-2022\2021-2022_Catalog.docx,,CONTROLLED_ALIAS
2021-2022,PHYSICAL_SCIENCE_CORE_030,GEOL 1403,data\raw\catalogs\2021-2022\2021-2022_Catalog.docx,,CONTROLLED_ALIAS
2021-2022,PHYSICAL_SCIENCE_CORE_030,GEOL 1404,data\raw\catalogs\2021-2022\2021-2022_Catalog.docx,,CONTROLLED_ALIAS
2021-2022,PHYSICAL_SCIENCE_CORE_030,PHYS 1401,data\raw\catalogs\2021-2022\2021-2022_Catalog.docx,,CONTROLLED_ALIAS
2021-2022,PHYSICAL_SCIENCE_CORE_030,PHYS 1405,data\raw\catalogs\2021-2022\2021-2022_Catalog.docx,,CONTROLLED_ALIAS
2021-2022,PHYSICAL_SCIENCE_CORE_030,PHYS 1407,data\raw\catalogs\2021-2022\2021-2022_Catalog.docx,,CONTROLLED_ALIAS
2021-2022,PHYSICAL_SCIENCE_CORE_030,PHYS 2425,data\raw\catalogs\2021-2022\2021-2022_Catalog.docx,,CONTROLLED_ALIAS
2021-2022,SOCIAL_AND_BEHAVIORAL_SCIENCE_CORE,ECON 2301,data\raw\catalogs\2021-2022\2021-2022_Catalog.docx,32,CANONICAL
2021-2022,SOCIAL_AND_BEHAVIORAL_SCIENCE_CORE,ECON 2302,data\raw\catalogs\2021-2022\2021-2022_Catalog.docx,32,CANONICAL
2021-2022,SOCIAL_AND_BEHAVIORAL_SCIENCE_CORE,GEOG 1301,data\raw\catalogs\2021-2022\2021-2022_Catalog.docx,32,CANONICAL
2021-2022,SOCIAL_AND_BEHAVIORAL_SCIENCE_CORE,GEOG 1302,data\raw\catalogs\2021-2022\2021-2022_Catalog.docx,32,CANONICAL
2021-2022,SOCIAL_AND_BEHAVIORAL_SCIENCE_CORE,PSYC 2301,data\raw\catalogs\2021-2022\2021-2022_Catalog.docx,32,CANONICAL
2021-2022,SOCIAL_AND_BEHAVIORAL_SCIENCE_CORE,SOCI 1301,data\raw\catalogs\2021-2022\2021-2022_Catalog.docx,32,CANONICAL
2021-2022,SOCIAL_AND_BEHAVIORAL_SCIENCE_E,ECON 2301,data\raw\catalogs\2021-2022\2021-2022_Catalog.docx,,CONTROLLED_ALIAS
2021-2022,SOCIAL_AND_BEHAVIORAL_SCIENCE_E,ECON 2302,data\raw\catalogs\2021-2022\2021-2022_Catalog.docx,,CONTROLLED_ALIAS
2021-2022,SOCIAL_AND_BEHAVIORAL_SCIENCE_E,GEOG 1301,data\raw\catalogs\2021-2022\2021-2022_Catalog.docx,,CONTROLLED_ALIAS
2021-2022,SOCIAL_AND_BEHAVIORAL_SCIENCE_E,GEOG 1302,data\raw\catalogs\2021-2022\2021-2022_Catalog.docx,,CONTROLLED_ALIAS
2021-2022,SOCIAL_AND_BEHAVIORAL_SCIENCE_E,PSYC 2301,data\raw\catalogs\2021-2022\2021-2022_Catalog.docx,,CONTROLLED_ALIAS
2021-2022,SOCIAL_AND_BEHAVIORAL_SCIENCE_E,SOCI 1301,data\raw\catalogs\2021-2022\2021-2022_Catalog.docx,,CONTROLLED_ALIAS
2021-2022,SOCIAL_BEHAVIORAL_SCIENCE,ECON 2301,data\raw\catalogs\2021-2022\2021-2022_Catalog.docx,,CONTROLLED_ALIAS
2021-2022,SOCIAL_BEHAVIORAL_SCIENCE,ECON 2302,data\raw\catalogs\2021-2022\2021-2022_Catalog.docx,,CONTROLLED_ALIAS
2021-2022,SOCIAL_BEHAVIORAL_SCIENCE,GEOG 1301,data\raw\catalogs\2021-2022\2021-2022_Catalog.docx,,CONTROLLED_ALIAS
2021-2022,SOCIAL_BEHAVIORAL_SCIENCE,GEOG 1302,data\raw\catalogs\2021-2022\2021-2022_Catalog.docx,,CONTROLLED_ALIAS
2021-2022,SOCIAL_BEHAVIORAL_SCIENCE,PSYC 2301,data\raw\catalogs\2021-2022\2021-2022_Catalog.docx,,CONTROLLED_ALIAS
2021-2022,SOCIAL_BEHAVIORAL_SCIENCE,SOCI 1301,data\raw\catalogs\2021-2022\2021-2022_Catalog.docx,,CONTROLLED_ALIAS
2021-2022,SOCIAL_BEHAVIORAL_SCIENCE_CORE,ECON 2301,data\raw\catalogs\2021-2022\2021-2022_Catalog.docx,,CONTROLLED_ALIAS
2021-2022,SOCIAL_BEHAVIORAL_SCIENCE_CORE,ECON 2302,data\raw\catalogs\2021-2022\2021-2022_Catalog.docx,,CONTROLLED_ALIAS
2021-2022,SOCIAL_BEHAVIORAL_SCIENCE_CORE,GEOG 1301,data\raw\catalogs\2021-2022\2021-2022_Catalog.docx,,CONTROLLED_ALIAS
2021-2022,SOCIAL_BEHAVIORAL_SCIENCE_CORE,GEOG 1302,data\raw\catalogs\2021-2022\2021-2022_Catalog.docx,,CONTROLLED_ALIAS
2021-2022,SOCIAL_BEHAVIORAL_SCIENCE_CORE,PSYC 2301,data\raw\catalogs\2021-2022\2021-2022_Catalog.docx,,CONTROLLED_ALIAS
2021-2022,SOCIAL_BEHAVIORAL_SCIENCE_CORE,SOCI 1301,data\raw\catalogs\2021-2022\2021-2022_Catalog.docx,,CONTROLLED_ALIAS
2021-2022,SOCIAL_BEHAVIORAL_SCIENCE_ELECTIVE,ECON 2301,data\raw\catalogs\2021-2022\2021-2022_Catalog.docx,,CONTROLLED_ALIAS
2021-2022,SOCIAL_BEHAVIORAL_SCIENCE_ELECTIVE,ECON 2302,data\raw\catalogs\2021-2022\2021-2022_Catalog.docx,,CONTROLLED_ALIAS
2021-2022,SOCIAL_BEHAVIORAL_SCIENCE_ELECTIVE,GEOG 1301,data\raw\catalogs\2021-2022\2021-2022_Catalog.docx,,CONTROLLED_ALIAS
2021-2022,SOCIAL_BEHAVIORAL_SCIENCE_ELECTIVE,GEOG 1302,data\raw\catalogs\2021-2022\2021-2022_Catalog.docx,,CONTROLLED_ALIAS
2021-2022,SOCIAL_BEHAVIORAL_SCIENCE_ELECTIVE,PSYC 2301,data\raw\catalogs\2021-2022\2021-2022_Catalog.docx,,CONTROLLED_ALIAS
2021-2022,SOCIAL_BEHAVIORAL_SCIENCE_ELECTIVE,SOCI 1301,data\raw\catalogs\2021-2022\2021-2022_Catalog.docx,,CONTROLLED_ALIAS
2022-2023,AMERICAN_HISTORY_CORE,HIST 1301,data\raw\catalogs\2022-2023\2022-2023_Catalog.docx,13,CANONICAL
2022-2023,AMERICAN_HISTORY_CORE,HIST 1302,data\raw\catalogs\2022-2023\2022-2023_Catalog.docx,13,CANONICAL
2022-2023,AMERICAN_HISTORY_CORE,HIST 2301,data\raw\catalogs\2022-2023\2022-2023_Catalog.docx,13,CANONICAL
2022-2023,COMMUNICATION_CORE,ENGL 1301,data\raw\catalogs\2022-2023\2022-2023_Catalog.docx,13,CANONICAL
2022-2023,COMMUNICATION_CORE,ENGL 1302,data\raw\catalogs\2022-2023\2022-2023_Catalog.docx,13,CANONICAL
2022-2023,COMMUNICATION_CORE,SPCH 1315,data\raw\catalogs\2022-2023\2022-2023_Catalog.docx,13,CANONICAL
2022-2023,COMMUNICATION_OR_COMPONENT_AREA_OPTION,BIOL 1406,data\raw\catalogs\2022-2023\2022-2023_Catalog.docx,,CONTROLLED_ALIAS
2022-2023,COMMUNICATION_OR_COMPONENT_AREA_OPTION,BIOL 1407,data\raw\catalogs\2022-2023\2022-2023_Catalog.docx,,CONTROLLED_ALIAS
2022-2023,COMMUNICATION_OR_COMPONENT_AREA_OPTION,BIOL 1408,data\raw\catalogs\2022-2023\2022-2023_Catalog.docx,,CONTROLLED_ALIAS
2022-2023,COMMUNICATION_OR_COMPONENT_AREA_OPTION,BIOL 1409,data\raw\catalogs\2022-2023\2022-2023_Catalog.docx,,CONTROLLED_ALIAS
2022-2023,COMMUNICATION_OR_COMPONENT_AREA_OPTION,BIOL 1411,data\raw\catalogs\2022-2023\2022-2023_Catalog.docx,,CONTROLLED_ALIAS
2022-2023,COMMUNICATION_OR_COMPONENT_AREA_OPTION,BIOL 1413,data\raw\catalogs\2022-2023\2022-2023_Catalog.docx,,CONTROLLED_ALIAS
2022-2023,COMMUNICATION_OR_COMPONENT_AREA_OPTION,BIOL 2401,data\raw\catalogs\2022-2023\2022-2023_Catalog.docx,,CONTROLLED_ALIAS
2022-2023,COMMUNICATION_OR_COMPONENT_AREA_OPTION,BIOL 2402,data\raw\catalogs\2022-2023\2022-2023_Catalog.docx,,CONTROLLED_ALIAS
2022-2023,COMMUNICATION_OR_COMPONENT_AREA_OPTION,BIOL 2406,data\raw\catalogs\2022-2023\2022-2023_Catalog.docx,,CONTROLLED_ALIAS
2022-2023,COMMUNICATION_OR_COMPONENT_AREA_OPTION,CHEM 1406,data\raw\catalogs\2022-2023\2022-2023_Catalog.docx,,CONTROLLED_ALIAS
2022-2023,COMMUNICATION_OR_COMPONENT_AREA_OPTION,CHEM 1407,data\raw\catalogs\2022-2023\2022-2023_Catalog.docx,,CONTROLLED_ALIAS
2022-2023,COMMUNICATION_OR_COMPONENT_AREA_OPTION,CHEM 1411,data\raw\catalogs\2022-2023\2022-2023_Catalog.docx,,CONTROLLED_ALIAS
2022-2023,COMMUNICATION_OR_COMPONENT_AREA_OPTION,CHEM 1412,data\raw\catalogs\2022-2023\2022-2023_Catalog.docx,,CONTROLLED_ALIAS
2022-2023,COMMUNICATION_OR_COMPONENT_AREA_OPTION,COSC 1301,data\raw\catalogs\2022-2023\2022-2023_Catalog.docx,,CONTROLLED_ALIAS
2022-2023,COMMUNICATION_OR_COMPONENT_AREA_OPTION,ECON 2301,data\raw\catalogs\2022-2023\2022-2023_Catalog.docx,,CONTROLLED_ALIAS
2022-2023,COMMUNICATION_OR_COMPONENT_AREA_OPTION,ECON 2302,data\raw\catalogs\2022-2023\2022-2023_Catalog.docx,,CONTROLLED_ALIAS
2022-2023,COMMUNICATION_OR_COMPONENT_AREA_OPTION,ENGL 1301,data\raw\catalogs\2022-2023\2022-2023_Catalog.docx,,CONTROLLED_ALIAS
2022-2023,COMMUNICATION_OR_COMPONENT_AREA_OPTION,ENGL 1302,data\raw\catalogs\2022-2023\2022-2023_Catalog.docx,,CONTROLLED_ALIAS
2022-2023,COMMUNICATION_OR_COMPONENT_AREA_OPTION,GEOL 1303,data\raw\catalogs\2022-2023\2022-2023_Catalog.docx,,CONTROLLED_ALIAS
2022-2023,COMMUNICATION_OR_COMPONENT_AREA_OPTION,GEOL 1304,data\raw\catalogs\2022-2023\2022-2023_Catalog.docx,,CONTROLLED_ALIAS
2022-2023,COMMUNICATION_OR_COMPONENT_AREA_OPTION,MATH 1314,data\raw\catalogs\2022-2023\2022-2023_Catalog.docx,,CONTROLLED_ALIAS
2022-2023,COMMUNICATION_OR_COMPONENT_AREA_OPTION,MATH 1324,data\raw\catalogs\2022-2023\2022-2023_Catalog.docx,,CONTROLLED_ALIAS
2022-2023,COMMUNICATION_OR_COMPONENT_AREA_OPTION,MATH 1325,data\raw\catalogs\2022-2023\2022-2023_Catalog.docx,,CONTROLLED_ALIAS
2022-2023,COMMUNICATION_OR_COMPONENT_AREA_OPTION,MATH 1332,data\raw\catalogs\2022-2023\2022-2023_Catalog.docx,,CONTROLLED_ALIAS
2022-2023,COMMUNICATION_OR_COMPONENT_AREA_OPTION,MATH 1342,data\raw\catalogs\2022-2023\2022-2023_Catalog.docx,,CONTROLLED_ALIAS
2022-2023,COMMUNICATION_OR_COMPONENT_AREA_OPTION,MATH 1350,data\raw\catalogs\2022-2023\2022-2023_Catalog.docx,,CONTROLLED_ALIAS
2022-2023,COMMUNICATION_OR_COMPONENT_AREA_OPTION,MATH 1351,data\raw\catalogs\2022-2023\2022-2023_Catalog.docx,,CONTROLLED_ALIAS
2022-2023,COMMUNICATION_OR_COMPONENT_AREA_OPTION,MATH 2312,data\raw\catalogs\2022-2023\2022-2023_Catalog.docx,,CONTROLLED_ALIAS
2022-2023,COMMUNICATION_OR_COMPONENT_AREA_OPTION,MATH 2413,data\raw\catalogs\2022-2023\2022-2023_Catalog.docx,,CONTROLLED_ALIAS
2022-2023,COMMUNICATION_OR_COMPONENT_AREA_OPTION,MATH 2414,data\raw\catalogs\2022-2023\2022-2023_Catalog.docx,,CONTROLLED_ALIAS
2022-2023,COMMUNICATION_OR_COMPONENT_AREA_OPTION,PHYS 1401,data\raw\catalogs\2022-2023\2022-2023_Catalog.docx,,CONTROLLED_ALIAS
2022-2023,COMMUNICATION_OR_COMPONENT_AREA_OPTION,PHYS 1405,data\raw\catalogs\2022-2023\2022-2023_Catalog.docx,,CONTROLLED_ALIAS
2022-2023,COMMUNICATION_OR_COMPONENT_AREA_OPTION,PHYS 1407,data\raw\catalogs\2022-2023\2022-2023_Catalog.docx,,CONTROLLED_ALIAS
2022-2023,COMMUNICATION_OR_COMPONENT_AREA_OPTION,PHYS 2425,data\raw\catalogs\2022-2023\2022-2023_Catalog.docx,,CONTROLLED_ALIAS
2022-2023,COMMUNICATION_OR_COMPONENT_AREA_OPTION,PHYS 2426,data\raw\catalogs\2022-2023\2022-2023_Catalog.docx,,CONTROLLED_ALIAS
2022-2023,COMMUNICATION_OR_COMPONENT_AREA_OPTION,PSYC 1300,data\raw\catalogs\2022-2023\2022-2023_Catalog.docx,,CONTROLLED_ALIAS
2022-2023,COMMUNICATION_OR_COMPONENT_AREA_OPTION,PSYC 2301,data\raw\catalogs\2022-2023\2022-2023_Catalog.docx,,CONTROLLED_ALIAS
2022-2023,COMMUNICATION_OR_COMPONENT_AREA_OPTION,PSYC 2314,data\raw\catalogs\2022-2023\2022-2023_Catalog.docx,,CONTROLLED_ALIAS
2022-2023,COMMUNICATION_OR_COMPONENT_AREA_OPTION,SOCI 1301,data\raw\catalogs\2022-2023\2022-2023_Catalog.docx,,CONTROLLED_ALIAS
2022-2023,COMMUNICATION_OR_COMPONENT_AREA_OPTION,SOCI 1306,data\raw\catalogs\2022-2023\2022-2023_Catalog.docx,,CONTROLLED_ALIAS
2022-2023,COMMUNICATION_OR_COMPONENT_AREA_OPTION,SOCI 2301,data\raw\catalogs\2022-2023\2022-2023_Catalog.docx,,CONTROLLED_ALIAS
2022-2023,COMMUNICATION_OR_COMPONENT_AREA_OPTION,SPCH 1311,data\raw\catalogs\2022-2023\2022-2023_Catalog.docx,,CONTROLLED_ALIAS
2022-2023,COMMUNICATION_OR_COMPONENT_AREA_OPTION,SPCH 1315,data\raw\catalogs\2022-2023\2022-2023_Catalog.docx,,CONTROLLED_ALIAS
2022-2023,COMMUNICATION_OR_COMPONENT_AREA_OPTION,SPCH 1318,data\raw\catalogs\2022-2023\2022-2023_Catalog.docx,,CONTROLLED_ALIAS
2022-2023,COMMUNICATION_OR_COMPONENT_AREA_OPTION,SPCH 1321,data\raw\catalogs\2022-2023\2022-2023_Catalog.docx,,CONTROLLED_ALIAS
2022-2023,COMPONENT_AREA_OPTION_CORE,BIOL 1406,data\raw\catalogs\2022-2023\2022-2023_Catalog.docx,13,CANONICAL
2022-2023,COMPONENT_AREA_OPTION_CORE,BIOL 1407,data\raw\catalogs\2022-2023\2022-2023_Catalog.docx,13,CANONICAL
2022-2023,COMPONENT_AREA_OPTION_CORE,BIOL 1408,data\raw\catalogs\2022-2023\2022-2023_Catalog.docx,13,CANONICAL
2022-2023,COMPONENT_AREA_OPTION_CORE,BIOL 1409,data\raw\catalogs\2022-2023\2022-2023_Catalog.docx,13,CANONICAL
2022-2023,COMPONENT_AREA_OPTION_CORE,BIOL 1411,data\raw\catalogs\2022-2023\2022-2023_Catalog.docx,13,CANONICAL
2022-2023,COMPONENT_AREA_OPTION_CORE,BIOL 1413,data\raw\catalogs\2022-2023\2022-2023_Catalog.docx,13,CANONICAL
2022-2023,COMPONENT_AREA_OPTION_CORE,BIOL 2401,data\raw\catalogs\2022-2023\2022-2023_Catalog.docx,13,CANONICAL
2022-2023,COMPONENT_AREA_OPTION_CORE,BIOL 2402,data\raw\catalogs\2022-2023\2022-2023_Catalog.docx,13,CANONICAL
2022-2023,COMPONENT_AREA_OPTION_CORE,BIOL 2406,data\raw\catalogs\2022-2023\2022-2023_Catalog.docx,13,CANONICAL
2022-2023,COMPONENT_AREA_OPTION_CORE,CHEM 1406,data\raw\catalogs\2022-2023\2022-2023_Catalog.docx,13,CANONICAL
2022-2023,COMPONENT_AREA_OPTION_CORE,CHEM 1407,data\raw\catalogs\2022-2023\2022-2023_Catalog.docx,13,CANONICAL
2022-2023,COMPONENT_AREA_OPTION_CORE,CHEM 1411,data\raw\catalogs\2022-2023\2022-2023_Catalog.docx,13,CANONICAL
2022-2023,COMPONENT_AREA_OPTION_CORE,CHEM 1412,data\raw\catalogs\2022-2023\2022-2023_Catalog.docx,13,CANONICAL
2022-2023,COMPONENT_AREA_OPTION_CORE,COSC 1301,data\raw\catalogs\2022-2023\2022-2023_Catalog.docx,13,CANONICAL
2022-2023,COMPONENT_AREA_OPTION_CORE,ECON 2301,data\raw\catalogs\2022-2023\2022-2023_Catalog.docx,13,CANONICAL
2022-2023,COMPONENT_AREA_OPTION_CORE,ECON 2302,data\raw\catalogs\2022-2023\2022-2023_Catalog.docx,13,CANONICAL
2022-2023,COMPONENT_AREA_OPTION_CORE,ENGL 1302,data\raw\catalogs\2022-2023\2022-2023_Catalog.docx,13,CANONICAL
2022-2023,COMPONENT_AREA_OPTION_CORE,GEOL 1303,data\raw\catalogs\2022-2023\2022-2023_Catalog.docx,13,CANONICAL
2022-2023,COMPONENT_AREA_OPTION_CORE,GEOL 1304,data\raw\catalogs\2022-2023\2022-2023_Catalog.docx,13,CANONICAL
2022-2023,COMPONENT_AREA_OPTION_CORE,MATH 1314,data\raw\catalogs\2022-2023\2022-2023_Catalog.docx,13,CANONICAL
2022-2023,COMPONENT_AREA_OPTION_CORE,MATH 1324,data\raw\catalogs\2022-2023\2022-2023_Catalog.docx,13,CANONICAL
2022-2023,COMPONENT_AREA_OPTION_CORE,MATH 1325,data\raw\catalogs\2022-2023\2022-2023_Catalog.docx,13,CANONICAL
2022-2023,COMPONENT_AREA_OPTION_CORE,MATH 1332,data\raw\catalogs\2022-2023\2022-2023_Catalog.docx,13,CANONICAL
2022-2023,COMPONENT_AREA_OPTION_CORE,MATH 1342,data\raw\catalogs\2022-2023\2022-2023_Catalog.docx,13,CANONICAL
2022-2023,COMPONENT_AREA_OPTION_CORE,MATH 1350,data\raw\catalogs\2022-2023\2022-2023_Catalog.docx,13,CANONICAL
2022-2023,COMPONENT_AREA_OPTION_CORE,MATH 1351,data\raw\catalogs\2022-2023\2022-2023_Catalog.docx,13,CANONICAL
2022-2023,COMPONENT_AREA_OPTION_CORE,MATH 2312,data\raw\catalogs\2022-2023\2022-2023_Catalog.docx,13,CANONICAL
2022-2023,COMPONENT_AREA_OPTION_CORE,MATH 2413,data\raw\catalogs\2022-2023\2022-2023_Catalog.docx,13,CANONICAL
2022-2023,COMPONENT_AREA_OPTION_CORE,MATH 2414,data\raw\catalogs\2022-2023\2022-2023_Catalog.docx,13,CANONICAL
2022-2023,COMPONENT_AREA_OPTION_CORE,PHYS 1401,data\raw\catalogs\2022-2023\2022-2023_Catalog.docx,13,CANONICAL
2022-2023,COMPONENT_AREA_OPTION_CORE,PHYS 1405,data\raw\catalogs\2022-2023\2022-2023_Catalog.docx,13,CANONICAL
2022-2023,COMPONENT_AREA_OPTION_CORE,PHYS 1407,data\raw\catalogs\2022-2023\2022-2023_Catalog.docx,13,CANONICAL
2022-2023,COMPONENT_AREA_OPTION_CORE,PHYS 2425,data\raw\catalogs\2022-2023\2022-2023_Catalog.docx,13,CANONICAL
2022-2023,COMPONENT_AREA_OPTION_CORE,PHYS 2426,data\raw\catalogs\2022-2023\2022-2023_Catalog.docx,13,CANONICAL
2022-2023,COMPONENT_AREA_OPTION_CORE,PSYC 1300,data\raw\catalogs\2022-2023\2022-2023_Catalog.docx,13,CANONICAL
2022-2023,COMPONENT_AREA_OPTION_CORE,PSYC 2301,data\raw\catalogs\2022-2023\2022-2023_Catalog.docx,13,CANONICAL
2022-2023,COMPONENT_AREA_OPTION_CORE,PSYC 2314,data\raw\catalogs\2022-2023\2022-2023_Catalog.docx,13,CANONICAL
2022-2023,COMPONENT_AREA_OPTION_CORE,SOCI 1301,data\raw\catalogs\2022-2023\2022-2023_Catalog.docx,13,CANONICAL
2022-2023,COMPONENT_AREA_OPTION_CORE,SOCI 1306,data\raw\catalogs\2022-2023\2022-2023_Catalog.docx,13,CANONICAL
2022-2023,COMPONENT_AREA_OPTION_CORE,SOCI 2301,data\raw\catalogs\2022-2023\2022-2023_Catalog.docx,13,CANONICAL
2022-2023,COMPONENT_AREA_OPTION_CORE,SPCH 1311,data\raw\catalogs\2022-2023\2022-2023_Catalog.docx,13,CANONICAL
2022-2023,COMPONENT_AREA_OPTION_CORE,SPCH 1315,data\raw\catalogs\2022-2023\2022-2023_Catalog.docx,13,CANONICAL
2022-2023,COMPONENT_AREA_OPTION_CORE,SPCH 1318,data\raw\catalogs\2022-2023\2022-2023_Catalog.docx,13,CANONICAL
2022-2023,COMPONENT_AREA_OPTION_CORE,SPCH 1321,data\raw\catalogs\2022-2023\2022-2023_Catalog.docx,13,CANONICAL
2022-2023,CREATIVE_ARTS_CORE,ARTS 1301,data\raw\catalogs\2022-2023\2022-2023_Catalog.docx,13,CANONICAL
2022-2023,CREATIVE_ARTS_CORE,DRAM 1310,data\raw\catalogs\2022-2023\2022-2023_Catalog.docx,13,CANONICAL
2022-2023,CREATIVE_ARTS_CORE,MUSI 1306,data\raw\catalogs\2022-2023\2022-2023_Catalog.docx,13,CANONICAL
2022-2023,CREATIVE_ARTS_CORE_ARTS_CORE,ARTS 1301,data\raw\catalogs\2022-2023\2022-2023_Catalog.docx,,CONTROLLED_ALIAS
2022-2023,CREATIVE_ARTS_CORE_ARTS_CORE,DRAM 1310,data\raw\catalogs\2022-2023\2022-2023_Catalog.docx,,CONTROLLED_ALIAS
2022-2023,CREATIVE_ARTS_CORE_ARTS_CORE,MUSI 1306,data\raw\catalogs\2022-2023\2022-2023_Catalog.docx,,CONTROLLED_ALIAS
2022-2023,GOVERNMENT_POLITICAL_SCIENCE_CORE,GOVT 2305,data\raw\catalogs\2022-2023\2022-2023_Catalog.docx,13,CANONICAL
2022-2023,GOVERNMENT_POLITICAL_SCIENCE_CORE,GOVT 2306,data\raw\catalogs\2022-2023\2022-2023_Catalog.docx,13,CANONICAL
2022-2023,LANGUAGE_AND_PHILOSOPHY_OR_CREATIVE_ARTS,ARTS 1301,data\raw\catalogs\2022-2023\2022-2023_Catalog.docx,,CONTROLLED_ALIAS
2022-2023,LANGUAGE_AND_PHILOSOPHY_OR_CREATIVE_ARTS,DRAM 1310,data\raw\catalogs\2022-2023\2022-2023_Catalog.docx,,CONTROLLED_ALIAS
2022-2023,LANGUAGE_AND_PHILOSOPHY_OR_CREATIVE_ARTS,ENGL 2322,data\raw\catalogs\2022-2023\2022-2023_Catalog.docx,,CONTROLLED_ALIAS
2022-2023,LANGUAGE_AND_PHILOSOPHY_OR_CREATIVE_ARTS,ENGL 2323,data\raw\catalogs\2022-2023\2022-2023_Catalog.docx,,CONTROLLED_ALIAS
2022-2023,LANGUAGE_AND_PHILOSOPHY_OR_CREATIVE_ARTS,ENGL 2326,data\raw\catalogs\2022-2023\2022-2023_Catalog.docx,,CONTROLLED_ALIAS
2022-2023,LANGUAGE_AND_PHILOSOPHY_OR_CREATIVE_ARTS,ENGL 2331,data\raw\catalogs\2022-2023\2022-2023_Catalog.docx,,CONTROLLED_ALIAS
2022-2023,LANGUAGE_AND_PHILOSOPHY_OR_CREATIVE_ARTS,ENGL 2341,data\raw\catalogs\2022-2023\2022-2023_Catalog.docx,,CONTROLLED_ALIAS
2022-2023,LANGUAGE_AND_PHILOSOPHY_OR_CREATIVE_ARTS,HIST 2321,data\raw\catalogs\2022-2023\2022-2023_Catalog.docx,,CONTROLLED_ALIAS
2022-2023,LANGUAGE_AND_PHILOSOPHY_OR_CREATIVE_ARTS,HIST 2322,data\raw\catalogs\2022-2023\2022-2023_Catalog.docx,,CONTROLLED_ALIAS
2022-2023,LANGUAGE_AND_PHILOSOPHY_OR_CREATIVE_ARTS,HUMA 1315,data\raw\catalogs\2022-2023\2022-2023_Catalog.docx,,CONTROLLED_ALIAS
2022-2023,LANGUAGE_AND_PHILOSOPHY_OR_CREATIVE_ARTS,MUSI 1306,data\raw\catalogs\2022-2023\2022-2023_Catalog.docx,,CONTROLLED_ALIAS
2022-2023,LANGUAGE_AND_PHILOSOPHY_OR_CREATIVE_ARTS,PHIL 1301,data\raw\catalogs\2022-2023\2022-2023_Catalog.docx,,CONTROLLED_ALIAS
2022-2023,LANGUAGE_AND_PHILOSOPHY_OR_CREATIVE_ARTS,SPAN 2311,data\raw\catalogs\2022-2023\2022-2023_Catalog.docx,,CONTROLLED_ALIAS
2022-2023,LANGUAGE_PHILOSOPHY_AND_CULTURE_CORE,ENGL 2322,data\raw\catalogs\2022-2023\2022-2023_Catalog.docx,13,CANONICAL
2022-2023,LANGUAGE_PHILOSOPHY_AND_CULTURE_CORE,ENGL 2323,data\raw\catalogs\2022-2023\2022-2023_Catalog.docx,13,CANONICAL
2022-2023,LANGUAGE_PHILOSOPHY_AND_CULTURE_CORE,ENGL 2326,data\raw\catalogs\2022-2023\2022-2023_Catalog.docx,13,CANONICAL
2022-2023,LANGUAGE_PHILOSOPHY_AND_CULTURE_CORE,ENGL 2331,data\raw\catalogs\2022-2023\2022-2023_Catalog.docx,13,CANONICAL
2022-2023,LANGUAGE_PHILOSOPHY_AND_CULTURE_CORE,ENGL 2341,data\raw\catalogs\2022-2023\2022-2023_Catalog.docx,13,CANONICAL
2022-2023,LANGUAGE_PHILOSOPHY_AND_CULTURE_CORE,HIST 2321,data\raw\catalogs\2022-2023\2022-2023_Catalog.docx,13,CANONICAL
2022-2023,LANGUAGE_PHILOSOPHY_AND_CULTURE_CORE,HIST 2322,data\raw\catalogs\2022-2023\2022-2023_Catalog.docx,13,CANONICAL
2022-2023,LANGUAGE_PHILOSOPHY_AND_CULTURE_CORE,HUMA 1315,data\raw\catalogs\2022-2023\2022-2023_Catalog.docx,13,CANONICAL
2022-2023,LANGUAGE_PHILOSOPHY_AND_CULTURE_CORE,PHIL 1301,data\raw\catalogs\2022-2023\2022-2023_Catalog.docx,13,CANONICAL
2022-2023,LANGUAGE_PHILOSOPHY_AND_CULTURE_CORE,SPAN 2311,data\raw\catalogs\2022-2023\2022-2023_Catalog.docx,13,CANONICAL
2022-2023,LANGUAGE_PHILOSOPHY_AND_CULTURE_CORE_040_OR_CREATIVE_ARTS_CORE_050,ARTS 1301,data\raw\catalogs\2022-2023\2022-2023_Catalog.docx,,CONTROLLED_ALIAS
2022-2023,LANGUAGE_PHILOSOPHY_AND_CULTURE_CORE_040_OR_CREATIVE_ARTS_CORE_050,DRAM 1310,data\raw\catalogs\2022-2023\2022-2023_Catalog.docx,,CONTROLLED_ALIAS
2022-2023,LANGUAGE_PHILOSOPHY_AND_CULTURE_CORE_040_OR_CREATIVE_ARTS_CORE_050,ENGL 2322,data\raw\catalogs\2022-2023\2022-2023_Catalog.docx,,CONTROLLED_ALIAS
2022-2023,LANGUAGE_PHILOSOPHY_AND_CULTURE_CORE_040_OR_CREATIVE_ARTS_CORE_050,ENGL 2323,data\raw\catalogs\2022-2023\2022-2023_Catalog.docx,,CONTROLLED_ALIAS
2022-2023,LANGUAGE_PHILOSOPHY_AND_CULTURE_CORE_040_OR_CREATIVE_ARTS_CORE_050,ENGL 2326,data\raw\catalogs\2022-2023\2022-2023_Catalog.docx,,CONTROLLED_ALIAS
2022-2023,LANGUAGE_PHILOSOPHY_AND_CULTURE_CORE_040_OR_CREATIVE_ARTS_CORE_050,ENGL 2331,data\raw\catalogs\2022-2023\2022-2023_Catalog.docx,,CONTROLLED_ALIAS
2022-2023,LANGUAGE_PHILOSOPHY_AND_CULTURE_CORE_040_OR_CREATIVE_ARTS_CORE_050,ENGL 2341,data\raw\catalogs\2022-2023\2022-2023_Catalog.docx,,CONTROLLED_ALIAS
2022-2023,LANGUAGE_PHILOSOPHY_AND_CULTURE_CORE_040_OR_CREATIVE_ARTS_CORE_050,HIST 2321,data\raw\catalogs\2022-2023\2022-2023_Catalog.docx,,CONTROLLED_ALIAS
2022-2023,LANGUAGE_PHILOSOPHY_AND_CULTURE_CORE_040_OR_CREATIVE_ARTS_CORE_050,HIST 2322,data\raw\catalogs\2022-2023\2022-2023_Catalog.docx,,CONTROLLED_ALIAS
2022-2023,LANGUAGE_PHILOSOPHY_AND_CULTURE_CORE_040_OR_CREATIVE_ARTS_CORE_050,HUMA 1315,data\raw\catalogs\2022-2023\2022-2023_Catalog.docx,,CONTROLLED_ALIAS
2022-2023,LANGUAGE_PHILOSOPHY_AND_CULTURE_CORE_040_OR_CREATIVE_ARTS_CORE_050,MUSI 1306,data\raw\catalogs\2022-2023\2022-2023_Catalog.docx,,CONTROLLED_ALIAS
2022-2023,LANGUAGE_PHILOSOPHY_AND_CULTURE_CORE_040_OR_CREATIVE_ARTS_CORE_050,PHIL 1301,data\raw\catalogs\2022-2023\2022-2023_Catalog.docx,,CONTROLLED_ALIAS
2022-2023,LANGUAGE_PHILOSOPHY_AND_CULTURE_CORE_040_OR_CREATIVE_ARTS_CORE_050,SPAN 2311,data\raw\catalogs\2022-2023\2022-2023_Catalog.docx,,CONTROLLED_ALIAS
2022-2023,LANGUAGE_PHILOSOPHY_AND_CULTURE_CORE_OR_CREATIVE_ARTS_CORE,ARTS 1301,data\raw\catalogs\2022-2023\2022-2023_Catalog.docx,,CONTROLLED_ALIAS
2022-2023,LANGUAGE_PHILOSOPHY_AND_CULTURE_CORE_OR_CREATIVE_ARTS_CORE,DRAM 1310,data\raw\catalogs\2022-2023\2022-2023_Catalog.docx,,CONTROLLED_ALIAS
2022-2023,LANGUAGE_PHILOSOPHY_AND_CULTURE_CORE_OR_CREATIVE_ARTS_CORE,ENGL 2322,data\raw\catalogs\2022-2023\2022-2023_Catalog.docx,,CONTROLLED_ALIAS
2022-2023,LANGUAGE_PHILOSOPHY_AND_CULTURE_CORE_OR_CREATIVE_ARTS_CORE,ENGL 2323,data\raw\catalogs\2022-2023\2022-2023_Catalog.docx,,CONTROLLED_ALIAS
2022-2023,LANGUAGE_PHILOSOPHY_AND_CULTURE_CORE_OR_CREATIVE_ARTS_CORE,ENGL 2326,data\raw\catalogs\2022-2023\2022-2023_Catalog.docx,,CONTROLLED_ALIAS
2022-2023,LANGUAGE_PHILOSOPHY_AND_CULTURE_CORE_OR_CREATIVE_ARTS_CORE,ENGL 2331,data\raw\catalogs\2022-2023\2022-2023_Catalog.docx,,CONTROLLED_ALIAS
2022-2023,LANGUAGE_PHILOSOPHY_AND_CULTURE_CORE_OR_CREATIVE_ARTS_CORE,ENGL 2341,data\raw\catalogs\2022-2023\2022-2023_Catalog.docx,,CONTROLLED_ALIAS
2022-2023,LANGUAGE_PHILOSOPHY_AND_CULTURE_CORE_OR_CREATIVE_ARTS_CORE,HIST 2321,data\raw\catalogs\2022-2023\2022-2023_Catalog.docx,,CONTROLLED_ALIAS
2022-2023,LANGUAGE_PHILOSOPHY_AND_CULTURE_CORE_OR_CREATIVE_ARTS_CORE,HIST 2322,data\raw\catalogs\2022-2023\2022-2023_Catalog.docx,,CONTROLLED_ALIAS
2022-2023,LANGUAGE_PHILOSOPHY_AND_CULTURE_CORE_OR_CREATIVE_ARTS_CORE,HUMA 1315,data\raw\catalogs\2022-2023\2022-2023_Catalog.docx,,CONTROLLED_ALIAS
2022-2023,LANGUAGE_PHILOSOPHY_AND_CULTURE_CORE_OR_CREATIVE_ARTS_CORE,MUSI 1306,data\raw\catalogs\2022-2023\2022-2023_Catalog.docx,,CONTROLLED_ALIAS
2022-2023,LANGUAGE_PHILOSOPHY_AND_CULTURE_CORE_OR_CREATIVE_ARTS_CORE,PHIL 1301,data\raw\catalogs\2022-2023\2022-2023_Catalog.docx,,CONTROLLED_ALIAS
2022-2023,LANGUAGE_PHILOSOPHY_AND_CULTURE_CORE_OR_CREATIVE_ARTS_CORE,SPAN 2311,data\raw\catalogs\2022-2023\2022-2023_Catalog.docx,,CONTROLLED_ALIAS
2022-2023,LANGUAGE_PHILOSOPHY_AND_CULTURE_OR_CREATIVE_ARTS,ARTS 1301,data\raw\catalogs\2022-2023\2022-2023_Catalog.docx,,CONTROLLED_ALIAS
2022-2023,LANGUAGE_PHILOSOPHY_AND_CULTURE_OR_CREATIVE_ARTS,DRAM 1310,data\raw\catalogs\2022-2023\2022-2023_Catalog.docx,,CONTROLLED_ALIAS
2022-2023,LANGUAGE_PHILOSOPHY_AND_CULTURE_OR_CREATIVE_ARTS,ENGL 2322,data\raw\catalogs\2022-2023\2022-2023_Catalog.docx,,CONTROLLED_ALIAS
2022-2023,LANGUAGE_PHILOSOPHY_AND_CULTURE_OR_CREATIVE_ARTS,ENGL 2323,data\raw\catalogs\2022-2023\2022-2023_Catalog.docx,,CONTROLLED_ALIAS
2022-2023,LANGUAGE_PHILOSOPHY_AND_CULTURE_OR_CREATIVE_ARTS,ENGL 2326,data\raw\catalogs\2022-2023\2022-2023_Catalog.docx,,CONTROLLED_ALIAS
2022-2023,LANGUAGE_PHILOSOPHY_AND_CULTURE_OR_CREATIVE_ARTS,ENGL 2331,data\raw\catalogs\2022-2023\2022-2023_Catalog.docx,,CONTROLLED_ALIAS
2022-2023,LANGUAGE_PHILOSOPHY_AND_CULTURE_OR_CREATIVE_ARTS,ENGL 2341,data\raw\catalogs\2022-2023\2022-2023_Catalog.docx,,CONTROLLED_ALIAS
2022-2023,LANGUAGE_PHILOSOPHY_AND_CULTURE_OR_CREATIVE_ARTS,HIST 2321,data\raw\catalogs\2022-2023\2022-2023_Catalog.docx,,CONTROLLED_ALIAS
2022-2023,LANGUAGE_PHILOSOPHY_AND_CULTURE_OR_CREATIVE_ARTS,HIST 2322,data\raw\catalogs\2022-2023\2022-2023_Catalog.docx,,CONTROLLED_ALIAS
2022-2023,LANGUAGE_PHILOSOPHY_AND_CULTURE_OR_CREATIVE_ARTS,HUMA 1315,data\raw\catalogs\2022-2023\2022-2023_Catalog.docx,,CONTROLLED_ALIAS
2022-2023,LANGUAGE_PHILOSOPHY_AND_CULTURE_OR_CREATIVE_ARTS,MUSI 1306,data\raw\catalogs\2022-2023\2022-2023_Catalog.docx,,CONTROLLED_ALIAS
2022-2023,LANGUAGE_PHILOSOPHY_AND_CULTURE_OR_CREATIVE_ARTS,PHIL 1301,data\raw\catalogs\2022-2023\2022-2023_Catalog.docx,,CONTROLLED_ALIAS
2022-2023,LANGUAGE_PHILOSOPHY_AND_CULTURE_OR_CREATIVE_ARTS,SPAN 2311,data\raw\catalogs\2022-2023\2022-2023_Catalog.docx,,CONTROLLED_ALIAS
2022-2023,LANGUAGE_PHILOSOPHY_AND_CULTURE_OR_CREATIVE_ARTS_CORE,ARTS 1301,data\raw\catalogs\2022-2023\2022-2023_Catalog.docx,,CONTROLLED_ALIAS
2022-2023,LANGUAGE_PHILOSOPHY_AND_CULTURE_OR_CREATIVE_ARTS_CORE,DRAM 1310,data\raw\catalogs\2022-2023\2022-2023_Catalog.docx,,CONTROLLED_ALIAS
2022-2023,LANGUAGE_PHILOSOPHY_AND_CULTURE_OR_CREATIVE_ARTS_CORE,ENGL 2322,data\raw\catalogs\2022-2023\2022-2023_Catalog.docx,,CONTROLLED_ALIAS
2022-2023,LANGUAGE_PHILOSOPHY_AND_CULTURE_OR_CREATIVE_ARTS_CORE,ENGL 2323,data\raw\catalogs\2022-2023\2022-2023_Catalog.docx,,CONTROLLED_ALIAS
2022-2023,LANGUAGE_PHILOSOPHY_AND_CULTURE_OR_CREATIVE_ARTS_CORE,ENGL 2326,data\raw\catalogs\2022-2023\2022-2023_Catalog.docx,,CONTROLLED_ALIAS
2022-2023,LANGUAGE_PHILOSOPHY_AND_CULTURE_OR_CREATIVE_ARTS_CORE,ENGL 2331,data\raw\catalogs\2022-2023\2022-2023_Catalog.docx,,CONTROLLED_ALIAS
2022-2023,LANGUAGE_PHILOSOPHY_AND_CULTURE_OR_CREATIVE_ARTS_CORE,ENGL 2341,data\raw\catalogs\2022-2023\2022-2023_Catalog.docx,,CONTROLLED_ALIAS
2022-2023,LANGUAGE_PHILOSOPHY_AND_CULTURE_OR_CREATIVE_ARTS_CORE,HIST 2321,data\raw\catalogs\2022-2023\2022-2023_Catalog.docx,,CONTROLLED_ALIAS
2022-2023,LANGUAGE_PHILOSOPHY_AND_CULTURE_OR_CREATIVE_ARTS_CORE,HIST 2322,data\raw\catalogs\2022-2023\2022-2023_Catalog.docx,,CONTROLLED_ALIAS
2022-2023,LANGUAGE_PHILOSOPHY_AND_CULTURE_OR_CREATIVE_ARTS_CORE,HUMA 1315,data\raw\catalogs\2022-2023\2022-2023_Catalog.docx,,CONTROLLED_ALIAS
2022-2023,LANGUAGE_PHILOSOPHY_AND_CULTURE_OR_CREATIVE_ARTS_CORE,MUSI 1306,data\raw\catalogs\2022-2023\2022-2023_Catalog.docx,,CONTROLLED_ALIAS
2022-2023,LANGUAGE_PHILOSOPHY_AND_CULTURE_OR_CREATIVE_ARTS_CORE,PHIL 1301,data\raw\catalogs\2022-2023\2022-2023_Catalog.docx,,CONTROLLED_ALIAS
2022-2023,LANGUAGE_PHILOSOPHY_AND_CULTURE_OR_CREATIVE_ARTS_CORE,SPAN 2311,data\raw\catalogs\2022-2023\2022-2023_Catalog.docx,,CONTROLLED_ALIAS
2022-2023,LANGUAGE_PHILOSOPHY_AND_CULTURE_OR_FINE_ARTS,ARTS 1301,data\raw\catalogs\2022-2023\2022-2023_Catalog.docx,,CONTROLLED_ALIAS
2022-2023,LANGUAGE_PHILOSOPHY_AND_CULTURE_OR_FINE_ARTS,DRAM 1310,data\raw\catalogs\2022-2023\2022-2023_Catalog.docx,,CONTROLLED_ALIAS
2022-2023,LANGUAGE_PHILOSOPHY_AND_CULTURE_OR_FINE_ARTS,ENGL 2322,data\raw\catalogs\2022-2023\2022-2023_Catalog.docx,,CONTROLLED_ALIAS
2022-2023,LANGUAGE_PHILOSOPHY_AND_CULTURE_OR_FINE_ARTS,ENGL 2323,data\raw\catalogs\2022-2023\2022-2023_Catalog.docx,,CONTROLLED_ALIAS
2022-2023,LANGUAGE_PHILOSOPHY_AND_CULTURE_OR_FINE_ARTS,ENGL 2326,data\raw\catalogs\2022-2023\2022-2023_Catalog.docx,,CONTROLLED_ALIAS
2022-2023,LANGUAGE_PHILOSOPHY_AND_CULTURE_OR_FINE_ARTS,ENGL 2331,data\raw\catalogs\2022-2023\2022-2023_Catalog.docx,,CONTROLLED_ALIAS
2022-2023,LANGUAGE_PHILOSOPHY_AND_CULTURE_OR_FINE_ARTS,ENGL 2341,data\raw\catalogs\2022-2023\2022-2023_Catalog.docx,,CONTROLLED_ALIAS
2022-2023,LANGUAGE_PHILOSOPHY_AND_CULTURE_OR_FINE_ARTS,HIST 2321,data\raw\catalogs\2022-2023\2022-2023_Catalog.docx,,CONTROLLED_ALIAS
2022-2023,LANGUAGE_PHILOSOPHY_AND_CULTURE_OR_FINE_ARTS,HIST 2322,data\raw\catalogs\2022-2023\2022-2023_Catalog.docx,,CONTROLLED_ALIAS
2022-2023,LANGUAGE_PHILOSOPHY_AND_CULTURE_OR_FINE_ARTS,HUMA 1315,data\raw\catalogs\2022-2023\2022-2023_Catalog.docx,,CONTROLLED_ALIAS
2022-2023,LANGUAGE_PHILOSOPHY_AND_CULTURE_OR_FINE_ARTS,MUSI 1306,data\raw\catalogs\2022-2023\2022-2023_Catalog.docx,,CONTROLLED_ALIAS
2022-2023,LANGUAGE_PHILOSOPHY_AND_CULTURE_OR_FINE_ARTS,PHIL 1301,data\raw\catalogs\2022-2023\2022-2023_Catalog.docx,,CONTROLLED_ALIAS
2022-2023,LANGUAGE_PHILOSOPHY_AND_CULTURE_OR_FINE_ARTS,SPAN 2311,data\raw\catalogs\2022-2023\2022-2023_Catalog.docx,,CONTROLLED_ALIAS
2022-2023,LANGUAGE_PHILOSOPHY_CULTURE_OR_CREATIVE_ARTS,ARTS 1301,data\raw\catalogs\2022-2023\2022-2023_Catalog.docx,,CONTROLLED_ALIAS
2022-2023,LANGUAGE_PHILOSOPHY_CULTURE_OR_CREATIVE_ARTS,DRAM 1310,data\raw\catalogs\2022-2023\2022-2023_Catalog.docx,,CONTROLLED_ALIAS
2022-2023,LANGUAGE_PHILOSOPHY_CULTURE_OR_CREATIVE_ARTS,ENGL 2322,data\raw\catalogs\2022-2023\2022-2023_Catalog.docx,,CONTROLLED_ALIAS
2022-2023,LANGUAGE_PHILOSOPHY_CULTURE_OR_CREATIVE_ARTS,ENGL 2323,data\raw\catalogs\2022-2023\2022-2023_Catalog.docx,,CONTROLLED_ALIAS
2022-2023,LANGUAGE_PHILOSOPHY_CULTURE_OR_CREATIVE_ARTS,ENGL 2326,data\raw\catalogs\2022-2023\2022-2023_Catalog.docx,,CONTROLLED_ALIAS
2022-2023,LANGUAGE_PHILOSOPHY_CULTURE_OR_CREATIVE_ARTS,ENGL 2331,data\raw\catalogs\2022-2023\2022-2023_Catalog.docx,,CONTROLLED_ALIAS
2022-2023,LANGUAGE_PHILOSOPHY_CULTURE_OR_CREATIVE_ARTS,ENGL 2341,data\raw\catalogs\2022-2023\2022-2023_Catalog.docx,,CONTROLLED_ALIAS
2022-2023,LANGUAGE_PHILOSOPHY_CULTURE_OR_CREATIVE_ARTS,HIST 2321,data\raw\catalogs\2022-2023\2022-2023_Catalog.docx,,CONTROLLED_ALIAS
2022-2023,LANGUAGE_PHILOSOPHY_CULTURE_OR_CREATIVE_ARTS,HIST 2322,data\raw\catalogs\2022-2023\2022-2023_Catalog.docx,,CONTROLLED_ALIAS
2022-2023,LANGUAGE_PHILOSOPHY_CULTURE_OR_CREATIVE_ARTS,HUMA 1315,data\raw\catalogs\2022-2023\2022-2023_Catalog.docx,,CONTROLLED_ALIAS
2022-2023,LANGUAGE_PHILOSOPHY_CULTURE_OR_CREATIVE_ARTS,MUSI 1306,data\raw\catalogs\2022-2023\2022-2023_Catalog.docx,,CONTROLLED_ALIAS
2022-2023,LANGUAGE_PHILOSOPHY_CULTURE_OR_CREATIVE_ARTS,PHIL 1301,data\raw\catalogs\2022-2023\2022-2023_Catalog.docx,,CONTROLLED_ALIAS
2022-2023,LANGUAGE_PHILOSOPHY_CULTURE_OR_CREATIVE_ARTS,SPAN 2311,data\raw\catalogs\2022-2023\2022-2023_Catalog.docx,,CONTROLLED_ALIAS
2022-2023,LANG_PHIL_CULTURE_OR_CREATIVE_ARTS,ARTS 1301,data\raw\catalogs\2022-2023\2022-2023_Catalog.docx,,CONTROLLED_ALIAS
2022-2023,LANG_PHIL_CULTURE_OR_CREATIVE_ARTS,DRAM 1310,data\raw\catalogs\2022-2023\2022-2023_Catalog.docx,,CONTROLLED_ALIAS
2022-2023,LANG_PHIL_CULTURE_OR_CREATIVE_ARTS,ENGL 2322,data\raw\catalogs\2022-2023\2022-2023_Catalog.docx,,CONTROLLED_ALIAS
2022-2023,LANG_PHIL_CULTURE_OR_CREATIVE_ARTS,ENGL 2323,data\raw\catalogs\2022-2023\2022-2023_Catalog.docx,,CONTROLLED_ALIAS
2022-2023,LANG_PHIL_CULTURE_OR_CREATIVE_ARTS,ENGL 2326,data\raw\catalogs\2022-2023\2022-2023_Catalog.docx,,CONTROLLED_ALIAS
2022-2023,LANG_PHIL_CULTURE_OR_CREATIVE_ARTS,ENGL 2331,data\raw\catalogs\2022-2023\2022-2023_Catalog.docx,,CONTROLLED_ALIAS
2022-2023,LANG_PHIL_CULTURE_OR_CREATIVE_ARTS,ENGL 2341,data\raw\catalogs\2022-2023\2022-2023_Catalog.docx,,CONTROLLED_ALIAS
2022-2023,LANG_PHIL_CULTURE_OR_CREATIVE_ARTS,HIST 2321,data\raw\catalogs\2022-2023\2022-2023_Catalog.docx,,CONTROLLED_ALIAS
2022-2023,LANG_PHIL_CULTURE_OR_CREATIVE_ARTS,HIST 2322,data\raw\catalogs\2022-2023\2022-2023_Catalog.docx,,CONTROLLED_ALIAS
2022-2023,LANG_PHIL_CULTURE_OR_CREATIVE_ARTS,HUMA 1315,data\raw\catalogs\2022-2023\2022-2023_Catalog.docx,,CONTROLLED_ALIAS
2022-2023,LANG_PHIL_CULTURE_OR_CREATIVE_ARTS,MUSI 1306,data\raw\catalogs\2022-2023\2022-2023_Catalog.docx,,CONTROLLED_ALIAS
2022-2023,LANG_PHIL_CULTURE_OR_CREATIVE_ARTS,PHIL 1301,data\raw\catalogs\2022-2023\2022-2023_Catalog.docx,,CONTROLLED_ALIAS
2022-2023,LANG_PHIL_CULTURE_OR_CREATIVE_ARTS,SPAN 2311,data\raw\catalogs\2022-2023\2022-2023_Catalog.docx,,CONTROLLED_ALIAS
2022-2023,LIFE_AND_PHYSICAL_SCIENCE,BIOL 1406,data\raw\catalogs\2022-2023\2022-2023_Catalog.docx,,CONTROLLED_ALIAS
2022-2023,LIFE_AND_PHYSICAL_SCIENCE,BIOL 1407,data\raw\catalogs\2022-2023\2022-2023_Catalog.docx,,CONTROLLED_ALIAS
2022-2023,LIFE_AND_PHYSICAL_SCIENCE,BIOL 1408,data\raw\catalogs\2022-2023\2022-2023_Catalog.docx,,CONTROLLED_ALIAS
2022-2023,LIFE_AND_PHYSICAL_SCIENCE,BIOL 1409,data\raw\catalogs\2022-2023\2022-2023_Catalog.docx,,CONTROLLED_ALIAS
2022-2023,LIFE_AND_PHYSICAL_SCIENCE,BIOL 1411,data\raw\catalogs\2022-2023\2022-2023_Catalog.docx,,CONTROLLED_ALIAS
2022-2023,LIFE_AND_PHYSICAL_SCIENCE,BIOL 1413,data\raw\catalogs\2022-2023\2022-2023_Catalog.docx,,CONTROLLED_ALIAS
2022-2023,LIFE_AND_PHYSICAL_SCIENCE,BIOL 2401,data\raw\catalogs\2022-2023\2022-2023_Catalog.docx,,CONTROLLED_ALIAS
2022-2023,LIFE_AND_PHYSICAL_SCIENCE,BIOL 2402,data\raw\catalogs\2022-2023\2022-2023_Catalog.docx,,CONTROLLED_ALIAS
2022-2023,LIFE_AND_PHYSICAL_SCIENCE,BIOL 2406,data\raw\catalogs\2022-2023\2022-2023_Catalog.docx,,CONTROLLED_ALIAS
2022-2023,LIFE_AND_PHYSICAL_SCIENCE,CHEM 1406,data\raw\catalogs\2022-2023\2022-2023_Catalog.docx,,CONTROLLED_ALIAS
2022-2023,LIFE_AND_PHYSICAL_SCIENCE,CHEM 1407,data\raw\catalogs\2022-2023\2022-2023_Catalog.docx,,CONTROLLED_ALIAS
2022-2023,LIFE_AND_PHYSICAL_SCIENCE,CHEM 1411,data\raw\catalogs\2022-2023\2022-2023_Catalog.docx,,CONTROLLED_ALIAS
2022-2023,LIFE_AND_PHYSICAL_SCIENCE,CHEM 1412,data\raw\catalogs\2022-2023\2022-2023_Catalog.docx,,CONTROLLED_ALIAS
2022-2023,LIFE_AND_PHYSICAL_SCIENCE,GEOL 1403,data\raw\catalogs\2022-2023\2022-2023_Catalog.docx,,CONTROLLED_ALIAS
2022-2023,LIFE_AND_PHYSICAL_SCIENCE,PHYS 1401,data\raw\catalogs\2022-2023\2022-2023_Catalog.docx,,CONTROLLED_ALIAS
2022-2023,LIFE_AND_PHYSICAL_SCIENCE,PHYS 1405,data\raw\catalogs\2022-2023\2022-2023_Catalog.docx,,CONTROLLED_ALIAS
2022-2023,LIFE_AND_PHYSICAL_SCIENCE,PHYS 1407,data\raw\catalogs\2022-2023\2022-2023_Catalog.docx,,CONTROLLED_ALIAS
2022-2023,LIFE_AND_PHYSICAL_SCIENCE,PHYS 2425,data\raw\catalogs\2022-2023\2022-2023_Catalog.docx,,CONTROLLED_ALIAS
2022-2023,LIFE_AND_PHYSICAL_SCIENCE,PHYS 2426,data\raw\catalogs\2022-2023\2022-2023_Catalog.docx,,CONTROLLED_ALIAS
2022-2023,LIFE_AND_PHYSICAL_SCIENCES_CORE,BIOL 1406,data\raw\catalogs\2022-2023\2022-2023_Catalog.docx,13,CANONICAL
2022-2023,LIFE_AND_PHYSICAL_SCIENCES_CORE,BIOL 1407,data\raw\catalogs\2022-2023\2022-2023_Catalog.docx,13,CANONICAL
2022-2023,LIFE_AND_PHYSICAL_SCIENCES_CORE,BIOL 1408,data\raw\catalogs\2022-2023\2022-2023_Catalog.docx,13,CANONICAL
2022-2023,LIFE_AND_PHYSICAL_SCIENCES_CORE,BIOL 1409,data\raw\catalogs\2022-2023\2022-2023_Catalog.docx,13,CANONICAL
2022-2023,LIFE_AND_PHYSICAL_SCIENCES_CORE,BIOL 1411,data\raw\catalogs\2022-2023\2022-2023_Catalog.docx,13,CANONICAL
2022-2023,LIFE_AND_PHYSICAL_SCIENCES_CORE,BIOL 1413,data\raw\catalogs\2022-2023\2022-2023_Catalog.docx,13,CANONICAL
2022-2023,LIFE_AND_PHYSICAL_SCIENCES_CORE,BIOL 2401,data\raw\catalogs\2022-2023\2022-2023_Catalog.docx,13,CANONICAL
2022-2023,LIFE_AND_PHYSICAL_SCIENCES_CORE,BIOL 2402,data\raw\catalogs\2022-2023\2022-2023_Catalog.docx,13,CANONICAL
2022-2023,LIFE_AND_PHYSICAL_SCIENCES_CORE,BIOL 2406,data\raw\catalogs\2022-2023\2022-2023_Catalog.docx,13,CANONICAL
2022-2023,LIFE_AND_PHYSICAL_SCIENCES_CORE,CHEM 1406,data\raw\catalogs\2022-2023\2022-2023_Catalog.docx,13,CANONICAL
2022-2023,LIFE_AND_PHYSICAL_SCIENCES_CORE,CHEM 1407,data\raw\catalogs\2022-2023\2022-2023_Catalog.docx,13,CANONICAL
2022-2023,LIFE_AND_PHYSICAL_SCIENCES_CORE,CHEM 1411,data\raw\catalogs\2022-2023\2022-2023_Catalog.docx,13,CANONICAL
2022-2023,LIFE_AND_PHYSICAL_SCIENCES_CORE,CHEM 1412,data\raw\catalogs\2022-2023\2022-2023_Catalog.docx,13,CANONICAL
2022-2023,LIFE_AND_PHYSICAL_SCIENCES_CORE,GEOL 1403,data\raw\catalogs\2022-2023\2022-2023_Catalog.docx,13,CANONICAL
2022-2023,LIFE_AND_PHYSICAL_SCIENCES_CORE,PHYS 1401,data\raw\catalogs\2022-2023\2022-2023_Catalog.docx,13,CANONICAL
2022-2023,LIFE_AND_PHYSICAL_SCIENCES_CORE,PHYS 1405,data\raw\catalogs\2022-2023\2022-2023_Catalog.docx,13,CANONICAL
2022-2023,LIFE_AND_PHYSICAL_SCIENCES_CORE,PHYS 1407,data\raw\catalogs\2022-2023\2022-2023_Catalog.docx,13,CANONICAL
2022-2023,LIFE_AND_PHYSICAL_SCIENCES_CORE,PHYS 2425,data\raw\catalogs\2022-2023\2022-2023_Catalog.docx,13,CANONICAL
2022-2023,LIFE_AND_PHYSICAL_SCIENCES_CORE,PHYS 2426,data\raw\catalogs\2022-2023\2022-2023_Catalog.docx,13,CANONICAL
2022-2023,LIFE_AND_PHYSICAL_SCIENCE_CORE_030,BIOL 1406,data\raw\catalogs\2022-2023\2022-2023_Catalog.docx,,CONTROLLED_ALIAS
2022-2023,LIFE_AND_PHYSICAL_SCIENCE_CORE_030,BIOL 1407,data\raw\catalogs\2022-2023\2022-2023_Catalog.docx,,CONTROLLED_ALIAS
2022-2023,LIFE_AND_PHYSICAL_SCIENCE_CORE_030,BIOL 1408,data\raw\catalogs\2022-2023\2022-2023_Catalog.docx,,CONTROLLED_ALIAS
2022-2023,LIFE_AND_PHYSICAL_SCIENCE_CORE_030,BIOL 1409,data\raw\catalogs\2022-2023\2022-2023_Catalog.docx,,CONTROLLED_ALIAS
2022-2023,LIFE_AND_PHYSICAL_SCIENCE_CORE_030,BIOL 1411,data\raw\catalogs\2022-2023\2022-2023_Catalog.docx,,CONTROLLED_ALIAS
2022-2023,LIFE_AND_PHYSICAL_SCIENCE_CORE_030,BIOL 1413,data\raw\catalogs\2022-2023\2022-2023_Catalog.docx,,CONTROLLED_ALIAS
2022-2023,LIFE_AND_PHYSICAL_SCIENCE_CORE_030,BIOL 2401,data\raw\catalogs\2022-2023\2022-2023_Catalog.docx,,CONTROLLED_ALIAS
2022-2023,LIFE_AND_PHYSICAL_SCIENCE_CORE_030,BIOL 2402,data\raw\catalogs\2022-2023\2022-2023_Catalog.docx,,CONTROLLED_ALIAS
2022-2023,LIFE_AND_PHYSICAL_SCIENCE_CORE_030,BIOL 2406,data\raw\catalogs\2022-2023\2022-2023_Catalog.docx,,CONTROLLED_ALIAS
2022-2023,LIFE_AND_PHYSICAL_SCIENCE_CORE_030,CHEM 1406,data\raw\catalogs\2022-2023\2022-2023_Catalog.docx,,CONTROLLED_ALIAS
2022-2023,LIFE_AND_PHYSICAL_SCIENCE_CORE_030,CHEM 1407,data\raw\catalogs\2022-2023\2022-2023_Catalog.docx,,CONTROLLED_ALIAS
2022-2023,LIFE_AND_PHYSICAL_SCIENCE_CORE_030,CHEM 1411,data\raw\catalogs\2022-2023\2022-2023_Catalog.docx,,CONTROLLED_ALIAS
2022-2023,LIFE_AND_PHYSICAL_SCIENCE_CORE_030,CHEM 1412,data\raw\catalogs\2022-2023\2022-2023_Catalog.docx,,CONTROLLED_ALIAS
2022-2023,LIFE_AND_PHYSICAL_SCIENCE_CORE_030,GEOL 1403,data\raw\catalogs\2022-2023\2022-2023_Catalog.docx,,CONTROLLED_ALIAS
2022-2023,LIFE_AND_PHYSICAL_SCIENCE_CORE_030,PHYS 1401,data\raw\catalogs\2022-2023\2022-2023_Catalog.docx,,CONTROLLED_ALIAS
2022-2023,LIFE_AND_PHYSICAL_SCIENCE_CORE_030,PHYS 1405,data\raw\catalogs\2022-2023\2022-2023_Catalog.docx,,CONTROLLED_ALIAS
2022-2023,LIFE_AND_PHYSICAL_SCIENCE_CORE_030,PHYS 1407,data\raw\catalogs\2022-2023\2022-2023_Catalog.docx,,CONTROLLED_ALIAS
2022-2023,LIFE_AND_PHYSICAL_SCIENCE_CORE_030,PHYS 2425,data\raw\catalogs\2022-2023\2022-2023_Catalog.docx,,CONTROLLED_ALIAS
2022-2023,LIFE_AND_PHYSICAL_SCIENCE_CORE_030,PHYS 2426,data\raw\catalogs\2022-2023\2022-2023_Catalog.docx,,CONTROLLED_ALIAS
2022-2023,LIFE_OR_PHYSICAL_SCIENCE,BIOL 1406,data\raw\catalogs\2022-2023\2022-2023_Catalog.docx,,CONTROLLED_ALIAS
2022-2023,LIFE_OR_PHYSICAL_SCIENCE,BIOL 1407,data\raw\catalogs\2022-2023\2022-2023_Catalog.docx,,CONTROLLED_ALIAS
2022-2023,LIFE_OR_PHYSICAL_SCIENCE,BIOL 1408,data\raw\catalogs\2022-2023\2022-2023_Catalog.docx,,CONTROLLED_ALIAS
2022-2023,LIFE_OR_PHYSICAL_SCIENCE,BIOL 1409,data\raw\catalogs\2022-2023\2022-2023_Catalog.docx,,CONTROLLED_ALIAS
2022-2023,LIFE_OR_PHYSICAL_SCIENCE,BIOL 1411,data\raw\catalogs\2022-2023\2022-2023_Catalog.docx,,CONTROLLED_ALIAS
2022-2023,LIFE_OR_PHYSICAL_SCIENCE,BIOL 1413,data\raw\catalogs\2022-2023\2022-2023_Catalog.docx,,CONTROLLED_ALIAS
2022-2023,LIFE_OR_PHYSICAL_SCIENCE,BIOL 2401,data\raw\catalogs\2022-2023\2022-2023_Catalog.docx,,CONTROLLED_ALIAS
2022-2023,LIFE_OR_PHYSICAL_SCIENCE,BIOL 2402,data\raw\catalogs\2022-2023\2022-2023_Catalog.docx,,CONTROLLED_ALIAS
2022-2023,LIFE_OR_PHYSICAL_SCIENCE,BIOL 2406,data\raw\catalogs\2022-2023\2022-2023_Catalog.docx,,CONTROLLED_ALIAS
2022-2023,LIFE_OR_PHYSICAL_SCIENCE,CHEM 1406,data\raw\catalogs\2022-2023\2022-2023_Catalog.docx,,CONTROLLED_ALIAS
2022-2023,LIFE_OR_PHYSICAL_SCIENCE,CHEM 1407,data\raw\catalogs\2022-2023\2022-2023_Catalog.docx,,CONTROLLED_ALIAS
2022-2023,LIFE_OR_PHYSICAL_SCIENCE,CHEM 1411,data\raw\catalogs\2022-2023\2022-2023_Catalog.docx,,CONTROLLED_ALIAS
2022-2023,LIFE_OR_PHYSICAL_SCIENCE,CHEM 1412,data\raw\catalogs\2022-2023\2022-2023_Catalog.docx,,CONTROLLED_ALIAS
2022-2023,LIFE_OR_PHYSICAL_SCIENCE,GEOL 1403,data\raw\catalogs\2022-2023\2022-2023_Catalog.docx,,CONTROLLED_ALIAS
2022-2023,LIFE_OR_PHYSICAL_SCIENCE,PHYS 1401,data\raw\catalogs\2022-2023\2022-2023_Catalog.docx,,CONTROLLED_ALIAS
2022-2023,LIFE_OR_PHYSICAL_SCIENCE,PHYS 1405,data\raw\catalogs\2022-2023\2022-2023_Catalog.docx,,CONTROLLED_ALIAS
2022-2023,LIFE_OR_PHYSICAL_SCIENCE,PHYS 1407,data\raw\catalogs\2022-2023\2022-2023_Catalog.docx,,CONTROLLED_ALIAS
2022-2023,LIFE_OR_PHYSICAL_SCIENCE,PHYS 2425,data\raw\catalogs\2022-2023\2022-2023_Catalog.docx,,CONTROLLED_ALIAS
2022-2023,LIFE_OR_PHYSICAL_SCIENCE,PHYS 2426,data\raw\catalogs\2022-2023\2022-2023_Catalog.docx,,CONTROLLED_ALIAS
2022-2023,LIFE_OR_PHYSICAL_SCIENCES,BIOL 1406,data\raw\catalogs\2022-2023\2022-2023_Catalog.docx,,CONTROLLED_ALIAS
2022-2023,LIFE_OR_PHYSICAL_SCIENCES,BIOL 1407,data\raw\catalogs\2022-2023\2022-2023_Catalog.docx,,CONTROLLED_ALIAS
2022-2023,LIFE_OR_PHYSICAL_SCIENCES,BIOL 1408,data\raw\catalogs\2022-2023\2022-2023_Catalog.docx,,CONTROLLED_ALIAS
2022-2023,LIFE_OR_PHYSICAL_SCIENCES,BIOL 1409,data\raw\catalogs\2022-2023\2022-2023_Catalog.docx,,CONTROLLED_ALIAS
2022-2023,LIFE_OR_PHYSICAL_SCIENCES,BIOL 1411,data\raw\catalogs\2022-2023\2022-2023_Catalog.docx,,CONTROLLED_ALIAS
2022-2023,LIFE_OR_PHYSICAL_SCIENCES,BIOL 1413,data\raw\catalogs\2022-2023\2022-2023_Catalog.docx,,CONTROLLED_ALIAS
2022-2023,LIFE_OR_PHYSICAL_SCIENCES,BIOL 2401,data\raw\catalogs\2022-2023\2022-2023_Catalog.docx,,CONTROLLED_ALIAS
2022-2023,LIFE_OR_PHYSICAL_SCIENCES,BIOL 2402,data\raw\catalogs\2022-2023\2022-2023_Catalog.docx,,CONTROLLED_ALIAS
2022-2023,LIFE_OR_PHYSICAL_SCIENCES,BIOL 2406,data\raw\catalogs\2022-2023\2022-2023_Catalog.docx,,CONTROLLED_ALIAS
2022-2023,LIFE_OR_PHYSICAL_SCIENCES,CHEM 1406,data\raw\catalogs\2022-2023\2022-2023_Catalog.docx,,CONTROLLED_ALIAS
2022-2023,LIFE_OR_PHYSICAL_SCIENCES,CHEM 1407,data\raw\catalogs\2022-2023\2022-2023_Catalog.docx,,CONTROLLED_ALIAS
2022-2023,LIFE_OR_PHYSICAL_SCIENCES,CHEM 1411,data\raw\catalogs\2022-2023\2022-2023_Catalog.docx,,CONTROLLED_ALIAS
2022-2023,LIFE_OR_PHYSICAL_SCIENCES,CHEM 1412,data\raw\catalogs\2022-2023\2022-2023_Catalog.docx,,CONTROLLED_ALIAS
2022-2023,LIFE_OR_PHYSICAL_SCIENCES,GEOL 1403,data\raw\catalogs\2022-2023\2022-2023_Catalog.docx,,CONTROLLED_ALIAS
2022-2023,LIFE_OR_PHYSICAL_SCIENCES,PHYS 1401,data\raw\catalogs\2022-2023\2022-2023_Catalog.docx,,CONTROLLED_ALIAS
2022-2023,LIFE_OR_PHYSICAL_SCIENCES,PHYS 1405,data\raw\catalogs\2022-2023\2022-2023_Catalog.docx,,CONTROLLED_ALIAS
2022-2023,LIFE_OR_PHYSICAL_SCIENCES,PHYS 1407,data\raw\catalogs\2022-2023\2022-2023_Catalog.docx,,CONTROLLED_ALIAS
2022-2023,LIFE_OR_PHYSICAL_SCIENCES,PHYS 2425,data\raw\catalogs\2022-2023\2022-2023_Catalog.docx,,CONTROLLED_ALIAS
2022-2023,LIFE_OR_PHYSICAL_SCIENCES,PHYS 2426,data\raw\catalogs\2022-2023\2022-2023_Catalog.docx,,CONTROLLED_ALIAS
2022-2023,LIFE_SCIENCE_CORE_030,BIOL 1406,data\raw\catalogs\2022-2023\2022-2023_Catalog.docx,,CONTROLLED_ALIAS
2022-2023,LIFE_SCIENCE_CORE_030,BIOL 1407,data\raw\catalogs\2022-2023\2022-2023_Catalog.docx,,CONTROLLED_ALIAS
2022-2023,LIFE_SCIENCE_CORE_030,BIOL 1408,data\raw\catalogs\2022-2023\2022-2023_Catalog.docx,,CONTROLLED_ALIAS
2022-2023,LIFE_SCIENCE_CORE_030,BIOL 1409,data\raw\catalogs\2022-2023\2022-2023_Catalog.docx,,CONTROLLED_ALIAS
2022-2023,LIFE_SCIENCE_CORE_030,BIOL 1411,data\raw\catalogs\2022-2023\2022-2023_Catalog.docx,,CONTROLLED_ALIAS
2022-2023,LIFE_SCIENCE_CORE_030,BIOL 1413,data\raw\catalogs\2022-2023\2022-2023_Catalog.docx,,CONTROLLED_ALIAS
2022-2023,LIFE_SCIENCE_CORE_030,BIOL 2401,data\raw\catalogs\2022-2023\2022-2023_Catalog.docx,,CONTROLLED_ALIAS
2022-2023,LIFE_SCIENCE_CORE_030,BIOL 2402,data\raw\catalogs\2022-2023\2022-2023_Catalog.docx,,CONTROLLED_ALIAS
2022-2023,LIFE_SCIENCE_CORE_030,BIOL 2406,data\raw\catalogs\2022-2023\2022-2023_Catalog.docx,,CONTROLLED_ALIAS
2022-2023,MATHEMATICS_CORE,MATH 1314,data\raw\catalogs\2022-2023\2022-2023_Catalog.docx,13,CANONICAL
2022-2023,MATHEMATICS_CORE,MATH 1324,data\raw\catalogs\2022-2023\2022-2023_Catalog.docx,13,CANONICAL
2022-2023,MATHEMATICS_CORE,MATH 1332,data\raw\catalogs\2022-2023\2022-2023_Catalog.docx,13,CANONICAL
2022-2023,MATHEMATICS_CORE,MATH 1342,data\raw\catalogs\2022-2023\2022-2023_Catalog.docx,13,CANONICAL
2022-2023,MATHEMATICS_CORE,MATH 2312,data\raw\catalogs\2022-2023\2022-2023_Catalog.docx,13,CANONICAL
2022-2023,MATHEMATICS_CORE,MATH 2413,data\raw\catalogs\2022-2023\2022-2023_Catalog.docx,13,CANONICAL
2022-2023,MATHEMATICS_CORE,MATH 2414,data\raw\catalogs\2022-2023\2022-2023_Catalog.docx,13,CANONICAL
2022-2023,PHYSICAL_SCIENCE,CHEM 1406,data\raw\catalogs\2022-2023\2022-2023_Catalog.docx,,CONTROLLED_ALIAS
2022-2023,PHYSICAL_SCIENCE,CHEM 1407,data\raw\catalogs\2022-2023\2022-2023_Catalog.docx,,CONTROLLED_ALIAS
2022-2023,PHYSICAL_SCIENCE,CHEM 1411,data\raw\catalogs\2022-2023\2022-2023_Catalog.docx,,CONTROLLED_ALIAS
2022-2023,PHYSICAL_SCIENCE,CHEM 1412,data\raw\catalogs\2022-2023\2022-2023_Catalog.docx,,CONTROLLED_ALIAS
2022-2023,PHYSICAL_SCIENCE,GEOL 1403,data\raw\catalogs\2022-2023\2022-2023_Catalog.docx,,CONTROLLED_ALIAS
2022-2023,PHYSICAL_SCIENCE,PHYS 1401,data\raw\catalogs\2022-2023\2022-2023_Catalog.docx,,CONTROLLED_ALIAS
2022-2023,PHYSICAL_SCIENCE,PHYS 1405,data\raw\catalogs\2022-2023\2022-2023_Catalog.docx,,CONTROLLED_ALIAS
2022-2023,PHYSICAL_SCIENCE,PHYS 1407,data\raw\catalogs\2022-2023\2022-2023_Catalog.docx,,CONTROLLED_ALIAS
2022-2023,PHYSICAL_SCIENCE,PHYS 2425,data\raw\catalogs\2022-2023\2022-2023_Catalog.docx,,CONTROLLED_ALIAS
2022-2023,PHYSICAL_SCIENCE,PHYS 2426,data\raw\catalogs\2022-2023\2022-2023_Catalog.docx,,CONTROLLED_ALIAS
2022-2023,PHYSICAL_SCIENCE_CORE_030,CHEM 1406,data\raw\catalogs\2022-2023\2022-2023_Catalog.docx,,CONTROLLED_ALIAS
2022-2023,PHYSICAL_SCIENCE_CORE_030,CHEM 1407,data\raw\catalogs\2022-2023\2022-2023_Catalog.docx,,CONTROLLED_ALIAS
2022-2023,PHYSICAL_SCIENCE_CORE_030,CHEM 1411,data\raw\catalogs\2022-2023\2022-2023_Catalog.docx,,CONTROLLED_ALIAS
2022-2023,PHYSICAL_SCIENCE_CORE_030,CHEM 1412,data\raw\catalogs\2022-2023\2022-2023_Catalog.docx,,CONTROLLED_ALIAS
2022-2023,PHYSICAL_SCIENCE_CORE_030,GEOL 1403,data\raw\catalogs\2022-2023\2022-2023_Catalog.docx,,CONTROLLED_ALIAS
2022-2023,PHYSICAL_SCIENCE_CORE_030,PHYS 1401,data\raw\catalogs\2022-2023\2022-2023_Catalog.docx,,CONTROLLED_ALIAS
2022-2023,PHYSICAL_SCIENCE_CORE_030,PHYS 1405,data\raw\catalogs\2022-2023\2022-2023_Catalog.docx,,CONTROLLED_ALIAS
2022-2023,PHYSICAL_SCIENCE_CORE_030,PHYS 1407,data\raw\catalogs\2022-2023\2022-2023_Catalog.docx,,CONTROLLED_ALIAS
2022-2023,PHYSICAL_SCIENCE_CORE_030,PHYS 2425,data\raw\catalogs\2022-2023\2022-2023_Catalog.docx,,CONTROLLED_ALIAS
2022-2023,PHYSICAL_SCIENCE_CORE_030,PHYS 2426,data\raw\catalogs\2022-2023\2022-2023_Catalog.docx,,CONTROLLED_ALIAS
2022-2023,SOCIAL_AND_BEHAVIORAL_SCIENCE_CORE,ECON 2301,data\raw\catalogs\2022-2023\2022-2023_Catalog.docx,13,CANONICAL
2022-2023,SOCIAL_AND_BEHAVIORAL_SCIENCE_CORE,ECON 2302,data\raw\catalogs\2022-2023\2022-2023_Catalog.docx,13,CANONICAL
2022-2023,SOCIAL_AND_BEHAVIORAL_SCIENCE_CORE,GEOG 1401,data\raw\catalogs\2022-2023\2022-2023_Catalog.docx,13,CANONICAL
2022-2023,SOCIAL_AND_BEHAVIORAL_SCIENCE_CORE,GEOG 1402,data\raw\catalogs\2022-2023\2022-2023_Catalog.docx,13,CANONICAL
2022-2023,SOCIAL_AND_BEHAVIORAL_SCIENCE_CORE,PSYC 2301,data\raw\catalogs\2022-2023\2022-2023_Catalog.docx,13,CANONICAL
2022-2023,SOCIAL_AND_BEHAVIORAL_SCIENCE_CORE,SOCI 1301,data\raw\catalogs\2022-2023\2022-2023_Catalog.docx,13,CANONICAL
2022-2023,SOCIAL_AND_BEHAVIORAL_SCIENCE_E,ECON 2301,data\raw\catalogs\2022-2023\2022-2023_Catalog.docx,,CONTROLLED_ALIAS
2022-2023,SOCIAL_AND_BEHAVIORAL_SCIENCE_E,ECON 2302,data\raw\catalogs\2022-2023\2022-2023_Catalog.docx,,CONTROLLED_ALIAS
2022-2023,SOCIAL_AND_BEHAVIORAL_SCIENCE_E,GEOG 1401,data\raw\catalogs\2022-2023\2022-2023_Catalog.docx,,CONTROLLED_ALIAS
2022-2023,SOCIAL_AND_BEHAVIORAL_SCIENCE_E,GEOG 1402,data\raw\catalogs\2022-2023\2022-2023_Catalog.docx,,CONTROLLED_ALIAS
2022-2023,SOCIAL_AND_BEHAVIORAL_SCIENCE_E,PSYC 2301,data\raw\catalogs\2022-2023\2022-2023_Catalog.docx,,CONTROLLED_ALIAS
2022-2023,SOCIAL_AND_BEHAVIORAL_SCIENCE_E,SOCI 1301,data\raw\catalogs\2022-2023\2022-2023_Catalog.docx,,CONTROLLED_ALIAS
2022-2023,SOCIAL_BEHAVIORAL_SCIENCE,ECON 2301,data\raw\catalogs\2022-2023\2022-2023_Catalog.docx,,CONTROLLED_ALIAS
2022-2023,SOCIAL_BEHAVIORAL_SCIENCE,ECON 2302,data\raw\catalogs\2022-2023\2022-2023_Catalog.docx,,CONTROLLED_ALIAS
2022-2023,SOCIAL_BEHAVIORAL_SCIENCE,GEOG 1401,data\raw\catalogs\2022-2023\2022-2023_Catalog.docx,,CONTROLLED_ALIAS
2022-2023,SOCIAL_BEHAVIORAL_SCIENCE,GEOG 1402,data\raw\catalogs\2022-2023\2022-2023_Catalog.docx,,CONTROLLED_ALIAS
2022-2023,SOCIAL_BEHAVIORAL_SCIENCE,PSYC 2301,data\raw\catalogs\2022-2023\2022-2023_Catalog.docx,,CONTROLLED_ALIAS
2022-2023,SOCIAL_BEHAVIORAL_SCIENCE,SOCI 1301,data\raw\catalogs\2022-2023\2022-2023_Catalog.docx,,CONTROLLED_ALIAS
2022-2023,SOCIAL_BEHAVIORAL_SCIENCE_CORE,ECON 2301,data\raw\catalogs\2022-2023\2022-2023_Catalog.docx,,CONTROLLED_ALIAS
2022-2023,SOCIAL_BEHAVIORAL_SCIENCE_CORE,ECON 2302,data\raw\catalogs\2022-2023\2022-2023_Catalog.docx,,CONTROLLED_ALIAS
2022-2023,SOCIAL_BEHAVIORAL_SCIENCE_CORE,GEOG 1401,data\raw\catalogs\2022-2023\2022-2023_Catalog.docx,,CONTROLLED_ALIAS
2022-2023,SOCIAL_BEHAVIORAL_SCIENCE_CORE,GEOG 1402,data\raw\catalogs\2022-2023\2022-2023_Catalog.docx,,CONTROLLED_ALIAS
2022-2023,SOCIAL_BEHAVIORAL_SCIENCE_CORE,PSYC 2301,data\raw\catalogs\2022-2023\2022-2023_Catalog.docx,,CONTROLLED_ALIAS
2022-2023,SOCIAL_BEHAVIORAL_SCIENCE_CORE,SOCI 1301,data\raw\catalogs\2022-2023\2022-2023_Catalog.docx,,CONTROLLED_ALIAS
2022-2023,SOCIAL_BEHAVIORAL_SCIENCE_ELECTIVE,ECON 2301,data\raw\catalogs\2022-2023\2022-2023_Catalog.docx,,CONTROLLED_ALIAS
2022-2023,SOCIAL_BEHAVIORAL_SCIENCE_ELECTIVE,ECON 2302,data\raw\catalogs\2022-2023\2022-2023_Catalog.docx,,CONTROLLED_ALIAS
2022-2023,SOCIAL_BEHAVIORAL_SCIENCE_ELECTIVE,GEOG 1401,data\raw\catalogs\2022-2023\2022-2023_Catalog.docx,,CONTROLLED_ALIAS
2022-2023,SOCIAL_BEHAVIORAL_SCIENCE_ELECTIVE,GEOG 1402,data\raw\catalogs\2022-2023\2022-2023_Catalog.docx,,CONTROLLED_ALIAS
2022-2023,SOCIAL_BEHAVIORAL_SCIENCE_ELECTIVE,PSYC 2301,data\raw\catalogs\2022-2023\2022-2023_Catalog.docx,,CONTROLLED_ALIAS
2022-2023,SOCIAL_BEHAVIORAL_SCIENCE_ELECTIVE,SOCI 1301,data\raw\catalogs\2022-2023\2022-2023_Catalog.docx,,CONTROLLED_ALIAS
2023-2024,AMERICAN_HISTORY_CORE,HIST 1301,data\raw\catalogs\2023-2024\2023-2024_Catalog.docx,13,CANONICAL
2023-2024,AMERICAN_HISTORY_CORE,HIST 1302,data\raw\catalogs\2023-2024\2023-2024_Catalog.docx,13,CANONICAL
2023-2024,AMERICAN_HISTORY_CORE,HIST 2301,data\raw\catalogs\2023-2024\2023-2024_Catalog.docx,13,CANONICAL
2023-2024,COMMUNICATION_CORE,ENGL 1301,data\raw\catalogs\2023-2024\2023-2024_Catalog.docx,13,CANONICAL
2023-2024,COMMUNICATION_CORE,ENGL 1302,data\raw\catalogs\2023-2024\2023-2024_Catalog.docx,13,CANONICAL
2023-2024,COMMUNICATION_CORE,SPCH 1315,data\raw\catalogs\2023-2024\2023-2024_Catalog.docx,13,CANONICAL
2023-2024,COMMUNICATION_OR_COMPONENT_AREA_OPTION,BIOL 1406,data\raw\catalogs\2023-2024\2023-2024_Catalog.docx,,CONTROLLED_ALIAS
2023-2024,COMMUNICATION_OR_COMPONENT_AREA_OPTION,BIOL 1407,data\raw\catalogs\2023-2024\2023-2024_Catalog.docx,,CONTROLLED_ALIAS
2023-2024,COMMUNICATION_OR_COMPONENT_AREA_OPTION,BIOL 1408,data\raw\catalogs\2023-2024\2023-2024_Catalog.docx,,CONTROLLED_ALIAS
2023-2024,COMMUNICATION_OR_COMPONENT_AREA_OPTION,BIOL 1409,data\raw\catalogs\2023-2024\2023-2024_Catalog.docx,,CONTROLLED_ALIAS
2023-2024,COMMUNICATION_OR_COMPONENT_AREA_OPTION,BIOL 1411,data\raw\catalogs\2023-2024\2023-2024_Catalog.docx,,CONTROLLED_ALIAS
2023-2024,COMMUNICATION_OR_COMPONENT_AREA_OPTION,BIOL 1413,data\raw\catalogs\2023-2024\2023-2024_Catalog.docx,,CONTROLLED_ALIAS
2023-2024,COMMUNICATION_OR_COMPONENT_AREA_OPTION,BIOL 2401,data\raw\catalogs\2023-2024\2023-2024_Catalog.docx,,CONTROLLED_ALIAS
2023-2024,COMMUNICATION_OR_COMPONENT_AREA_OPTION,BIOL 2402,data\raw\catalogs\2023-2024\2023-2024_Catalog.docx,,CONTROLLED_ALIAS
2023-2024,COMMUNICATION_OR_COMPONENT_AREA_OPTION,BIOL 2406,data\raw\catalogs\2023-2024\2023-2024_Catalog.docx,,CONTROLLED_ALIAS
2023-2024,COMMUNICATION_OR_COMPONENT_AREA_OPTION,CHEM 1406,data\raw\catalogs\2023-2024\2023-2024_Catalog.docx,,CONTROLLED_ALIAS
2023-2024,COMMUNICATION_OR_COMPONENT_AREA_OPTION,CHEM 1407,data\raw\catalogs\2023-2024\2023-2024_Catalog.docx,,CONTROLLED_ALIAS
2023-2024,COMMUNICATION_OR_COMPONENT_AREA_OPTION,CHEM 1411,data\raw\catalogs\2023-2024\2023-2024_Catalog.docx,,CONTROLLED_ALIAS
2023-2024,COMMUNICATION_OR_COMPONENT_AREA_OPTION,CHEM 1412,data\raw\catalogs\2023-2024\2023-2024_Catalog.docx,,CONTROLLED_ALIAS
2023-2024,COMMUNICATION_OR_COMPONENT_AREA_OPTION,COSC 1301,data\raw\catalogs\2023-2024\2023-2024_Catalog.docx,,CONTROLLED_ALIAS
2023-2024,COMMUNICATION_OR_COMPONENT_AREA_OPTION,ECON 2301,data\raw\catalogs\2023-2024\2023-2024_Catalog.docx,,CONTROLLED_ALIAS
2023-2024,COMMUNICATION_OR_COMPONENT_AREA_OPTION,ECON 2302,data\raw\catalogs\2023-2024\2023-2024_Catalog.docx,,CONTROLLED_ALIAS
2023-2024,COMMUNICATION_OR_COMPONENT_AREA_OPTION,ENGL 1301,data\raw\catalogs\2023-2024\2023-2024_Catalog.docx,,CONTROLLED_ALIAS
2023-2024,COMMUNICATION_OR_COMPONENT_AREA_OPTION,ENGL 1302,data\raw\catalogs\2023-2024\2023-2024_Catalog.docx,,CONTROLLED_ALIAS
2023-2024,COMMUNICATION_OR_COMPONENT_AREA_OPTION,GEOL 1303,data\raw\catalogs\2023-2024\2023-2024_Catalog.docx,,CONTROLLED_ALIAS
2023-2024,COMMUNICATION_OR_COMPONENT_AREA_OPTION,GEOL 1304,data\raw\catalogs\2023-2024\2023-2024_Catalog.docx,,CONTROLLED_ALIAS
2023-2024,COMMUNICATION_OR_COMPONENT_AREA_OPTION,MATH 1314,data\raw\catalogs\2023-2024\2023-2024_Catalog.docx,,CONTROLLED_ALIAS
2023-2024,COMMUNICATION_OR_COMPONENT_AREA_OPTION,MATH 1324,data\raw\catalogs\2023-2024\2023-2024_Catalog.docx,,CONTROLLED_ALIAS
2023-2024,COMMUNICATION_OR_COMPONENT_AREA_OPTION,MATH 1325,data\raw\catalogs\2023-2024\2023-2024_Catalog.docx,,CONTROLLED_ALIAS
2023-2024,COMMUNICATION_OR_COMPONENT_AREA_OPTION,MATH 1332,data\raw\catalogs\2023-2024\2023-2024_Catalog.docx,,CONTROLLED_ALIAS
2023-2024,COMMUNICATION_OR_COMPONENT_AREA_OPTION,MATH 1342,data\raw\catalogs\2023-2024\2023-2024_Catalog.docx,,CONTROLLED_ALIAS
2023-2024,COMMUNICATION_OR_COMPONENT_AREA_OPTION,MATH 1350,data\raw\catalogs\2023-2024\2023-2024_Catalog.docx,,CONTROLLED_ALIAS
2023-2024,COMMUNICATION_OR_COMPONENT_AREA_OPTION,MATH 1351,data\raw\catalogs\2023-2024\2023-2024_Catalog.docx,,CONTROLLED_ALIAS
2023-2024,COMMUNICATION_OR_COMPONENT_AREA_OPTION,MATH 2312,data\raw\catalogs\2023-2024\2023-2024_Catalog.docx,,CONTROLLED_ALIAS
2023-2024,COMMUNICATION_OR_COMPONENT_AREA_OPTION,MATH 2413,data\raw\catalogs\2023-2024\2023-2024_Catalog.docx,,CONTROLLED_ALIAS
2023-2024,COMMUNICATION_OR_COMPONENT_AREA_OPTION,MATH 2414,data\raw\catalogs\2023-2024\2023-2024_Catalog.docx,,CONTROLLED_ALIAS
2023-2024,COMMUNICATION_OR_COMPONENT_AREA_OPTION,PHYS 1401,data\raw\catalogs\2023-2024\2023-2024_Catalog.docx,,CONTROLLED_ALIAS
2023-2024,COMMUNICATION_OR_COMPONENT_AREA_OPTION,PHYS 1405,data\raw\catalogs\2023-2024\2023-2024_Catalog.docx,,CONTROLLED_ALIAS
2023-2024,COMMUNICATION_OR_COMPONENT_AREA_OPTION,PHYS 1407,data\raw\catalogs\2023-2024\2023-2024_Catalog.docx,,CONTROLLED_ALIAS
2023-2024,COMMUNICATION_OR_COMPONENT_AREA_OPTION,PHYS 2425,data\raw\catalogs\2023-2024\2023-2024_Catalog.docx,,CONTROLLED_ALIAS
2023-2024,COMMUNICATION_OR_COMPONENT_AREA_OPTION,PHYS 2426,data\raw\catalogs\2023-2024\2023-2024_Catalog.docx,,CONTROLLED_ALIAS
2023-2024,COMMUNICATION_OR_COMPONENT_AREA_OPTION,PSYC 1300,data\raw\catalogs\2023-2024\2023-2024_Catalog.docx,,CONTROLLED_ALIAS
2023-2024,COMMUNICATION_OR_COMPONENT_AREA_OPTION,PSYC 2301,data\raw\catalogs\2023-2024\2023-2024_Catalog.docx,,CONTROLLED_ALIAS
2023-2024,COMMUNICATION_OR_COMPONENT_AREA_OPTION,PSYC 2314,data\raw\catalogs\2023-2024\2023-2024_Catalog.docx,,CONTROLLED_ALIAS
2023-2024,COMMUNICATION_OR_COMPONENT_AREA_OPTION,SOCI 1301,data\raw\catalogs\2023-2024\2023-2024_Catalog.docx,,CONTROLLED_ALIAS
2023-2024,COMMUNICATION_OR_COMPONENT_AREA_OPTION,SOCI 1306,data\raw\catalogs\2023-2024\2023-2024_Catalog.docx,,CONTROLLED_ALIAS
2023-2024,COMMUNICATION_OR_COMPONENT_AREA_OPTION,SOCI 2301,data\raw\catalogs\2023-2024\2023-2024_Catalog.docx,,CONTROLLED_ALIAS
2023-2024,COMMUNICATION_OR_COMPONENT_AREA_OPTION,SPCH 1311,data\raw\catalogs\2023-2024\2023-2024_Catalog.docx,,CONTROLLED_ALIAS
2023-2024,COMMUNICATION_OR_COMPONENT_AREA_OPTION,SPCH 1315,data\raw\catalogs\2023-2024\2023-2024_Catalog.docx,,CONTROLLED_ALIAS
2023-2024,COMMUNICATION_OR_COMPONENT_AREA_OPTION,SPCH 1318,data\raw\catalogs\2023-2024\2023-2024_Catalog.docx,,CONTROLLED_ALIAS
2023-2024,COMMUNICATION_OR_COMPONENT_AREA_OPTION,SPCH 1321,data\raw\catalogs\2023-2024\2023-2024_Catalog.docx,,CONTROLLED_ALIAS
2023-2024,COMPONENT_AREA_OPTION_CORE,BIOL 1406,data\raw\catalogs\2023-2024\2023-2024_Catalog.docx,13,CANONICAL
2023-2024,COMPONENT_AREA_OPTION_CORE,BIOL 1407,data\raw\catalogs\2023-2024\2023-2024_Catalog.docx,13,CANONICAL
2023-2024,COMPONENT_AREA_OPTION_CORE,BIOL 1408,data\raw\catalogs\2023-2024\2023-2024_Catalog.docx,13,CANONICAL
2023-2024,COMPONENT_AREA_OPTION_CORE,BIOL 1409,data\raw\catalogs\2023-2024\2023-2024_Catalog.docx,13,CANONICAL
2023-2024,COMPONENT_AREA_OPTION_CORE,BIOL 1411,data\raw\catalogs\2023-2024\2023-2024_Catalog.docx,13,CANONICAL
2023-2024,COMPONENT_AREA_OPTION_CORE,BIOL 1413,data\raw\catalogs\2023-2024\2023-2024_Catalog.docx,13,CANONICAL
2023-2024,COMPONENT_AREA_OPTION_CORE,BIOL 2401,data\raw\catalogs\2023-2024\2023-2024_Catalog.docx,13,CANONICAL
2023-2024,COMPONENT_AREA_OPTION_CORE,BIOL 2402,data\raw\catalogs\2023-2024\2023-2024_Catalog.docx,13,CANONICAL
2023-2024,COMPONENT_AREA_OPTION_CORE,BIOL 2406,data\raw\catalogs\2023-2024\2023-2024_Catalog.docx,13,CANONICAL
2023-2024,COMPONENT_AREA_OPTION_CORE,CHEM 1406,data\raw\catalogs\2023-2024\2023-2024_Catalog.docx,13,CANONICAL
2023-2024,COMPONENT_AREA_OPTION_CORE,CHEM 1407,data\raw\catalogs\2023-2024\2023-2024_Catalog.docx,13,CANONICAL
2023-2024,COMPONENT_AREA_OPTION_CORE,CHEM 1411,data\raw\catalogs\2023-2024\2023-2024_Catalog.docx,13,CANONICAL
2023-2024,COMPONENT_AREA_OPTION_CORE,CHEM 1412,data\raw\catalogs\2023-2024\2023-2024_Catalog.docx,13,CANONICAL
2023-2024,COMPONENT_AREA_OPTION_CORE,COSC 1301,data\raw\catalogs\2023-2024\2023-2024_Catalog.docx,13,CANONICAL
2023-2024,COMPONENT_AREA_OPTION_CORE,ECON 2301,data\raw\catalogs\2023-2024\2023-2024_Catalog.docx,13,CANONICAL
2023-2024,COMPONENT_AREA_OPTION_CORE,ECON 2302,data\raw\catalogs\2023-2024\2023-2024_Catalog.docx,13,CANONICAL
2023-2024,COMPONENT_AREA_OPTION_CORE,ENGL 1302,data\raw\catalogs\2023-2024\2023-2024_Catalog.docx,13,CANONICAL
2023-2024,COMPONENT_AREA_OPTION_CORE,GEOL 1303,data\raw\catalogs\2023-2024\2023-2024_Catalog.docx,13,CANONICAL
2023-2024,COMPONENT_AREA_OPTION_CORE,GEOL 1304,data\raw\catalogs\2023-2024\2023-2024_Catalog.docx,13,CANONICAL
2023-2024,COMPONENT_AREA_OPTION_CORE,MATH 1314,data\raw\catalogs\2023-2024\2023-2024_Catalog.docx,13,CANONICAL
2023-2024,COMPONENT_AREA_OPTION_CORE,MATH 1324,data\raw\catalogs\2023-2024\2023-2024_Catalog.docx,13,CANONICAL
2023-2024,COMPONENT_AREA_OPTION_CORE,MATH 1325,data\raw\catalogs\2023-2024\2023-2024_Catalog.docx,13,CANONICAL
2023-2024,COMPONENT_AREA_OPTION_CORE,MATH 1332,data\raw\catalogs\2023-2024\2023-2024_Catalog.docx,13,CANONICAL
2023-2024,COMPONENT_AREA_OPTION_CORE,MATH 1342,data\raw\catalogs\2023-2024\2023-2024_Catalog.docx,13,CANONICAL
2023-2024,COMPONENT_AREA_OPTION_CORE,MATH 1350,data\raw\catalogs\2023-2024\2023-2024_Catalog.docx,13,CANONICAL
2023-2024,COMPONENT_AREA_OPTION_CORE,MATH 1351,data\raw\catalogs\2023-2024\2023-2024_Catalog.docx,13,CANONICAL
2023-2024,COMPONENT_AREA_OPTION_CORE,MATH 2312,data\raw\catalogs\2023-2024\2023-2024_Catalog.docx,13,CANONICAL
2023-2024,COMPONENT_AREA_OPTION_CORE,MATH 2413,data\raw\catalogs\2023-2024\2023-2024_Catalog.docx,13,CANONICAL
2023-2024,COMPONENT_AREA_OPTION_CORE,MATH 2414,data\raw\catalogs\2023-2024\2023-2024_Catalog.docx,13,CANONICAL
2023-2024,COMPONENT_AREA_OPTION_CORE,PHYS 1401,data\raw\catalogs\2023-2024\2023-2024_Catalog.docx,13,CANONICAL
2023-2024,COMPONENT_AREA_OPTION_CORE,PHYS 1405,data\raw\catalogs\2023-2024\2023-2024_Catalog.docx,13,CANONICAL
2023-2024,COMPONENT_AREA_OPTION_CORE,PHYS 1407,data\raw\catalogs\2023-2024\2023-2024_Catalog.docx,13,CANONICAL
2023-2024,COMPONENT_AREA_OPTION_CORE,PHYS 2425,data\raw\catalogs\2023-2024\2023-2024_Catalog.docx,13,CANONICAL
2023-2024,COMPONENT_AREA_OPTION_CORE,PHYS 2426,data\raw\catalogs\2023-2024\2023-2024_Catalog.docx,13,CANONICAL
2023-2024,COMPONENT_AREA_OPTION_CORE,PSYC 1300,data\raw\catalogs\2023-2024\2023-2024_Catalog.docx,13,CANONICAL
2023-2024,COMPONENT_AREA_OPTION_CORE,PSYC 2301,data\raw\catalogs\2023-2024\2023-2024_Catalog.docx,13,CANONICAL
2023-2024,COMPONENT_AREA_OPTION_CORE,PSYC 2314,data\raw\catalogs\2023-2024\2023-2024_Catalog.docx,13,CANONICAL
2023-2024,COMPONENT_AREA_OPTION_CORE,SOCI 1301,data\raw\catalogs\2023-2024\2023-2024_Catalog.docx,13,CANONICAL
2023-2024,COMPONENT_AREA_OPTION_CORE,SOCI 1306,data\raw\catalogs\2023-2024\2023-2024_Catalog.docx,13,CANONICAL
2023-2024,COMPONENT_AREA_OPTION_CORE,SOCI 2301,data\raw\catalogs\2023-2024\2023-2024_Catalog.docx,13,CANONICAL
2023-2024,COMPONENT_AREA_OPTION_CORE,SPCH 1311,data\raw\catalogs\2023-2024\2023-2024_Catalog.docx,13,CANONICAL
2023-2024,COMPONENT_AREA_OPTION_CORE,SPCH 1315,data\raw\catalogs\2023-2024\2023-2024_Catalog.docx,13,CANONICAL
2023-2024,COMPONENT_AREA_OPTION_CORE,SPCH 1318,data\raw\catalogs\2023-2024\2023-2024_Catalog.docx,13,CANONICAL
2023-2024,COMPONENT_AREA_OPTION_CORE,SPCH 1321,data\raw\catalogs\2023-2024\2023-2024_Catalog.docx,13,CANONICAL
2023-2024,CREATIVE_ARTS_CORE,ARTS 1301,data\raw\catalogs\2023-2024\2023-2024_Catalog.docx,13,CANONICAL
2023-2024,CREATIVE_ARTS_CORE,DRAM 1310,data\raw\catalogs\2023-2024\2023-2024_Catalog.docx,13,CANONICAL
2023-2024,CREATIVE_ARTS_CORE,MUSI 1306,data\raw\catalogs\2023-2024\2023-2024_Catalog.docx,13,CANONICAL
2023-2024,CREATIVE_ARTS_CORE_ARTS_CORE,ARTS 1301,data\raw\catalogs\2023-2024\2023-2024_Catalog.docx,,CONTROLLED_ALIAS
2023-2024,CREATIVE_ARTS_CORE_ARTS_CORE,DRAM 1310,data\raw\catalogs\2023-2024\2023-2024_Catalog.docx,,CONTROLLED_ALIAS
2023-2024,CREATIVE_ARTS_CORE_ARTS_CORE,MUSI 1306,data\raw\catalogs\2023-2024\2023-2024_Catalog.docx,,CONTROLLED_ALIAS
2023-2024,GOVERNMENT_POLITICAL_SCIENCE_CORE,GOVT 2305,data\raw\catalogs\2023-2024\2023-2024_Catalog.docx,13,CANONICAL
2023-2024,GOVERNMENT_POLITICAL_SCIENCE_CORE,GOVT 2306,data\raw\catalogs\2023-2024\2023-2024_Catalog.docx,13,CANONICAL
2023-2024,LANGUAGE_AND_PHILOSOPHY_OR_CREATIVE_ARTS,ARTS 1301,data\raw\catalogs\2023-2024\2023-2024_Catalog.docx,,CONTROLLED_ALIAS
2023-2024,LANGUAGE_AND_PHILOSOPHY_OR_CREATIVE_ARTS,DRAM 1310,data\raw\catalogs\2023-2024\2023-2024_Catalog.docx,,CONTROLLED_ALIAS
2023-2024,LANGUAGE_AND_PHILOSOPHY_OR_CREATIVE_ARTS,ENGL 2322,data\raw\catalogs\2023-2024\2023-2024_Catalog.docx,,CONTROLLED_ALIAS
2023-2024,LANGUAGE_AND_PHILOSOPHY_OR_CREATIVE_ARTS,ENGL 2323,data\raw\catalogs\2023-2024\2023-2024_Catalog.docx,,CONTROLLED_ALIAS
2023-2024,LANGUAGE_AND_PHILOSOPHY_OR_CREATIVE_ARTS,ENGL 2326,data\raw\catalogs\2023-2024\2023-2024_Catalog.docx,,CONTROLLED_ALIAS
2023-2024,LANGUAGE_AND_PHILOSOPHY_OR_CREATIVE_ARTS,ENGL 2331,data\raw\catalogs\2023-2024\2023-2024_Catalog.docx,,CONTROLLED_ALIAS
2023-2024,LANGUAGE_AND_PHILOSOPHY_OR_CREATIVE_ARTS,ENGL 2341,data\raw\catalogs\2023-2024\2023-2024_Catalog.docx,,CONTROLLED_ALIAS
2023-2024,LANGUAGE_AND_PHILOSOPHY_OR_CREATIVE_ARTS,HIST 2321,data\raw\catalogs\2023-2024\2023-2024_Catalog.docx,,CONTROLLED_ALIAS
2023-2024,LANGUAGE_AND_PHILOSOPHY_OR_CREATIVE_ARTS,HIST 2322,data\raw\catalogs\2023-2024\2023-2024_Catalog.docx,,CONTROLLED_ALIAS
2023-2024,LANGUAGE_AND_PHILOSOPHY_OR_CREATIVE_ARTS,HUMA 1315,data\raw\catalogs\2023-2024\2023-2024_Catalog.docx,,CONTROLLED_ALIAS
2023-2024,LANGUAGE_AND_PHILOSOPHY_OR_CREATIVE_ARTS,MUSI 1306,data\raw\catalogs\2023-2024\2023-2024_Catalog.docx,,CONTROLLED_ALIAS
2023-2024,LANGUAGE_AND_PHILOSOPHY_OR_CREATIVE_ARTS,PHIL 1301,data\raw\catalogs\2023-2024\2023-2024_Catalog.docx,,CONTROLLED_ALIAS
2023-2024,LANGUAGE_AND_PHILOSOPHY_OR_CREATIVE_ARTS,SPAN 2311,data\raw\catalogs\2023-2024\2023-2024_Catalog.docx,,CONTROLLED_ALIAS
2023-2024,LANGUAGE_PHILOSOPHY_AND_CULTURE_CORE,ENGL 2322,data\raw\catalogs\2023-2024\2023-2024_Catalog.docx,13,CANONICAL
2023-2024,LANGUAGE_PHILOSOPHY_AND_CULTURE_CORE,ENGL 2323,data\raw\catalogs\2023-2024\2023-2024_Catalog.docx,13,CANONICAL
2023-2024,LANGUAGE_PHILOSOPHY_AND_CULTURE_CORE,ENGL 2326,data\raw\catalogs\2023-2024\2023-2024_Catalog.docx,13,CANONICAL
2023-2024,LANGUAGE_PHILOSOPHY_AND_CULTURE_CORE,ENGL 2331,data\raw\catalogs\2023-2024\2023-2024_Catalog.docx,13,CANONICAL
2023-2024,LANGUAGE_PHILOSOPHY_AND_CULTURE_CORE,ENGL 2341,data\raw\catalogs\2023-2024\2023-2024_Catalog.docx,13,CANONICAL
2023-2024,LANGUAGE_PHILOSOPHY_AND_CULTURE_CORE,HIST 2321,data\raw\catalogs\2023-2024\2023-2024_Catalog.docx,13,CANONICAL
2023-2024,LANGUAGE_PHILOSOPHY_AND_CULTURE_CORE,HIST 2322,data\raw\catalogs\2023-2024\2023-2024_Catalog.docx,13,CANONICAL
2023-2024,LANGUAGE_PHILOSOPHY_AND_CULTURE_CORE,HUMA 1315,data\raw\catalogs\2023-2024\2023-2024_Catalog.docx,13,CANONICAL
2023-2024,LANGUAGE_PHILOSOPHY_AND_CULTURE_CORE,PHIL 1301,data\raw\catalogs\2023-2024\2023-2024_Catalog.docx,13,CANONICAL
2023-2024,LANGUAGE_PHILOSOPHY_AND_CULTURE_CORE,SPAN 2311,data\raw\catalogs\2023-2024\2023-2024_Catalog.docx,13,CANONICAL
2023-2024,LANGUAGE_PHILOSOPHY_AND_CULTURE_CORE_040_OR_CREATIVE_ARTS_CORE_050,ARTS 1301,data\raw\catalogs\2023-2024\2023-2024_Catalog.docx,,CONTROLLED_ALIAS
2023-2024,LANGUAGE_PHILOSOPHY_AND_CULTURE_CORE_040_OR_CREATIVE_ARTS_CORE_050,DRAM 1310,data\raw\catalogs\2023-2024\2023-2024_Catalog.docx,,CONTROLLED_ALIAS
2023-2024,LANGUAGE_PHILOSOPHY_AND_CULTURE_CORE_040_OR_CREATIVE_ARTS_CORE_050,ENGL 2322,data\raw\catalogs\2023-2024\2023-2024_Catalog.docx,,CONTROLLED_ALIAS
2023-2024,LANGUAGE_PHILOSOPHY_AND_CULTURE_CORE_040_OR_CREATIVE_ARTS_CORE_050,ENGL 2323,data\raw\catalogs\2023-2024\2023-2024_Catalog.docx,,CONTROLLED_ALIAS
2023-2024,LANGUAGE_PHILOSOPHY_AND_CULTURE_CORE_040_OR_CREATIVE_ARTS_CORE_050,ENGL 2326,data\raw\catalogs\2023-2024\2023-2024_Catalog.docx,,CONTROLLED_ALIAS
2023-2024,LANGUAGE_PHILOSOPHY_AND_CULTURE_CORE_040_OR_CREATIVE_ARTS_CORE_050,ENGL 2331,data\raw\catalogs\2023-2024\2023-2024_Catalog.docx,,CONTROLLED_ALIAS
2023-2024,LANGUAGE_PHILOSOPHY_AND_CULTURE_CORE_040_OR_CREATIVE_ARTS_CORE_050,ENGL 2341,data\raw\catalogs\2023-2024\2023-2024_Catalog.docx,,CONTROLLED_ALIAS
2023-2024,LANGUAGE_PHILOSOPHY_AND_CULTURE_CORE_040_OR_CREATIVE_ARTS_CORE_050,HIST 2321,data\raw\catalogs\2023-2024\2023-2024_Catalog.docx,,CONTROLLED_ALIAS
2023-2024,LANGUAGE_PHILOSOPHY_AND_CULTURE_CORE_040_OR_CREATIVE_ARTS_CORE_050,HIST 2322,data\raw\catalogs\2023-2024\2023-2024_Catalog.docx,,CONTROLLED_ALIAS
2023-2024,LANGUAGE_PHILOSOPHY_AND_CULTURE_CORE_040_OR_CREATIVE_ARTS_CORE_050,HUMA 1315,data\raw\catalogs\2023-2024\2023-2024_Catalog.docx,,CONTROLLED_ALIAS
2023-2024,LANGUAGE_PHILOSOPHY_AND_CULTURE_CORE_040_OR_CREATIVE_ARTS_CORE_050,MUSI 1306,data\raw\catalogs\2023-2024\2023-2024_Catalog.docx,,CONTROLLED_ALIAS
2023-2024,LANGUAGE_PHILOSOPHY_AND_CULTURE_CORE_040_OR_CREATIVE_ARTS_CORE_050,PHIL 1301,data\raw\catalogs\2023-2024\2023-2024_Catalog.docx,,CONTROLLED_ALIAS
2023-2024,LANGUAGE_PHILOSOPHY_AND_CULTURE_CORE_040_OR_CREATIVE_ARTS_CORE_050,SPAN 2311,data\raw\catalogs\2023-2024\2023-2024_Catalog.docx,,CONTROLLED_ALIAS
2023-2024,LANGUAGE_PHILOSOPHY_AND_CULTURE_CORE_OR_CREATIVE_ARTS_CORE,ARTS 1301,data\raw\catalogs\2023-2024\2023-2024_Catalog.docx,,CONTROLLED_ALIAS
2023-2024,LANGUAGE_PHILOSOPHY_AND_CULTURE_CORE_OR_CREATIVE_ARTS_CORE,DRAM 1310,data\raw\catalogs\2023-2024\2023-2024_Catalog.docx,,CONTROLLED_ALIAS
2023-2024,LANGUAGE_PHILOSOPHY_AND_CULTURE_CORE_OR_CREATIVE_ARTS_CORE,ENGL 2322,data\raw\catalogs\2023-2024\2023-2024_Catalog.docx,,CONTROLLED_ALIAS
2023-2024,LANGUAGE_PHILOSOPHY_AND_CULTURE_CORE_OR_CREATIVE_ARTS_CORE,ENGL 2323,data\raw\catalogs\2023-2024\2023-2024_Catalog.docx,,CONTROLLED_ALIAS
2023-2024,LANGUAGE_PHILOSOPHY_AND_CULTURE_CORE_OR_CREATIVE_ARTS_CORE,ENGL 2326,data\raw\catalogs\2023-2024\2023-2024_Catalog.docx,,CONTROLLED_ALIAS
2023-2024,LANGUAGE_PHILOSOPHY_AND_CULTURE_CORE_OR_CREATIVE_ARTS_CORE,ENGL 2331,data\raw\catalogs\2023-2024\2023-2024_Catalog.docx,,CONTROLLED_ALIAS
2023-2024,LANGUAGE_PHILOSOPHY_AND_CULTURE_CORE_OR_CREATIVE_ARTS_CORE,ENGL 2341,data\raw\catalogs\2023-2024\2023-2024_Catalog.docx,,CONTROLLED_ALIAS
2023-2024,LANGUAGE_PHILOSOPHY_AND_CULTURE_CORE_OR_CREATIVE_ARTS_CORE,HIST 2321,data\raw\catalogs\2023-2024\2023-2024_Catalog.docx,,CONTROLLED_ALIAS
2023-2024,LANGUAGE_PHILOSOPHY_AND_CULTURE_CORE_OR_CREATIVE_ARTS_CORE,HIST 2322,data\raw\catalogs\2023-2024\2023-2024_Catalog.docx,,CONTROLLED_ALIAS
2023-2024,LANGUAGE_PHILOSOPHY_AND_CULTURE_CORE_OR_CREATIVE_ARTS_CORE,HUMA 1315,data\raw\catalogs\2023-2024\2023-2024_Catalog.docx,,CONTROLLED_ALIAS
2023-2024,LANGUAGE_PHILOSOPHY_AND_CULTURE_CORE_OR_CREATIVE_ARTS_CORE,MUSI 1306,data\raw\catalogs\2023-2024\2023-2024_Catalog.docx,,CONTROLLED_ALIAS
2023-2024,LANGUAGE_PHILOSOPHY_AND_CULTURE_CORE_OR_CREATIVE_ARTS_CORE,PHIL 1301,data\raw\catalogs\2023-2024\2023-2024_Catalog.docx,,CONTROLLED_ALIAS
2023-2024,LANGUAGE_PHILOSOPHY_AND_CULTURE_CORE_OR_CREATIVE_ARTS_CORE,SPAN 2311,data\raw\catalogs\2023-2024\2023-2024_Catalog.docx,,CONTROLLED_ALIAS
2023-2024,LANGUAGE_PHILOSOPHY_AND_CULTURE_OR_CREATIVE_ARTS,ARTS 1301,data\raw\catalogs\2023-2024\2023-2024_Catalog.docx,,CONTROLLED_ALIAS
2023-2024,LANGUAGE_PHILOSOPHY_AND_CULTURE_OR_CREATIVE_ARTS,DRAM 1310,data\raw\catalogs\2023-2024\2023-2024_Catalog.docx,,CONTROLLED_ALIAS
2023-2024,LANGUAGE_PHILOSOPHY_AND_CULTURE_OR_CREATIVE_ARTS,ENGL 2322,data\raw\catalogs\2023-2024\2023-2024_Catalog.docx,,CONTROLLED_ALIAS
2023-2024,LANGUAGE_PHILOSOPHY_AND_CULTURE_OR_CREATIVE_ARTS,ENGL 2323,data\raw\catalogs\2023-2024\2023-2024_Catalog.docx,,CONTROLLED_ALIAS
2023-2024,LANGUAGE_PHILOSOPHY_AND_CULTURE_OR_CREATIVE_ARTS,ENGL 2326,data\raw\catalogs\2023-2024\2023-2024_Catalog.docx,,CONTROLLED_ALIAS
2023-2024,LANGUAGE_PHILOSOPHY_AND_CULTURE_OR_CREATIVE_ARTS,ENGL 2331,data\raw\catalogs\2023-2024\2023-2024_Catalog.docx,,CONTROLLED_ALIAS
2023-2024,LANGUAGE_PHILOSOPHY_AND_CULTURE_OR_CREATIVE_ARTS,ENGL 2341,data\raw\catalogs\2023-2024\2023-2024_Catalog.docx,,CONTROLLED_ALIAS
2023-2024,LANGUAGE_PHILOSOPHY_AND_CULTURE_OR_CREATIVE_ARTS,HIST 2321,data\raw\catalogs\2023-2024\2023-2024_Catalog.docx,,CONTROLLED_ALIAS
2023-2024,LANGUAGE_PHILOSOPHY_AND_CULTURE_OR_CREATIVE_ARTS,HIST 2322,data\raw\catalogs\2023-2024\2023-2024_Catalog.docx,,CONTROLLED_ALIAS
2023-2024,LANGUAGE_PHILOSOPHY_AND_CULTURE_OR_CREATIVE_ARTS,HUMA 1315,data\raw\catalogs\2023-2024\2023-2024_Catalog.docx,,CONTROLLED_ALIAS
2023-2024,LANGUAGE_PHILOSOPHY_AND_CULTURE_OR_CREATIVE_ARTS,MUSI 1306,data\raw\catalogs\2023-2024\2023-2024_Catalog.docx,,CONTROLLED_ALIAS
2023-2024,LANGUAGE_PHILOSOPHY_AND_CULTURE_OR_CREATIVE_ARTS,PHIL 1301,data\raw\catalogs\2023-2024\2023-2024_Catalog.docx,,CONTROLLED_ALIAS
2023-2024,LANGUAGE_PHILOSOPHY_AND_CULTURE_OR_CREATIVE_ARTS,SPAN 2311,data\raw\catalogs\2023-2024\2023-2024_Catalog.docx,,CONTROLLED_ALIAS
2023-2024,LANGUAGE_PHILOSOPHY_AND_CULTURE_OR_CREATIVE_ARTS_CORE,ARTS 1301,data\raw\catalogs\2023-2024\2023-2024_Catalog.docx,,CONTROLLED_ALIAS
2023-2024,LANGUAGE_PHILOSOPHY_AND_CULTURE_OR_CREATIVE_ARTS_CORE,DRAM 1310,data\raw\catalogs\2023-2024\2023-2024_Catalog.docx,,CONTROLLED_ALIAS
2023-2024,LANGUAGE_PHILOSOPHY_AND_CULTURE_OR_CREATIVE_ARTS_CORE,ENGL 2322,data\raw\catalogs\2023-2024\2023-2024_Catalog.docx,,CONTROLLED_ALIAS
2023-2024,LANGUAGE_PHILOSOPHY_AND_CULTURE_OR_CREATIVE_ARTS_CORE,ENGL 2323,data\raw\catalogs\2023-2024\2023-2024_Catalog.docx,,CONTROLLED_ALIAS
2023-2024,LANGUAGE_PHILOSOPHY_AND_CULTURE_OR_CREATIVE_ARTS_CORE,ENGL 2326,data\raw\catalogs\2023-2024\2023-2024_Catalog.docx,,CONTROLLED_ALIAS
2023-2024,LANGUAGE_PHILOSOPHY_AND_CULTURE_OR_CREATIVE_ARTS_CORE,ENGL 2331,data\raw\catalogs\2023-2024\2023-2024_Catalog.docx,,CONTROLLED_ALIAS
2023-2024,LANGUAGE_PHILOSOPHY_AND_CULTURE_OR_CREATIVE_ARTS_CORE,ENGL 2341,data\raw\catalogs\2023-2024\2023-2024_Catalog.docx,,CONTROLLED_ALIAS
2023-2024,LANGUAGE_PHILOSOPHY_AND_CULTURE_OR_CREATIVE_ARTS_CORE,HIST 2321,data\raw\catalogs\2023-2024\2023-2024_Catalog.docx,,CONTROLLED_ALIAS
2023-2024,LANGUAGE_PHILOSOPHY_AND_CULTURE_OR_CREATIVE_ARTS_CORE,HIST 2322,data\raw\catalogs\2023-2024\2023-2024_Catalog.docx,,CONTROLLED_ALIAS
2023-2024,LANGUAGE_PHILOSOPHY_AND_CULTURE_OR_CREATIVE_ARTS_CORE,HUMA 1315,data\raw\catalogs\2023-2024\2023-2024_Catalog.docx,,CONTROLLED_ALIAS
2023-2024,LANGUAGE_PHILOSOPHY_AND_CULTURE_OR_CREATIVE_ARTS_CORE,MUSI 1306,data\raw\catalogs\2023-2024\2023-2024_Catalog.docx,,CONTROLLED_ALIAS
2023-2024,LANGUAGE_PHILOSOPHY_AND_CULTURE_OR_CREATIVE_ARTS_CORE,PHIL 1301,data\raw\catalogs\2023-2024\2023-2024_Catalog.docx,,CONTROLLED_ALIAS
2023-2024,LANGUAGE_PHILOSOPHY_AND_CULTURE_OR_CREATIVE_ARTS_CORE,SPAN 2311,data\raw\catalogs\2023-2024\2023-2024_Catalog.docx,,CONTROLLED_ALIAS
2023-2024,LANGUAGE_PHILOSOPHY_AND_CULTURE_OR_FINE_ARTS,ARTS 1301,data\raw\catalogs\2023-2024\2023-2024_Catalog.docx,,CONTROLLED_ALIAS
2023-2024,LANGUAGE_PHILOSOPHY_AND_CULTURE_OR_FINE_ARTS,DRAM 1310,data\raw\catalogs\2023-2024\2023-2024_Catalog.docx,,CONTROLLED_ALIAS
2023-2024,LANGUAGE_PHILOSOPHY_AND_CULTURE_OR_FINE_ARTS,ENGL 2322,data\raw\catalogs\2023-2024\2023-2024_Catalog.docx,,CONTROLLED_ALIAS
2023-2024,LANGUAGE_PHILOSOPHY_AND_CULTURE_OR_FINE_ARTS,ENGL 2323,data\raw\catalogs\2023-2024\2023-2024_Catalog.docx,,CONTROLLED_ALIAS
2023-2024,LANGUAGE_PHILOSOPHY_AND_CULTURE_OR_FINE_ARTS,ENGL 2326,data\raw\catalogs\2023-2024\2023-2024_Catalog.docx,,CONTROLLED_ALIAS
2023-2024,LANGUAGE_PHILOSOPHY_AND_CULTURE_OR_FINE_ARTS,ENGL 2331,data\raw\catalogs\2023-2024\2023-2024_Catalog.docx,,CONTROLLED_ALIAS
2023-2024,LANGUAGE_PHILOSOPHY_AND_CULTURE_OR_FINE_ARTS,ENGL 2341,data\raw\catalogs\2023-2024\2023-2024_Catalog.docx,,CONTROLLED_ALIAS
2023-2024,LANGUAGE_PHILOSOPHY_AND_CULTURE_OR_FINE_ARTS,HIST 2321,data\raw\catalogs\2023-2024\2023-2024_Catalog.docx,,CONTROLLED_ALIAS
2023-2024,LANGUAGE_PHILOSOPHY_AND_CULTURE_OR_FINE_ARTS,HIST 2322,data\raw\catalogs\2023-2024\2023-2024_Catalog.docx,,CONTROLLED_ALIAS
2023-2024,LANGUAGE_PHILOSOPHY_AND_CULTURE_OR_FINE_ARTS,HUMA 1315,data\raw\catalogs\2023-2024\2023-2024_Catalog.docx,,CONTROLLED_ALIAS
2023-2024,LANGUAGE_PHILOSOPHY_AND_CULTURE_OR_FINE_ARTS,MUSI 1306,data\raw\catalogs\2023-2024\2023-2024_Catalog.docx,,CONTROLLED_ALIAS
2023-2024,LANGUAGE_PHILOSOPHY_AND_CULTURE_OR_FINE_ARTS,PHIL 1301,data\raw\catalogs\2023-2024\2023-2024_Catalog.docx,,CONTROLLED_ALIAS
2023-2024,LANGUAGE_PHILOSOPHY_AND_CULTURE_OR_FINE_ARTS,SPAN 2311,data\raw\catalogs\2023-2024\2023-2024_Catalog.docx,,CONTROLLED_ALIAS
2023-2024,LANGUAGE_PHILOSOPHY_CULTURE_OR_CREATIVE_ARTS,ARTS 1301,data\raw\catalogs\2023-2024\2023-2024_Catalog.docx,,CONTROLLED_ALIAS
2023-2024,LANGUAGE_PHILOSOPHY_CULTURE_OR_CREATIVE_ARTS,DRAM 1310,data\raw\catalogs\2023-2024\2023-2024_Catalog.docx,,CONTROLLED_ALIAS
2023-2024,LANGUAGE_PHILOSOPHY_CULTURE_OR_CREATIVE_ARTS,ENGL 2322,data\raw\catalogs\2023-2024\2023-2024_Catalog.docx,,CONTROLLED_ALIAS
2023-2024,LANGUAGE_PHILOSOPHY_CULTURE_OR_CREATIVE_ARTS,ENGL 2323,data\raw\catalogs\2023-2024\2023-2024_Catalog.docx,,CONTROLLED_ALIAS
2023-2024,LANGUAGE_PHILOSOPHY_CULTURE_OR_CREATIVE_ARTS,ENGL 2326,data\raw\catalogs\2023-2024\2023-2024_Catalog.docx,,CONTROLLED_ALIAS
2023-2024,LANGUAGE_PHILOSOPHY_CULTURE_OR_CREATIVE_ARTS,ENGL 2331,data\raw\catalogs\2023-2024\2023-2024_Catalog.docx,,CONTROLLED_ALIAS
2023-2024,LANGUAGE_PHILOSOPHY_CULTURE_OR_CREATIVE_ARTS,ENGL 2341,data\raw\catalogs\2023-2024\2023-2024_Catalog.docx,,CONTROLLED_ALIAS
2023-2024,LANGUAGE_PHILOSOPHY_CULTURE_OR_CREATIVE_ARTS,HIST 2321,data\raw\catalogs\2023-2024\2023-2024_Catalog.docx,,CONTROLLED_ALIAS
2023-2024,LANGUAGE_PHILOSOPHY_CULTURE_OR_CREATIVE_ARTS,HIST 2322,data\raw\catalogs\2023-2024\2023-2024_Catalog.docx,,CONTROLLED_ALIAS
2023-2024,LANGUAGE_PHILOSOPHY_CULTURE_OR_CREATIVE_ARTS,HUMA 1315,data\raw\catalogs\2023-2024\2023-2024_Catalog.docx,,CONTROLLED_ALIAS
2023-2024,LANGUAGE_PHILOSOPHY_CULTURE_OR_CREATIVE_ARTS,MUSI 1306,data\raw\catalogs\2023-2024\2023-2024_Catalog.docx,,CONTROLLED_ALIAS
2023-2024,LANGUAGE_PHILOSOPHY_CULTURE_OR_CREATIVE_ARTS,PHIL 1301,data\raw\catalogs\2023-2024\2023-2024_Catalog.docx,,CONTROLLED_ALIAS
2023-2024,LANGUAGE_PHILOSOPHY_CULTURE_OR_CREATIVE_ARTS,SPAN 2311,data\raw\catalogs\2023-2024\2023-2024_Catalog.docx,,CONTROLLED_ALIAS
2023-2024,LANG_PHIL_CULTURE_OR_CREATIVE_ARTS,ARTS 1301,data\raw\catalogs\2023-2024\2023-2024_Catalog.docx,,CONTROLLED_ALIAS
2023-2024,LANG_PHIL_CULTURE_OR_CREATIVE_ARTS,DRAM 1310,data\raw\catalogs\2023-2024\2023-2024_Catalog.docx,,CONTROLLED_ALIAS
2023-2024,LANG_PHIL_CULTURE_OR_CREATIVE_ARTS,ENGL 2322,data\raw\catalogs\2023-2024\2023-2024_Catalog.docx,,CONTROLLED_ALIAS
2023-2024,LANG_PHIL_CULTURE_OR_CREATIVE_ARTS,ENGL 2323,data\raw\catalogs\2023-2024\2023-2024_Catalog.docx,,CONTROLLED_ALIAS
2023-2024,LANG_PHIL_CULTURE_OR_CREATIVE_ARTS,ENGL 2326,data\raw\catalogs\2023-2024\2023-2024_Catalog.docx,,CONTROLLED_ALIAS
2023-2024,LANG_PHIL_CULTURE_OR_CREATIVE_ARTS,ENGL 2331,data\raw\catalogs\2023-2024\2023-2024_Catalog.docx,,CONTROLLED_ALIAS
2023-2024,LANG_PHIL_CULTURE_OR_CREATIVE_ARTS,ENGL 2341,data\raw\catalogs\2023-2024\2023-2024_Catalog.docx,,CONTROLLED_ALIAS
2023-2024,LANG_PHIL_CULTURE_OR_CREATIVE_ARTS,HIST 2321,data\raw\catalogs\2023-2024\2023-2024_Catalog.docx,,CONTROLLED_ALIAS
2023-2024,LANG_PHIL_CULTURE_OR_CREATIVE_ARTS,HIST 2322,data\raw\catalogs\2023-2024\2023-2024_Catalog.docx,,CONTROLLED_ALIAS
2023-2024,LANG_PHIL_CULTURE_OR_CREATIVE_ARTS,HUMA 1315,data\raw\catalogs\2023-2024\2023-2024_Catalog.docx,,CONTROLLED_ALIAS
2023-2024,LANG_PHIL_CULTURE_OR_CREATIVE_ARTS,MUSI 1306,data\raw\catalogs\2023-2024\2023-2024_Catalog.docx,,CONTROLLED_ALIAS
2023-2024,LANG_PHIL_CULTURE_OR_CREATIVE_ARTS,PHIL 1301,data\raw\catalogs\2023-2024\2023-2024_Catalog.docx,,CONTROLLED_ALIAS
2023-2024,LANG_PHIL_CULTURE_OR_CREATIVE_ARTS,SPAN 2311,data\raw\catalogs\2023-2024\2023-2024_Catalog.docx,,CONTROLLED_ALIAS
2023-2024,LIFE_AND_PHYSICAL_SCIENCE,BIOL 1406,data\raw\catalogs\2023-2024\2023-2024_Catalog.docx,,CONTROLLED_ALIAS
2023-2024,LIFE_AND_PHYSICAL_SCIENCE,BIOL 1407,data\raw\catalogs\2023-2024\2023-2024_Catalog.docx,,CONTROLLED_ALIAS
2023-2024,LIFE_AND_PHYSICAL_SCIENCE,BIOL 1408,data\raw\catalogs\2023-2024\2023-2024_Catalog.docx,,CONTROLLED_ALIAS
2023-2024,LIFE_AND_PHYSICAL_SCIENCE,BIOL 1409,data\raw\catalogs\2023-2024\2023-2024_Catalog.docx,,CONTROLLED_ALIAS
2023-2024,LIFE_AND_PHYSICAL_SCIENCE,BIOL 1411,data\raw\catalogs\2023-2024\2023-2024_Catalog.docx,,CONTROLLED_ALIAS
2023-2024,LIFE_AND_PHYSICAL_SCIENCE,BIOL 1413,data\raw\catalogs\2023-2024\2023-2024_Catalog.docx,,CONTROLLED_ALIAS
2023-2024,LIFE_AND_PHYSICAL_SCIENCE,BIOL 2401,data\raw\catalogs\2023-2024\2023-2024_Catalog.docx,,CONTROLLED_ALIAS
2023-2024,LIFE_AND_PHYSICAL_SCIENCE,BIOL 2402,data\raw\catalogs\2023-2024\2023-2024_Catalog.docx,,CONTROLLED_ALIAS
2023-2024,LIFE_AND_PHYSICAL_SCIENCE,BIOL 2406,data\raw\catalogs\2023-2024\2023-2024_Catalog.docx,,CONTROLLED_ALIAS
2023-2024,LIFE_AND_PHYSICAL_SCIENCE,CHEM 1406,data\raw\catalogs\2023-2024\2023-2024_Catalog.docx,,CONTROLLED_ALIAS
2023-2024,LIFE_AND_PHYSICAL_SCIENCE,CHEM 1407,data\raw\catalogs\2023-2024\2023-2024_Catalog.docx,,CONTROLLED_ALIAS
2023-2024,LIFE_AND_PHYSICAL_SCIENCE,CHEM 1411,data\raw\catalogs\2023-2024\2023-2024_Catalog.docx,,CONTROLLED_ALIAS
2023-2024,LIFE_AND_PHYSICAL_SCIENCE,CHEM 1412,data\raw\catalogs\2023-2024\2023-2024_Catalog.docx,,CONTROLLED_ALIAS
2023-2024,LIFE_AND_PHYSICAL_SCIENCE,GEOL 1403,data\raw\catalogs\2023-2024\2023-2024_Catalog.docx,,CONTROLLED_ALIAS
2023-2024,LIFE_AND_PHYSICAL_SCIENCE,PHYS 1401,data\raw\catalogs\2023-2024\2023-2024_Catalog.docx,,CONTROLLED_ALIAS
2023-2024,LIFE_AND_PHYSICAL_SCIENCE,PHYS 1405,data\raw\catalogs\2023-2024\2023-2024_Catalog.docx,,CONTROLLED_ALIAS
2023-2024,LIFE_AND_PHYSICAL_SCIENCE,PHYS 1407,data\raw\catalogs\2023-2024\2023-2024_Catalog.docx,,CONTROLLED_ALIAS
2023-2024,LIFE_AND_PHYSICAL_SCIENCE,PHYS 2425,data\raw\catalogs\2023-2024\2023-2024_Catalog.docx,,CONTROLLED_ALIAS
2023-2024,LIFE_AND_PHYSICAL_SCIENCE,PHYS 2426,data\raw\catalogs\2023-2024\2023-2024_Catalog.docx,,CONTROLLED_ALIAS
2023-2024,LIFE_AND_PHYSICAL_SCIENCES_CORE,BIOL 1406,data\raw\catalogs\2023-2024\2023-2024_Catalog.docx,13,CANONICAL
2023-2024,LIFE_AND_PHYSICAL_SCIENCES_CORE,BIOL 1407,data\raw\catalogs\2023-2024\2023-2024_Catalog.docx,13,CANONICAL
2023-2024,LIFE_AND_PHYSICAL_SCIENCES_CORE,BIOL 1408,data\raw\catalogs\2023-2024\2023-2024_Catalog.docx,13,CANONICAL
2023-2024,LIFE_AND_PHYSICAL_SCIENCES_CORE,BIOL 1409,data\raw\catalogs\2023-2024\2023-2024_Catalog.docx,13,CANONICAL
2023-2024,LIFE_AND_PHYSICAL_SCIENCES_CORE,BIOL 1411,data\raw\catalogs\2023-2024\2023-2024_Catalog.docx,13,CANONICAL
2023-2024,LIFE_AND_PHYSICAL_SCIENCES_CORE,BIOL 1413,data\raw\catalogs\2023-2024\2023-2024_Catalog.docx,13,CANONICAL
2023-2024,LIFE_AND_PHYSICAL_SCIENCES_CORE,BIOL 2401,data\raw\catalogs\2023-2024\2023-2024_Catalog.docx,13,CANONICAL
2023-2024,LIFE_AND_PHYSICAL_SCIENCES_CORE,BIOL 2402,data\raw\catalogs\2023-2024\2023-2024_Catalog.docx,13,CANONICAL
2023-2024,LIFE_AND_PHYSICAL_SCIENCES_CORE,BIOL 2406,data\raw\catalogs\2023-2024\2023-2024_Catalog.docx,13,CANONICAL
2023-2024,LIFE_AND_PHYSICAL_SCIENCES_CORE,CHEM 1406,data\raw\catalogs\2023-2024\2023-2024_Catalog.docx,13,CANONICAL
2023-2024,LIFE_AND_PHYSICAL_SCIENCES_CORE,CHEM 1407,data\raw\catalogs\2023-2024\2023-2024_Catalog.docx,13,CANONICAL
2023-2024,LIFE_AND_PHYSICAL_SCIENCES_CORE,CHEM 1411,data\raw\catalogs\2023-2024\2023-2024_Catalog.docx,13,CANONICAL
2023-2024,LIFE_AND_PHYSICAL_SCIENCES_CORE,CHEM 1412,data\raw\catalogs\2023-2024\2023-2024_Catalog.docx,13,CANONICAL
2023-2024,LIFE_AND_PHYSICAL_SCIENCES_CORE,GEOL 1403,data\raw\catalogs\2023-2024\2023-2024_Catalog.docx,13,CANONICAL
2023-2024,LIFE_AND_PHYSICAL_SCIENCES_CORE,PHYS 1401,data\raw\catalogs\2023-2024\2023-2024_Catalog.docx,13,CANONICAL
2023-2024,LIFE_AND_PHYSICAL_SCIENCES_CORE,PHYS 1405,data\raw\catalogs\2023-2024\2023-2024_Catalog.docx,13,CANONICAL
2023-2024,LIFE_AND_PHYSICAL_SCIENCES_CORE,PHYS 1407,data\raw\catalogs\2023-2024\2023-2024_Catalog.docx,13,CANONICAL
2023-2024,LIFE_AND_PHYSICAL_SCIENCES_CORE,PHYS 2425,data\raw\catalogs\2023-2024\2023-2024_Catalog.docx,13,CANONICAL
2023-2024,LIFE_AND_PHYSICAL_SCIENCES_CORE,PHYS 2426,data\raw\catalogs\2023-2024\2023-2024_Catalog.docx,13,CANONICAL
2023-2024,LIFE_AND_PHYSICAL_SCIENCE_CORE_030,BIOL 1406,data\raw\catalogs\2023-2024\2023-2024_Catalog.docx,,CONTROLLED_ALIAS
2023-2024,LIFE_AND_PHYSICAL_SCIENCE_CORE_030,BIOL 1407,data\raw\catalogs\2023-2024\2023-2024_Catalog.docx,,CONTROLLED_ALIAS
2023-2024,LIFE_AND_PHYSICAL_SCIENCE_CORE_030,BIOL 1408,data\raw\catalogs\2023-2024\2023-2024_Catalog.docx,,CONTROLLED_ALIAS
2023-2024,LIFE_AND_PHYSICAL_SCIENCE_CORE_030,BIOL 1409,data\raw\catalogs\2023-2024\2023-2024_Catalog.docx,,CONTROLLED_ALIAS
2023-2024,LIFE_AND_PHYSICAL_SCIENCE_CORE_030,BIOL 1411,data\raw\catalogs\2023-2024\2023-2024_Catalog.docx,,CONTROLLED_ALIAS
2023-2024,LIFE_AND_PHYSICAL_SCIENCE_CORE_030,BIOL 1413,data\raw\catalogs\2023-2024\2023-2024_Catalog.docx,,CONTROLLED_ALIAS
2023-2024,LIFE_AND_PHYSICAL_SCIENCE_CORE_030,BIOL 2401,data\raw\catalogs\2023-2024\2023-2024_Catalog.docx,,CONTROLLED_ALIAS
2023-2024,LIFE_AND_PHYSICAL_SCIENCE_CORE_030,BIOL 2402,data\raw\catalogs\2023-2024\2023-2024_Catalog.docx,,CONTROLLED_ALIAS
2023-2024,LIFE_AND_PHYSICAL_SCIENCE_CORE_030,BIOL 2406,data\raw\catalogs\2023-2024\2023-2024_Catalog.docx,,CONTROLLED_ALIAS
2023-2024,LIFE_AND_PHYSICAL_SCIENCE_CORE_030,CHEM 1406,data\raw\catalogs\2023-2024\2023-2024_Catalog.docx,,CONTROLLED_ALIAS
2023-2024,LIFE_AND_PHYSICAL_SCIENCE_CORE_030,CHEM 1407,data\raw\catalogs\2023-2024\2023-2024_Catalog.docx,,CONTROLLED_ALIAS
2023-2024,LIFE_AND_PHYSICAL_SCIENCE_CORE_030,CHEM 1411,data\raw\catalogs\2023-2024\2023-2024_Catalog.docx,,CONTROLLED_ALIAS
2023-2024,LIFE_AND_PHYSICAL_SCIENCE_CORE_030,CHEM 1412,data\raw\catalogs\2023-2024\2023-2024_Catalog.docx,,CONTROLLED_ALIAS
2023-2024,LIFE_AND_PHYSICAL_SCIENCE_CORE_030,GEOL 1403,data\raw\catalogs\2023-2024\2023-2024_Catalog.docx,,CONTROLLED_ALIAS
2023-2024,LIFE_AND_PHYSICAL_SCIENCE_CORE_030,PHYS 1401,data\raw\catalogs\2023-2024\2023-2024_Catalog.docx,,CONTROLLED_ALIAS
2023-2024,LIFE_AND_PHYSICAL_SCIENCE_CORE_030,PHYS 1405,data\raw\catalogs\2023-2024\2023-2024_Catalog.docx,,CONTROLLED_ALIAS
2023-2024,LIFE_AND_PHYSICAL_SCIENCE_CORE_030,PHYS 1407,data\raw\catalogs\2023-2024\2023-2024_Catalog.docx,,CONTROLLED_ALIAS
2023-2024,LIFE_AND_PHYSICAL_SCIENCE_CORE_030,PHYS 2425,data\raw\catalogs\2023-2024\2023-2024_Catalog.docx,,CONTROLLED_ALIAS
2023-2024,LIFE_AND_PHYSICAL_SCIENCE_CORE_030,PHYS 2426,data\raw\catalogs\2023-2024\2023-2024_Catalog.docx,,CONTROLLED_ALIAS
2023-2024,LIFE_OR_PHYSICAL_SCIENCE,BIOL 1406,data\raw\catalogs\2023-2024\2023-2024_Catalog.docx,,CONTROLLED_ALIAS
2023-2024,LIFE_OR_PHYSICAL_SCIENCE,BIOL 1407,data\raw\catalogs\2023-2024\2023-2024_Catalog.docx,,CONTROLLED_ALIAS
2023-2024,LIFE_OR_PHYSICAL_SCIENCE,BIOL 1408,data\raw\catalogs\2023-2024\2023-2024_Catalog.docx,,CONTROLLED_ALIAS
2023-2024,LIFE_OR_PHYSICAL_SCIENCE,BIOL 1409,data\raw\catalogs\2023-2024\2023-2024_Catalog.docx,,CONTROLLED_ALIAS
2023-2024,LIFE_OR_PHYSICAL_SCIENCE,BIOL 1411,data\raw\catalogs\2023-2024\2023-2024_Catalog.docx,,CONTROLLED_ALIAS
2023-2024,LIFE_OR_PHYSICAL_SCIENCE,BIOL 1413,data\raw\catalogs\2023-2024\2023-2024_Catalog.docx,,CONTROLLED_ALIAS
2023-2024,LIFE_OR_PHYSICAL_SCIENCE,BIOL 2401,data\raw\catalogs\2023-2024\2023-2024_Catalog.docx,,CONTROLLED_ALIAS
2023-2024,LIFE_OR_PHYSICAL_SCIENCE,BIOL 2402,data\raw\catalogs\2023-2024\2023-2024_Catalog.docx,,CONTROLLED_ALIAS
2023-2024,LIFE_OR_PHYSICAL_SCIENCE,BIOL 2406,data\raw\catalogs\2023-2024\2023-2024_Catalog.docx,,CONTROLLED_ALIAS
2023-2024,LIFE_OR_PHYSICAL_SCIENCE,CHEM 1406,data\raw\catalogs\2023-2024\2023-2024_Catalog.docx,,CONTROLLED_ALIAS
2023-2024,LIFE_OR_PHYSICAL_SCIENCE,CHEM 1407,data\raw\catalogs\2023-2024\2023-2024_Catalog.docx,,CONTROLLED_ALIAS
2023-2024,LIFE_OR_PHYSICAL_SCIENCE,CHEM 1411,data\raw\catalogs\2023-2024\2023-2024_Catalog.docx,,CONTROLLED_ALIAS
2023-2024,LIFE_OR_PHYSICAL_SCIENCE,CHEM 1412,data\raw\catalogs\2023-2024\2023-2024_Catalog.docx,,CONTROLLED_ALIAS
2023-2024,LIFE_OR_PHYSICAL_SCIENCE,GEOL 1403,data\raw\catalogs\2023-2024\2023-2024_Catalog.docx,,CONTROLLED_ALIAS
2023-2024,LIFE_OR_PHYSICAL_SCIENCE,PHYS 1401,data\raw\catalogs\2023-2024\2023-2024_Catalog.docx,,CONTROLLED_ALIAS
2023-2024,LIFE_OR_PHYSICAL_SCIENCE,PHYS 1405,data\raw\catalogs\2023-2024\2023-2024_Catalog.docx,,CONTROLLED_ALIAS
2023-2024,LIFE_OR_PHYSICAL_SCIENCE,PHYS 1407,data\raw\catalogs\2023-2024\2023-2024_Catalog.docx,,CONTROLLED_ALIAS
2023-2024,LIFE_OR_PHYSICAL_SCIENCE,PHYS 2425,data\raw\catalogs\2023-2024\2023-2024_Catalog.docx,,CONTROLLED_ALIAS
2023-2024,LIFE_OR_PHYSICAL_SCIENCE,PHYS 2426,data\raw\catalogs\2023-2024\2023-2024_Catalog.docx,,CONTROLLED_ALIAS
2023-2024,LIFE_OR_PHYSICAL_SCIENCES,BIOL 1406,data\raw\catalogs\2023-2024\2023-2024_Catalog.docx,,CONTROLLED_ALIAS
2023-2024,LIFE_OR_PHYSICAL_SCIENCES,BIOL 1407,data\raw\catalogs\2023-2024\2023-2024_Catalog.docx,,CONTROLLED_ALIAS
2023-2024,LIFE_OR_PHYSICAL_SCIENCES,BIOL 1408,data\raw\catalogs\2023-2024\2023-2024_Catalog.docx,,CONTROLLED_ALIAS
2023-2024,LIFE_OR_PHYSICAL_SCIENCES,BIOL 1409,data\raw\catalogs\2023-2024\2023-2024_Catalog.docx,,CONTROLLED_ALIAS
2023-2024,LIFE_OR_PHYSICAL_SCIENCES,BIOL 1411,data\raw\catalogs\2023-2024\2023-2024_Catalog.docx,,CONTROLLED_ALIAS
2023-2024,LIFE_OR_PHYSICAL_SCIENCES,BIOL 1413,data\raw\catalogs\2023-2024\2023-2024_Catalog.docx,,CONTROLLED_ALIAS
2023-2024,LIFE_OR_PHYSICAL_SCIENCES,BIOL 2401,data\raw\catalogs\2023-2024\2023-2024_Catalog.docx,,CONTROLLED_ALIAS
2023-2024,LIFE_OR_PHYSICAL_SCIENCES,BIOL 2402,data\raw\catalogs\2023-2024\2023-2024_Catalog.docx,,CONTROLLED_ALIAS
2023-2024,LIFE_OR_PHYSICAL_SCIENCES,BIOL 2406,data\raw\catalogs\2023-2024\2023-2024_Catalog.docx,,CONTROLLED_ALIAS
2023-2024,LIFE_OR_PHYSICAL_SCIENCES,CHEM 1406,data\raw\catalogs\2023-2024\2023-2024_Catalog.docx,,CONTROLLED_ALIAS
2023-2024,LIFE_OR_PHYSICAL_SCIENCES,CHEM 1407,data\raw\catalogs\2023-2024\2023-2024_Catalog.docx,,CONTROLLED_ALIAS
2023-2024,LIFE_OR_PHYSICAL_SCIENCES,CHEM 1411,data\raw\catalogs\2023-2024\2023-2024_Catalog.docx,,CONTROLLED_ALIAS
2023-2024,LIFE_OR_PHYSICAL_SCIENCES,CHEM 1412,data\raw\catalogs\2023-2024\2023-2024_Catalog.docx,,CONTROLLED_ALIAS
2023-2024,LIFE_OR_PHYSICAL_SCIENCES,GEOL 1403,data\raw\catalogs\2023-2024\2023-2024_Catalog.docx,,CONTROLLED_ALIAS
2023-2024,LIFE_OR_PHYSICAL_SCIENCES,PHYS 1401,data\raw\catalogs\2023-2024\2023-2024_Catalog.docx,,CONTROLLED_ALIAS
2023-2024,LIFE_OR_PHYSICAL_SCIENCES,PHYS 1405,data\raw\catalogs\2023-2024\2023-2024_Catalog.docx,,CONTROLLED_ALIAS
2023-2024,LIFE_OR_PHYSICAL_SCIENCES,PHYS 1407,data\raw\catalogs\2023-2024\2023-2024_Catalog.docx,,CONTROLLED_ALIAS
2023-2024,LIFE_OR_PHYSICAL_SCIENCES,PHYS 2425,data\raw\catalogs\2023-2024\2023-2024_Catalog.docx,,CONTROLLED_ALIAS
2023-2024,LIFE_OR_PHYSICAL_SCIENCES,PHYS 2426,data\raw\catalogs\2023-2024\2023-2024_Catalog.docx,,CONTROLLED_ALIAS
2023-2024,LIFE_SCIENCE_CORE_030,BIOL 1406,data\raw\catalogs\2023-2024\2023-2024_Catalog.docx,,CONTROLLED_ALIAS
2023-2024,LIFE_SCIENCE_CORE_030,BIOL 1407,data\raw\catalogs\2023-2024\2023-2024_Catalog.docx,,CONTROLLED_ALIAS
2023-2024,LIFE_SCIENCE_CORE_030,BIOL 1408,data\raw\catalogs\2023-2024\2023-2024_Catalog.docx,,CONTROLLED_ALIAS
2023-2024,LIFE_SCIENCE_CORE_030,BIOL 1409,data\raw\catalogs\2023-2024\2023-2024_Catalog.docx,,CONTROLLED_ALIAS
2023-2024,LIFE_SCIENCE_CORE_030,BIOL 1411,data\raw\catalogs\2023-2024\2023-2024_Catalog.docx,,CONTROLLED_ALIAS
2023-2024,LIFE_SCIENCE_CORE_030,BIOL 1413,data\raw\catalogs\2023-2024\2023-2024_Catalog.docx,,CONTROLLED_ALIAS
2023-2024,LIFE_SCIENCE_CORE_030,BIOL 2401,data\raw\catalogs\2023-2024\2023-2024_Catalog.docx,,CONTROLLED_ALIAS
2023-2024,LIFE_SCIENCE_CORE_030,BIOL 2402,data\raw\catalogs\2023-2024\2023-2024_Catalog.docx,,CONTROLLED_ALIAS
2023-2024,LIFE_SCIENCE_CORE_030,BIOL 2406,data\raw\catalogs\2023-2024\2023-2024_Catalog.docx,,CONTROLLED_ALIAS
2023-2024,MATHEMATICS_CORE,MATH 1314,data\raw\catalogs\2023-2024\2023-2024_Catalog.docx,13,CANONICAL
2023-2024,MATHEMATICS_CORE,MATH 1324,data\raw\catalogs\2023-2024\2023-2024_Catalog.docx,13,CANONICAL
2023-2024,MATHEMATICS_CORE,MATH 1332,data\raw\catalogs\2023-2024\2023-2024_Catalog.docx,13,CANONICAL
2023-2024,MATHEMATICS_CORE,MATH 1342,data\raw\catalogs\2023-2024\2023-2024_Catalog.docx,13,CANONICAL
2023-2024,MATHEMATICS_CORE,MATH 2312,data\raw\catalogs\2023-2024\2023-2024_Catalog.docx,13,CANONICAL
2023-2024,MATHEMATICS_CORE,MATH 2413,data\raw\catalogs\2023-2024\2023-2024_Catalog.docx,13,CANONICAL
2023-2024,MATHEMATICS_CORE,MATH 2414,data\raw\catalogs\2023-2024\2023-2024_Catalog.docx,13,CANONICAL
2023-2024,PHYSICAL_SCIENCE,CHEM 1406,data\raw\catalogs\2023-2024\2023-2024_Catalog.docx,,CONTROLLED_ALIAS
2023-2024,PHYSICAL_SCIENCE,CHEM 1407,data\raw\catalogs\2023-2024\2023-2024_Catalog.docx,,CONTROLLED_ALIAS
2023-2024,PHYSICAL_SCIENCE,CHEM 1411,data\raw\catalogs\2023-2024\2023-2024_Catalog.docx,,CONTROLLED_ALIAS
2023-2024,PHYSICAL_SCIENCE,CHEM 1412,data\raw\catalogs\2023-2024\2023-2024_Catalog.docx,,CONTROLLED_ALIAS
2023-2024,PHYSICAL_SCIENCE,GEOL 1403,data\raw\catalogs\2023-2024\2023-2024_Catalog.docx,,CONTROLLED_ALIAS
2023-2024,PHYSICAL_SCIENCE,PHYS 1401,data\raw\catalogs\2023-2024\2023-2024_Catalog.docx,,CONTROLLED_ALIAS
2023-2024,PHYSICAL_SCIENCE,PHYS 1405,data\raw\catalogs\2023-2024\2023-2024_Catalog.docx,,CONTROLLED_ALIAS
2023-2024,PHYSICAL_SCIENCE,PHYS 1407,data\raw\catalogs\2023-2024\2023-2024_Catalog.docx,,CONTROLLED_ALIAS
2023-2024,PHYSICAL_SCIENCE,PHYS 2425,data\raw\catalogs\2023-2024\2023-2024_Catalog.docx,,CONTROLLED_ALIAS
2023-2024,PHYSICAL_SCIENCE,PHYS 2426,data\raw\catalogs\2023-2024\2023-2024_Catalog.docx,,CONTROLLED_ALIAS
2023-2024,PHYSICAL_SCIENCE_CORE_030,CHEM 1406,data\raw\catalogs\2023-2024\2023-2024_Catalog.docx,,CONTROLLED_ALIAS
2023-2024,PHYSICAL_SCIENCE_CORE_030,CHEM 1407,data\raw\catalogs\2023-2024\2023-2024_Catalog.docx,,CONTROLLED_ALIAS
2023-2024,PHYSICAL_SCIENCE_CORE_030,CHEM 1411,data\raw\catalogs\2023-2024\2023-2024_Catalog.docx,,CONTROLLED_ALIAS
2023-2024,PHYSICAL_SCIENCE_CORE_030,CHEM 1412,data\raw\catalogs\2023-2024\2023-2024_Catalog.docx,,CONTROLLED_ALIAS
2023-2024,PHYSICAL_SCIENCE_CORE_030,GEOL 1403,data\raw\catalogs\2023-2024\2023-2024_Catalog.docx,,CONTROLLED_ALIAS
2023-2024,PHYSICAL_SCIENCE_CORE_030,PHYS 1401,data\raw\catalogs\2023-2024\2023-2024_Catalog.docx,,CONTROLLED_ALIAS
2023-2024,PHYSICAL_SCIENCE_CORE_030,PHYS 1405,data\raw\catalogs\2023-2024\2023-2024_Catalog.docx,,CONTROLLED_ALIAS
2023-2024,PHYSICAL_SCIENCE_CORE_030,PHYS 1407,data\raw\catalogs\2023-2024\2023-2024_Catalog.docx,,CONTROLLED_ALIAS
2023-2024,PHYSICAL_SCIENCE_CORE_030,PHYS 2425,data\raw\catalogs\2023-2024\2023-2024_Catalog.docx,,CONTROLLED_ALIAS
2023-2024,PHYSICAL_SCIENCE_CORE_030,PHYS 2426,data\raw\catalogs\2023-2024\2023-2024_Catalog.docx,,CONTROLLED_ALIAS
2023-2024,SOCIAL_AND_BEHAVIORAL_SCIENCE_CORE,ECON 2301,data\raw\catalogs\2023-2024\2023-2024_Catalog.docx,13,CANONICAL
2023-2024,SOCIAL_AND_BEHAVIORAL_SCIENCE_CORE,ECON 2302,data\raw\catalogs\2023-2024\2023-2024_Catalog.docx,13,CANONICAL
2023-2024,SOCIAL_AND_BEHAVIORAL_SCIENCE_CORE,GEOG 1401,data\raw\catalogs\2023-2024\2023-2024_Catalog.docx,13,CANONICAL
2023-2024,SOCIAL_AND_BEHAVIORAL_SCIENCE_CORE,GEOG 1402,data\raw\catalogs\2023-2024\2023-2024_Catalog.docx,13,CANONICAL
2023-2024,SOCIAL_AND_BEHAVIORAL_SCIENCE_CORE,PSYC 2301,data\raw\catalogs\2023-2024\2023-2024_Catalog.docx,13,CANONICAL
2023-2024,SOCIAL_AND_BEHAVIORAL_SCIENCE_CORE,SOCI 1301,data\raw\catalogs\2023-2024\2023-2024_Catalog.docx,13,CANONICAL
2023-2024,SOCIAL_AND_BEHAVIORAL_SCIENCE_E,ECON 2301,data\raw\catalogs\2023-2024\2023-2024_Catalog.docx,,CONTROLLED_ALIAS
2023-2024,SOCIAL_AND_BEHAVIORAL_SCIENCE_E,ECON 2302,data\raw\catalogs\2023-2024\2023-2024_Catalog.docx,,CONTROLLED_ALIAS
2023-2024,SOCIAL_AND_BEHAVIORAL_SCIENCE_E,GEOG 1401,data\raw\catalogs\2023-2024\2023-2024_Catalog.docx,,CONTROLLED_ALIAS
2023-2024,SOCIAL_AND_BEHAVIORAL_SCIENCE_E,GEOG 1402,data\raw\catalogs\2023-2024\2023-2024_Catalog.docx,,CONTROLLED_ALIAS
2023-2024,SOCIAL_AND_BEHAVIORAL_SCIENCE_E,PSYC 2301,data\raw\catalogs\2023-2024\2023-2024_Catalog.docx,,CONTROLLED_ALIAS
2023-2024,SOCIAL_AND_BEHAVIORAL_SCIENCE_E,SOCI 1301,data\raw\catalogs\2023-2024\2023-2024_Catalog.docx,,CONTROLLED_ALIAS
2023-2024,SOCIAL_BEHAVIORAL_SCIENCE,ECON 2301,data\raw\catalogs\2023-2024\2023-2024_Catalog.docx,,CONTROLLED_ALIAS
2023-2024,SOCIAL_BEHAVIORAL_SCIENCE,ECON 2302,data\raw\catalogs\2023-2024\2023-2024_Catalog.docx,,CONTROLLED_ALIAS
2023-2024,SOCIAL_BEHAVIORAL_SCIENCE,GEOG 1401,data\raw\catalogs\2023-2024\2023-2024_Catalog.docx,,CONTROLLED_ALIAS
2023-2024,SOCIAL_BEHAVIORAL_SCIENCE,GEOG 1402,data\raw\catalogs\2023-2024\2023-2024_Catalog.docx,,CONTROLLED_ALIAS
2023-2024,SOCIAL_BEHAVIORAL_SCIENCE,PSYC 2301,data\raw\catalogs\2023-2024\2023-2024_Catalog.docx,,CONTROLLED_ALIAS
2023-2024,SOCIAL_BEHAVIORAL_SCIENCE,SOCI 1301,data\raw\catalogs\2023-2024\2023-2024_Catalog.docx,,CONTROLLED_ALIAS
2023-2024,SOCIAL_BEHAVIORAL_SCIENCE_CORE,ECON 2301,data\raw\catalogs\2023-2024\2023-2024_Catalog.docx,,CONTROLLED_ALIAS
2023-2024,SOCIAL_BEHAVIORAL_SCIENCE_CORE,ECON 2302,data\raw\catalogs\2023-2024\2023-2024_Catalog.docx,,CONTROLLED_ALIAS
2023-2024,SOCIAL_BEHAVIORAL_SCIENCE_CORE,GEOG 1401,data\raw\catalogs\2023-2024\2023-2024_Catalog.docx,,CONTROLLED_ALIAS
2023-2024,SOCIAL_BEHAVIORAL_SCIENCE_CORE,GEOG 1402,data\raw\catalogs\2023-2024\2023-2024_Catalog.docx,,CONTROLLED_ALIAS
2023-2024,SOCIAL_BEHAVIORAL_SCIENCE_CORE,PSYC 2301,data\raw\catalogs\2023-2024\2023-2024_Catalog.docx,,CONTROLLED_ALIAS
2023-2024,SOCIAL_BEHAVIORAL_SCIENCE_CORE,SOCI 1301,data\raw\catalogs\2023-2024\2023-2024_Catalog.docx,,CONTROLLED_ALIAS
2023-2024,SOCIAL_BEHAVIORAL_SCIENCE_ELECTIVE,ECON 2301,data\raw\catalogs\2023-2024\2023-2024_Catalog.docx,,CONTROLLED_ALIAS
2023-2024,SOCIAL_BEHAVIORAL_SCIENCE_ELECTIVE,ECON 2302,data\raw\catalogs\2023-2024\2023-2024_Catalog.docx,,CONTROLLED_ALIAS
2023-2024,SOCIAL_BEHAVIORAL_SCIENCE_ELECTIVE,GEOG 1401,data\raw\catalogs\2023-2024\2023-2024_Catalog.docx,,CONTROLLED_ALIAS
2023-2024,SOCIAL_BEHAVIORAL_SCIENCE_ELECTIVE,GEOG 1402,data\raw\catalogs\2023-2024\2023-2024_Catalog.docx,,CONTROLLED_ALIAS
2023-2024,SOCIAL_BEHAVIORAL_SCIENCE_ELECTIVE,PSYC 2301,data\raw\catalogs\2023-2024\2023-2024_Catalog.docx,,CONTROLLED_ALIAS
2023-2024,SOCIAL_BEHAVIORAL_SCIENCE_ELECTIVE,SOCI 1301,data\raw\catalogs\2023-2024\2023-2024_Catalog.docx,,CONTROLLED_ALIAS
2024-2025,AMERICAN_HISTORY_CORE,HIST 1301,data\raw\catalogs\2024-2025\2024-2025_Catalog.docx,15,CANONICAL
2024-2025,AMERICAN_HISTORY_CORE,HIST 1302,data\raw\catalogs\2024-2025\2024-2025_Catalog.docx,15,CANONICAL
2024-2025,AMERICAN_HISTORY_CORE,HIST 2301,data\raw\catalogs\2024-2025\2024-2025_Catalog.docx,15,CANONICAL
2024-2025,COMMUNICATION_CORE,ENGL 1301,data\raw\catalogs\2024-2025\2024-2025_Catalog.docx,15,CANONICAL
2024-2025,COMMUNICATION_CORE,ENGL 1302,data\raw\catalogs\2024-2025\2024-2025_Catalog.docx,15,CANONICAL
2024-2025,COMMUNICATION_CORE,SPCH 1315,data\raw\catalogs\2024-2025\2024-2025_Catalog.docx,15,CANONICAL
2024-2025,COMMUNICATION_OR_COMPONENT_AREA_OPTION,ARTS 1303,data\raw\catalogs\2024-2025\2024-2025_Catalog.docx,,CONTROLLED_ALIAS
2024-2025,COMMUNICATION_OR_COMPONENT_AREA_OPTION,BCIS 1305,data\raw\catalogs\2024-2025\2024-2025_Catalog.docx,,CONTROLLED_ALIAS
2024-2025,COMMUNICATION_OR_COMPONENT_AREA_OPTION,BIOL 1406,data\raw\catalogs\2024-2025\2024-2025_Catalog.docx,,CONTROLLED_ALIAS
2024-2025,COMMUNICATION_OR_COMPONENT_AREA_OPTION,BIOL 1407,data\raw\catalogs\2024-2025\2024-2025_Catalog.docx,,CONTROLLED_ALIAS
2024-2025,COMMUNICATION_OR_COMPONENT_AREA_OPTION,BIOL 1408,data\raw\catalogs\2024-2025\2024-2025_Catalog.docx,,CONTROLLED_ALIAS
2024-2025,COMMUNICATION_OR_COMPONENT_AREA_OPTION,BIOL 1409,data\raw\catalogs\2024-2025\2024-2025_Catalog.docx,,CONTROLLED_ALIAS
2024-2025,COMMUNICATION_OR_COMPONENT_AREA_OPTION,BIOL 1411,data\raw\catalogs\2024-2025\2024-2025_Catalog.docx,,CONTROLLED_ALIAS
2024-2025,COMMUNICATION_OR_COMPONENT_AREA_OPTION,BIOL 1413,data\raw\catalogs\2024-2025\2024-2025_Catalog.docx,,CONTROLLED_ALIAS
2024-2025,COMMUNICATION_OR_COMPONENT_AREA_OPTION,BIOL 2401,data\raw\catalogs\2024-2025\2024-2025_Catalog.docx,,CONTROLLED_ALIAS
2024-2025,COMMUNICATION_OR_COMPONENT_AREA_OPTION,BIOL 2402,data\raw\catalogs\2024-2025\2024-2025_Catalog.docx,,CONTROLLED_ALIAS
2024-2025,COMMUNICATION_OR_COMPONENT_AREA_OPTION,BIOL 2406,data\raw\catalogs\2024-2025\2024-2025_Catalog.docx,,CONTROLLED_ALIAS
2024-2025,COMMUNICATION_OR_COMPONENT_AREA_OPTION,CHEM 1406,data\raw\catalogs\2024-2025\2024-2025_Catalog.docx,,CONTROLLED_ALIAS
2024-2025,COMMUNICATION_OR_COMPONENT_AREA_OPTION,CHEM 1407,data\raw\catalogs\2024-2025\2024-2025_Catalog.docx,,CONTROLLED_ALIAS
2024-2025,COMMUNICATION_OR_COMPONENT_AREA_OPTION,CHEM 1411,data\raw\catalogs\2024-2025\2024-2025_Catalog.docx,,CONTROLLED_ALIAS
2024-2025,COMMUNICATION_OR_COMPONENT_AREA_OPTION,CHEM 1412,data\raw\catalogs\2024-2025\2024-2025_Catalog.docx,,CONTROLLED_ALIAS
2024-2025,COMMUNICATION_OR_COMPONENT_AREA_OPTION,COMM 1307,data\raw\catalogs\2024-2025\2024-2025_Catalog.docx,,CONTROLLED_ALIAS
2024-2025,COMMUNICATION_OR_COMPONENT_AREA_OPTION,COSC 1301,data\raw\catalogs\2024-2025\2024-2025_Catalog.docx,,CONTROLLED_ALIAS
2024-2025,COMMUNICATION_OR_COMPONENT_AREA_OPTION,DRAM 2366,data\raw\catalogs\2024-2025\2024-2025_Catalog.docx,,CONTROLLED_ALIAS
2024-2025,COMMUNICATION_OR_COMPONENT_AREA_OPTION,ECON 2301,data\raw\catalogs\2024-2025\2024-2025_Catalog.docx,,CONTROLLED_ALIAS
2024-2025,COMMUNICATION_OR_COMPONENT_AREA_OPTION,ECON 2302,data\raw\catalogs\2024-2025\2024-2025_Catalog.docx,,CONTROLLED_ALIAS
2024-2025,COMMUNICATION_OR_COMPONENT_AREA_OPTION,EDUC 1300,data\raw\catalogs\2024-2025\2024-2025_Catalog.docx,,CONTROLLED_ALIAS
2024-2025,COMMUNICATION_OR_COMPONENT_AREA_OPTION,ENGL 1301,data\raw\catalogs\2024-2025\2024-2025_Catalog.docx,,CONTROLLED_ALIAS
2024-2025,COMMUNICATION_OR_COMPONENT_AREA_OPTION,ENGL 1302,data\raw\catalogs\2024-2025\2024-2025_Catalog.docx,,CONTROLLED_ALIAS
2024-2025,COMMUNICATION_OR_COMPONENT_AREA_OPTION,ENGL 2307,data\raw\catalogs\2024-2025\2024-2025_Catalog.docx,,CONTROLLED_ALIAS
2024-2025,COMMUNICATION_OR_COMPONENT_AREA_OPTION,GEOG 1303,data\raw\catalogs\2024-2025\2024-2025_Catalog.docx,,CONTROLLED_ALIAS
2024-2025,COMMUNICATION_OR_COMPONENT_AREA_OPTION,GEOL 1403,data\raw\catalogs\2024-2025\2024-2025_Catalog.docx,,CONTROLLED_ALIAS
2024-2025,COMMUNICATION_OR_COMPONENT_AREA_OPTION,GEOL 1404,data\raw\catalogs\2024-2025\2024-2025_Catalog.docx,,CONTROLLED_ALIAS
2024-2025,COMMUNICATION_OR_COMPONENT_AREA_OPTION,MATH 1314,data\raw\catalogs\2024-2025\2024-2025_Catalog.docx,,CONTROLLED_ALIAS
2024-2025,COMMUNICATION_OR_COMPONENT_AREA_OPTION,MATH 1324,data\raw\catalogs\2024-2025\2024-2025_Catalog.docx,,CONTROLLED_ALIAS
2024-2025,COMMUNICATION_OR_COMPONENT_AREA_OPTION,MATH 1325,data\raw\catalogs\2024-2025\2024-2025_Catalog.docx,,CONTROLLED_ALIAS
2024-2025,COMMUNICATION_OR_COMPONENT_AREA_OPTION,MATH 1332,data\raw\catalogs\2024-2025\2024-2025_Catalog.docx,,CONTROLLED_ALIAS
2024-2025,COMMUNICATION_OR_COMPONENT_AREA_OPTION,MATH 1342,data\raw\catalogs\2024-2025\2024-2025_Catalog.docx,,CONTROLLED_ALIAS
2024-2025,COMMUNICATION_OR_COMPONENT_AREA_OPTION,MATH 1350,data\raw\catalogs\2024-2025\2024-2025_Catalog.docx,,CONTROLLED_ALIAS
2024-2025,COMMUNICATION_OR_COMPONENT_AREA_OPTION,MATH 1351,data\raw\catalogs\2024-2025\2024-2025_Catalog.docx,,CONTROLLED_ALIAS
2024-2025,COMMUNICATION_OR_COMPONENT_AREA_OPTION,MATH 2312,data\raw\catalogs\2024-2025\2024-2025_Catalog.docx,,CONTROLLED_ALIAS
2024-2025,COMMUNICATION_OR_COMPONENT_AREA_OPTION,MATH 2413,data\raw\catalogs\2024-2025\2024-2025_Catalog.docx,,CONTROLLED_ALIAS
2024-2025,COMMUNICATION_OR_COMPONENT_AREA_OPTION,MATH 2414,data\raw\catalogs\2024-2025\2024-2025_Catalog.docx,,CONTROLLED_ALIAS
2024-2025,COMMUNICATION_OR_COMPONENT_AREA_OPTION,PHIL 1301,data\raw\catalogs\2024-2025\2024-2025_Catalog.docx,,CONTROLLED_ALIAS
2024-2025,COMMUNICATION_OR_COMPONENT_AREA_OPTION,PHIL 2306,data\raw\catalogs\2024-2025\2024-2025_Catalog.docx,,CONTROLLED_ALIAS
2024-2025,COMMUNICATION_OR_COMPONENT_AREA_OPTION,PHYS 1401,data\raw\catalogs\2024-2025\2024-2025_Catalog.docx,,CONTROLLED_ALIAS
2024-2025,COMMUNICATION_OR_COMPONENT_AREA_OPTION,PHYS 1405,data\raw\catalogs\2024-2025\2024-2025_Catalog.docx,,CONTROLLED_ALIAS
2024-2025,COMMUNICATION_OR_COMPONENT_AREA_OPTION,PHYS 1407,data\raw\catalogs\2024-2025\2024-2025_Catalog.docx,,CONTROLLED_ALIAS
2024-2025,COMMUNICATION_OR_COMPONENT_AREA_OPTION,PHYS 2425,data\raw\catalogs\2024-2025\2024-2025_Catalog.docx,,CONTROLLED_ALIAS
2024-2025,COMMUNICATION_OR_COMPONENT_AREA_OPTION,PHYS 2426,data\raw\catalogs\2024-2025\2024-2025_Catalog.docx,,CONTROLLED_ALIAS
2024-2025,COMMUNICATION_OR_COMPONENT_AREA_OPTION,PSYC 2301,data\raw\catalogs\2024-2025\2024-2025_Catalog.docx,,CONTROLLED_ALIAS
2024-2025,COMMUNICATION_OR_COMPONENT_AREA_OPTION,PSYC 2314,data\raw\catalogs\2024-2025\2024-2025_Catalog.docx,,CONTROLLED_ALIAS
2024-2025,COMMUNICATION_OR_COMPONENT_AREA_OPTION,SOCI 1301,data\raw\catalogs\2024-2025\2024-2025_Catalog.docx,,CONTROLLED_ALIAS
2024-2025,COMMUNICATION_OR_COMPONENT_AREA_OPTION,SOCI 1306,data\raw\catalogs\2024-2025\2024-2025_Catalog.docx,,CONTROLLED_ALIAS
2024-2025,COMMUNICATION_OR_COMPONENT_AREA_OPTION,SOCI 2301,data\raw\catalogs\2024-2025\2024-2025_Catalog.docx,,CONTROLLED_ALIAS
2024-2025,COMMUNICATION_OR_COMPONENT_AREA_OPTION,SPCH 1311,data\raw\catalogs\2024-2025\2024-2025_Catalog.docx,,CONTROLLED_ALIAS
2024-2025,COMMUNICATION_OR_COMPONENT_AREA_OPTION,SPCH 1315,data\raw\catalogs\2024-2025\2024-2025_Catalog.docx,,CONTROLLED_ALIAS
2024-2025,COMMUNICATION_OR_COMPONENT_AREA_OPTION,SPCH 1318,data\raw\catalogs\2024-2025\2024-2025_Catalog.docx,,CONTROLLED_ALIAS
2024-2025,COMMUNICATION_OR_COMPONENT_AREA_OPTION,SPCH 1321,data\raw\catalogs\2024-2025\2024-2025_Catalog.docx,,CONTROLLED_ALIAS
2024-2025,COMPONENT_AREA_OPTION_CORE,ARTS 1303,data\raw\catalogs\2024-2025\2024-2025_Catalog.docx,15,CANONICAL
2024-2025,COMPONENT_AREA_OPTION_CORE,BCIS 1305,data\raw\catalogs\2024-2025\2024-2025_Catalog.docx,15,CANONICAL
2024-2025,COMPONENT_AREA_OPTION_CORE,BIOL 1406,data\raw\catalogs\2024-2025\2024-2025_Catalog.docx,15,CANONICAL
2024-2025,COMPONENT_AREA_OPTION_CORE,BIOL 1407,data\raw\catalogs\2024-2025\2024-2025_Catalog.docx,15,CANONICAL
2024-2025,COMPONENT_AREA_OPTION_CORE,BIOL 1408,data\raw\catalogs\2024-2025\2024-2025_Catalog.docx,15,CANONICAL
2024-2025,COMPONENT_AREA_OPTION_CORE,BIOL 1409,data\raw\catalogs\2024-2025\2024-2025_Catalog.docx,15,CANONICAL
2024-2025,COMPONENT_AREA_OPTION_CORE,BIOL 1411,data\raw\catalogs\2024-2025\2024-2025_Catalog.docx,15,CANONICAL
2024-2025,COMPONENT_AREA_OPTION_CORE,BIOL 1413,data\raw\catalogs\2024-2025\2024-2025_Catalog.docx,15,CANONICAL
2024-2025,COMPONENT_AREA_OPTION_CORE,BIOL 2401,data\raw\catalogs\2024-2025\2024-2025_Catalog.docx,15,CANONICAL
2024-2025,COMPONENT_AREA_OPTION_CORE,BIOL 2402,data\raw\catalogs\2024-2025\2024-2025_Catalog.docx,15,CANONICAL
2024-2025,COMPONENT_AREA_OPTION_CORE,BIOL 2406,data\raw\catalogs\2024-2025\2024-2025_Catalog.docx,15,CANONICAL
2024-2025,COMPONENT_AREA_OPTION_CORE,CHEM 1406,data\raw\catalogs\2024-2025\2024-2025_Catalog.docx,15,CANONICAL
2024-2025,COMPONENT_AREA_OPTION_CORE,CHEM 1407,data\raw\catalogs\2024-2025\2024-2025_Catalog.docx,15,CANONICAL
2024-2025,COMPONENT_AREA_OPTION_CORE,CHEM 1411,data\raw\catalogs\2024-2025\2024-2025_Catalog.docx,15,CANONICAL
2024-2025,COMPONENT_AREA_OPTION_CORE,CHEM 1412,data\raw\catalogs\2024-2025\2024-2025_Catalog.docx,15,CANONICAL
2024-2025,COMPONENT_AREA_OPTION_CORE,COMM 1307,data\raw\catalogs\2024-2025\2024-2025_Catalog.docx,15,CANONICAL
2024-2025,COMPONENT_AREA_OPTION_CORE,COSC 1301,data\raw\catalogs\2024-2025\2024-2025_Catalog.docx,15,CANONICAL
2024-2025,COMPONENT_AREA_OPTION_CORE,DRAM 2366,data\raw\catalogs\2024-2025\2024-2025_Catalog.docx,15,CANONICAL
2024-2025,COMPONENT_AREA_OPTION_CORE,ECON 2301,data\raw\catalogs\2024-2025\2024-2025_Catalog.docx,15,CANONICAL
2024-2025,COMPONENT_AREA_OPTION_CORE,ECON 2302,data\raw\catalogs\2024-2025\2024-2025_Catalog.docx,15,CANONICAL
2024-2025,COMPONENT_AREA_OPTION_CORE,EDUC 1300,data\raw\catalogs\2024-2025\2024-2025_Catalog.docx,15,CANONICAL
2024-2025,COMPONENT_AREA_OPTION_CORE,ENGL 1302,data\raw\catalogs\2024-2025\2024-2025_Catalog.docx,15,CANONICAL
2024-2025,COMPONENT_AREA_OPTION_CORE,ENGL 2307,data\raw\catalogs\2024-2025\2024-2025_Catalog.docx,15,CANONICAL
2024-2025,COMPONENT_AREA_OPTION_CORE,GEOG 1303,data\raw\catalogs\2024-2025\2024-2025_Catalog.docx,15,CANONICAL
2024-2025,COMPONENT_AREA_OPTION_CORE,GEOL 1403,data\raw\catalogs\2024-2025\2024-2025_Catalog.docx,15,CANONICAL
2024-2025,COMPONENT_AREA_OPTION_CORE,GEOL 1404,data\raw\catalogs\2024-2025\2024-2025_Catalog.docx,15,CANONICAL
2024-2025,COMPONENT_AREA_OPTION_CORE,MATH 1314,data\raw\catalogs\2024-2025\2024-2025_Catalog.docx,15,CANONICAL
2024-2025,COMPONENT_AREA_OPTION_CORE,MATH 1324,data\raw\catalogs\2024-2025\2024-2025_Catalog.docx,15,CANONICAL
2024-2025,COMPONENT_AREA_OPTION_CORE,MATH 1325,data\raw\catalogs\2024-2025\2024-2025_Catalog.docx,15,CANONICAL
2024-2025,COMPONENT_AREA_OPTION_CORE,MATH 1332,data\raw\catalogs\2024-2025\2024-2025_Catalog.docx,15,CANONICAL
2024-2025,COMPONENT_AREA_OPTION_CORE,MATH 1342,data\raw\catalogs\2024-2025\2024-2025_Catalog.docx,15,CANONICAL
2024-2025,COMPONENT_AREA_OPTION_CORE,MATH 1350,data\raw\catalogs\2024-2025\2024-2025_Catalog.docx,15,CANONICAL
2024-2025,COMPONENT_AREA_OPTION_CORE,MATH 1351,data\raw\catalogs\2024-2025\2024-2025_Catalog.docx,15,CANONICAL
2024-2025,COMPONENT_AREA_OPTION_CORE,MATH 2312,data\raw\catalogs\2024-2025\2024-2025_Catalog.docx,15,CANONICAL
2024-2025,COMPONENT_AREA_OPTION_CORE,MATH 2413,data\raw\catalogs\2024-2025\2024-2025_Catalog.docx,15,CANONICAL
2024-2025,COMPONENT_AREA_OPTION_CORE,MATH 2414,data\raw\catalogs\2024-2025\2024-2025_Catalog.docx,15,CANONICAL
2024-2025,COMPONENT_AREA_OPTION_CORE,PHIL 1301,data\raw\catalogs\2024-2025\2024-2025_Catalog.docx,15,CANONICAL
2024-2025,COMPONENT_AREA_OPTION_CORE,PHIL 2306,data\raw\catalogs\2024-2025\2024-2025_Catalog.docx,15,CANONICAL
2024-2025,COMPONENT_AREA_OPTION_CORE,PHYS 1401,data\raw\catalogs\2024-2025\2024-2025_Catalog.docx,15,CANONICAL
2024-2025,COMPONENT_AREA_OPTION_CORE,PHYS 1405,data\raw\catalogs\2024-2025\2024-2025_Catalog.docx,15,CANONICAL
2024-2025,COMPONENT_AREA_OPTION_CORE,PHYS 1407,data\raw\catalogs\2024-2025\2024-2025_Catalog.docx,15,CANONICAL
2024-2025,COMPONENT_AREA_OPTION_CORE,PHYS 2425,data\raw\catalogs\2024-2025\2024-2025_Catalog.docx,15,CANONICAL
2024-2025,COMPONENT_AREA_OPTION_CORE,PHYS 2426,data\raw\catalogs\2024-2025\2024-2025_Catalog.docx,15,CANONICAL
2024-2025,COMPONENT_AREA_OPTION_CORE,PSYC 2301,data\raw\catalogs\2024-2025\2024-2025_Catalog.docx,15,CANONICAL
2024-2025,COMPONENT_AREA_OPTION_CORE,PSYC 2314,data\raw\catalogs\2024-2025\2024-2025_Catalog.docx,15,CANONICAL
2024-2025,COMPONENT_AREA_OPTION_CORE,SOCI 1301,data\raw\catalogs\2024-2025\2024-2025_Catalog.docx,15,CANONICAL
2024-2025,COMPONENT_AREA_OPTION_CORE,SOCI 1306,data\raw\catalogs\2024-2025\2024-2025_Catalog.docx,15,CANONICAL
2024-2025,COMPONENT_AREA_OPTION_CORE,SOCI 2301,data\raw\catalogs\2024-2025\2024-2025_Catalog.docx,15,CANONICAL
2024-2025,COMPONENT_AREA_OPTION_CORE,SPCH 1311,data\raw\catalogs\2024-2025\2024-2025_Catalog.docx,15,CANONICAL
2024-2025,COMPONENT_AREA_OPTION_CORE,SPCH 1315,data\raw\catalogs\2024-2025\2024-2025_Catalog.docx,15,CANONICAL
2024-2025,COMPONENT_AREA_OPTION_CORE,SPCH 1318,data\raw\catalogs\2024-2025\2024-2025_Catalog.docx,15,CANONICAL
2024-2025,COMPONENT_AREA_OPTION_CORE,SPCH 1321,data\raw\catalogs\2024-2025\2024-2025_Catalog.docx,15,CANONICAL
2024-2025,CREATIVE_ARTS_CORE,ARTS 1301,data\raw\catalogs\2024-2025\2024-2025_Catalog.docx,15,CANONICAL
2024-2025,CREATIVE_ARTS_CORE,DRAM 1310,data\raw\catalogs\2024-2025\2024-2025_Catalog.docx,15,CANONICAL
2024-2025,CREATIVE_ARTS_CORE,DRAM 2366,data\raw\catalogs\2024-2025\2024-2025_Catalog.docx,15,CANONICAL
2024-2025,CREATIVE_ARTS_CORE,ENGL 2307,data\raw\catalogs\2024-2025\2024-2025_Catalog.docx,15,CANONICAL
2024-2025,CREATIVE_ARTS_CORE,MUSI 1306,data\raw\catalogs\2024-2025\2024-2025_Catalog.docx,15,CANONICAL
2024-2025,CREATIVE_ARTS_CORE_ARTS_CORE,ARTS 1301,data\raw\catalogs\2024-2025\2024-2025_Catalog.docx,,CONTROLLED_ALIAS
2024-2025,CREATIVE_ARTS_CORE_ARTS_CORE,DRAM 1310,data\raw\catalogs\2024-2025\2024-2025_Catalog.docx,,CONTROLLED_ALIAS
2024-2025,CREATIVE_ARTS_CORE_ARTS_CORE,DRAM 2366,data\raw\catalogs\2024-2025\2024-2025_Catalog.docx,,CONTROLLED_ALIAS
2024-2025,CREATIVE_ARTS_CORE_ARTS_CORE,ENGL 2307,data\raw\catalogs\2024-2025\2024-2025_Catalog.docx,,CONTROLLED_ALIAS
2024-2025,CREATIVE_ARTS_CORE_ARTS_CORE,MUSI 1306,data\raw\catalogs\2024-2025\2024-2025_Catalog.docx,,CONTROLLED_ALIAS
2024-2025,GOVERNMENT_POLITICAL_SCIENCE_CORE,GOVT 2305,data\raw\catalogs\2024-2025\2024-2025_Catalog.docx,15,CANONICAL
2024-2025,GOVERNMENT_POLITICAL_SCIENCE_CORE,GOVT 2306,data\raw\catalogs\2024-2025\2024-2025_Catalog.docx,15,CANONICAL
2024-2025,LANGUAGE_AND_PHILOSOPHY_OR_CREATIVE_ARTS,ARTS 1301,data\raw\catalogs\2024-2025\2024-2025_Catalog.docx,,CONTROLLED_ALIAS
2024-2025,LANGUAGE_AND_PHILOSOPHY_OR_CREATIVE_ARTS,ARTS 1303,data\raw\catalogs\2024-2025\2024-2025_Catalog.docx,,CONTROLLED_ALIAS
2024-2025,LANGUAGE_AND_PHILOSOPHY_OR_CREATIVE_ARTS,COMM 1307,data\raw\catalogs\2024-2025\2024-2025_Catalog.docx,,CONTROLLED_ALIAS
2024-2025,LANGUAGE_AND_PHILOSOPHY_OR_CREATIVE_ARTS,DRAM 1310,data\raw\catalogs\2024-2025\2024-2025_Catalog.docx,,CONTROLLED_ALIAS
2024-2025,LANGUAGE_AND_PHILOSOPHY_OR_CREATIVE_ARTS,DRAM 2366,data\raw\catalogs\2024-2025\2024-2025_Catalog.docx,,CONTROLLED_ALIAS
2024-2025,LANGUAGE_AND_PHILOSOPHY_OR_CREATIVE_ARTS,ENGL 2307,data\raw\catalogs\2024-2025\2024-2025_Catalog.docx,,CONTROLLED_ALIAS
2024-2025,LANGUAGE_AND_PHILOSOPHY_OR_CREATIVE_ARTS,ENGL 2322,data\raw\catalogs\2024-2025\2024-2025_Catalog.docx,,CONTROLLED_ALIAS
2024-2025,LANGUAGE_AND_PHILOSOPHY_OR_CREATIVE_ARTS,ENGL 2323,data\raw\catalogs\2024-2025\2024-2025_Catalog.docx,,CONTROLLED_ALIAS
2024-2025,LANGUAGE_AND_PHILOSOPHY_OR_CREATIVE_ARTS,ENGL 2326,data\raw\catalogs\2024-2025\2024-2025_Catalog.docx,,CONTROLLED_ALIAS
2024-2025,LANGUAGE_AND_PHILOSOPHY_OR_CREATIVE_ARTS,ENGL 2331,data\raw\catalogs\2024-2025\2024-2025_Catalog.docx,,CONTROLLED_ALIAS
2024-2025,LANGUAGE_AND_PHILOSOPHY_OR_CREATIVE_ARTS,ENGL 2341,data\raw\catalogs\2024-2025\2024-2025_Catalog.docx,,CONTROLLED_ALIAS
2024-2025,LANGUAGE_AND_PHILOSOPHY_OR_CREATIVE_ARTS,GEOG 1303,data\raw\catalogs\2024-2025\2024-2025_Catalog.docx,,CONTROLLED_ALIAS
2024-2025,LANGUAGE_AND_PHILOSOPHY_OR_CREATIVE_ARTS,HIST 2321,data\raw\catalogs\2024-2025\2024-2025_Catalog.docx,,CONTROLLED_ALIAS
2024-2025,LANGUAGE_AND_PHILOSOPHY_OR_CREATIVE_ARTS,HIST 2322,data\raw\catalogs\2024-2025\2024-2025_Catalog.docx,,CONTROLLED_ALIAS
2024-2025,LANGUAGE_AND_PHILOSOPHY_OR_CREATIVE_ARTS,HUMA 1315,data\raw\catalogs\2024-2025\2024-2025_Catalog.docx,,CONTROLLED_ALIAS
2024-2025,LANGUAGE_AND_PHILOSOPHY_OR_CREATIVE_ARTS,MUSI 1306,data\raw\catalogs\2024-2025\2024-2025_Catalog.docx,,CONTROLLED_ALIAS
2024-2025,LANGUAGE_AND_PHILOSOPHY_OR_CREATIVE_ARTS,PHIL 1301,data\raw\catalogs\2024-2025\2024-2025_Catalog.docx,,CONTROLLED_ALIAS
2024-2025,LANGUAGE_AND_PHILOSOPHY_OR_CREATIVE_ARTS,PHIL 2306,data\raw\catalogs\2024-2025\2024-2025_Catalog.docx,,CONTROLLED_ALIAS
2024-2025,LANGUAGE_AND_PHILOSOPHY_OR_CREATIVE_ARTS,SPAN 2311,data\raw\catalogs\2024-2025\2024-2025_Catalog.docx,,CONTROLLED_ALIAS
2024-2025,LANGUAGE_PHILOSOPHY_AND_CULTURE_CORE,ARTS 1303,data\raw\catalogs\2024-2025\2024-2025_Catalog.docx,15,CANONICAL
2024-2025,LANGUAGE_PHILOSOPHY_AND_CULTURE_CORE,COMM 1307,data\raw\catalogs\2024-2025\2024-2025_Catalog.docx,15,CANONICAL
2024-2025,LANGUAGE_PHILOSOPHY_AND_CULTURE_CORE,ENGL 2322,data\raw\catalogs\2024-2025\2024-2025_Catalog.docx,15,CANONICAL
2024-2025,LANGUAGE_PHILOSOPHY_AND_CULTURE_CORE,ENGL 2323,data\raw\catalogs\2024-2025\2024-2025_Catalog.docx,15,CANONICAL
2024-2025,LANGUAGE_PHILOSOPHY_AND_CULTURE_CORE,ENGL 2326,data\raw\catalogs\2024-2025\2024-2025_Catalog.docx,15,CANONICAL
2024-2025,LANGUAGE_PHILOSOPHY_AND_CULTURE_CORE,ENGL 2331,data\raw\catalogs\2024-2025\2024-2025_Catalog.docx,15,CANONICAL
2024-2025,LANGUAGE_PHILOSOPHY_AND_CULTURE_CORE,ENGL 2341,data\raw\catalogs\2024-2025\2024-2025_Catalog.docx,15,CANONICAL
2024-2025,LANGUAGE_PHILOSOPHY_AND_CULTURE_CORE,GEOG 1303,data\raw\catalogs\2024-2025\2024-2025_Catalog.docx,15,CANONICAL
2024-2025,LANGUAGE_PHILOSOPHY_AND_CULTURE_CORE,HIST 2321,data\raw\catalogs\2024-2025\2024-2025_Catalog.docx,15,CANONICAL
2024-2025,LANGUAGE_PHILOSOPHY_AND_CULTURE_CORE,HIST 2322,data\raw\catalogs\2024-2025\2024-2025_Catalog.docx,15,CANONICAL
2024-2025,LANGUAGE_PHILOSOPHY_AND_CULTURE_CORE,HUMA 1315,data\raw\catalogs\2024-2025\2024-2025_Catalog.docx,15,CANONICAL
2024-2025,LANGUAGE_PHILOSOPHY_AND_CULTURE_CORE,PHIL 1301,data\raw\catalogs\2024-2025\2024-2025_Catalog.docx,15,CANONICAL
2024-2025,LANGUAGE_PHILOSOPHY_AND_CULTURE_CORE,PHIL 2306,data\raw\catalogs\2024-2025\2024-2025_Catalog.docx,15,CANONICAL
2024-2025,LANGUAGE_PHILOSOPHY_AND_CULTURE_CORE,SPAN 2311,data\raw\catalogs\2024-2025\2024-2025_Catalog.docx,15,CANONICAL
2024-2025,LANGUAGE_PHILOSOPHY_AND_CULTURE_CORE_040_OR_CREATIVE_ARTS_CORE_050,ARTS 1301,data\raw\catalogs\2024-2025\2024-2025_Catalog.docx,,CONTROLLED_ALIAS
2024-2025,LANGUAGE_PHILOSOPHY_AND_CULTURE_CORE_040_OR_CREATIVE_ARTS_CORE_050,ARTS 1303,data\raw\catalogs\2024-2025\2024-2025_Catalog.docx,,CONTROLLED_ALIAS
2024-2025,LANGUAGE_PHILOSOPHY_AND_CULTURE_CORE_040_OR_CREATIVE_ARTS_CORE_050,COMM 1307,data\raw\catalogs\2024-2025\2024-2025_Catalog.docx,,CONTROLLED_ALIAS
2024-2025,LANGUAGE_PHILOSOPHY_AND_CULTURE_CORE_040_OR_CREATIVE_ARTS_CORE_050,DRAM 1310,data\raw\catalogs\2024-2025\2024-2025_Catalog.docx,,CONTROLLED_ALIAS
2024-2025,LANGUAGE_PHILOSOPHY_AND_CULTURE_CORE_040_OR_CREATIVE_ARTS_CORE_050,DRAM 2366,data\raw\catalogs\2024-2025\2024-2025_Catalog.docx,,CONTROLLED_ALIAS
2024-2025,LANGUAGE_PHILOSOPHY_AND_CULTURE_CORE_040_OR_CREATIVE_ARTS_CORE_050,ENGL 2307,data\raw\catalogs\2024-2025\2024-2025_Catalog.docx,,CONTROLLED_ALIAS
2024-2025,LANGUAGE_PHILOSOPHY_AND_CULTURE_CORE_040_OR_CREATIVE_ARTS_CORE_050,ENGL 2322,data\raw\catalogs\2024-2025\2024-2025_Catalog.docx,,CONTROLLED_ALIAS
2024-2025,LANGUAGE_PHILOSOPHY_AND_CULTURE_CORE_040_OR_CREATIVE_ARTS_CORE_050,ENGL 2323,data\raw\catalogs\2024-2025\2024-2025_Catalog.docx,,CONTROLLED_ALIAS
2024-2025,LANGUAGE_PHILOSOPHY_AND_CULTURE_CORE_040_OR_CREATIVE_ARTS_CORE_050,ENGL 2326,data\raw\catalogs\2024-2025\2024-2025_Catalog.docx,,CONTROLLED_ALIAS
2024-2025,LANGUAGE_PHILOSOPHY_AND_CULTURE_CORE_040_OR_CREATIVE_ARTS_CORE_050,ENGL 2331,data\raw\catalogs\2024-2025\2024-2025_Catalog.docx,,CONTROLLED_ALIAS
2024-2025,LANGUAGE_PHILOSOPHY_AND_CULTURE_CORE_040_OR_CREATIVE_ARTS_CORE_050,ENGL 2341,data\raw\catalogs\2024-2025\2024-2025_Catalog.docx,,CONTROLLED_ALIAS
2024-2025,LANGUAGE_PHILOSOPHY_AND_CULTURE_CORE_040_OR_CREATIVE_ARTS_CORE_050,GEOG 1303,data\raw\catalogs\2024-2025\2024-2025_Catalog.docx,,CONTROLLED_ALIAS
2024-2025,LANGUAGE_PHILOSOPHY_AND_CULTURE_CORE_040_OR_CREATIVE_ARTS_CORE_050,HIST 2321,data\raw\catalogs\2024-2025\2024-2025_Catalog.docx,,CONTROLLED_ALIAS
2024-2025,LANGUAGE_PHILOSOPHY_AND_CULTURE_CORE_040_OR_CREATIVE_ARTS_CORE_050,HIST 2322,data\raw\catalogs\2024-2025\2024-2025_Catalog.docx,,CONTROLLED_ALIAS
2024-2025,LANGUAGE_PHILOSOPHY_AND_CULTURE_CORE_040_OR_CREATIVE_ARTS_CORE_050,HUMA 1315,data\raw\catalogs\2024-2025\2024-2025_Catalog.docx,,CONTROLLED_ALIAS
2024-2025,LANGUAGE_PHILOSOPHY_AND_CULTURE_CORE_040_OR_CREATIVE_ARTS_CORE_050,MUSI 1306,data\raw\catalogs\2024-2025\2024-2025_Catalog.docx,,CONTROLLED_ALIAS
2024-2025,LANGUAGE_PHILOSOPHY_AND_CULTURE_CORE_040_OR_CREATIVE_ARTS_CORE_050,PHIL 1301,data\raw\catalogs\2024-2025\2024-2025_Catalog.docx,,CONTROLLED_ALIAS
2024-2025,LANGUAGE_PHILOSOPHY_AND_CULTURE_CORE_040_OR_CREATIVE_ARTS_CORE_050,PHIL 2306,data\raw\catalogs\2024-2025\2024-2025_Catalog.docx,,CONTROLLED_ALIAS
2024-2025,LANGUAGE_PHILOSOPHY_AND_CULTURE_CORE_040_OR_CREATIVE_ARTS_CORE_050,SPAN 2311,data\raw\catalogs\2024-2025\2024-2025_Catalog.docx,,CONTROLLED_ALIAS
2024-2025,LANGUAGE_PHILOSOPHY_AND_CULTURE_CORE_OR_CREATIVE_ARTS_CORE,ARTS 1301,data\raw\catalogs\2024-2025\2024-2025_Catalog.docx,,CONTROLLED_ALIAS
2024-2025,LANGUAGE_PHILOSOPHY_AND_CULTURE_CORE_OR_CREATIVE_ARTS_CORE,ARTS 1303,data\raw\catalogs\2024-2025\2024-2025_Catalog.docx,,CONTROLLED_ALIAS
2024-2025,LANGUAGE_PHILOSOPHY_AND_CULTURE_CORE_OR_CREATIVE_ARTS_CORE,COMM 1307,data\raw\catalogs\2024-2025\2024-2025_Catalog.docx,,CONTROLLED_ALIAS
2024-2025,LANGUAGE_PHILOSOPHY_AND_CULTURE_CORE_OR_CREATIVE_ARTS_CORE,DRAM 1310,data\raw\catalogs\2024-2025\2024-2025_Catalog.docx,,CONTROLLED_ALIAS
2024-2025,LANGUAGE_PHILOSOPHY_AND_CULTURE_CORE_OR_CREATIVE_ARTS_CORE,DRAM 2366,data\raw\catalogs\2024-2025\2024-2025_Catalog.docx,,CONTROLLED_ALIAS
2024-2025,LANGUAGE_PHILOSOPHY_AND_CULTURE_CORE_OR_CREATIVE_ARTS_CORE,ENGL 2307,data\raw\catalogs\2024-2025\2024-2025_Catalog.docx,,CONTROLLED_ALIAS
2024-2025,LANGUAGE_PHILOSOPHY_AND_CULTURE_CORE_OR_CREATIVE_ARTS_CORE,ENGL 2322,data\raw\catalogs\2024-2025\2024-2025_Catalog.docx,,CONTROLLED_ALIAS
2024-2025,LANGUAGE_PHILOSOPHY_AND_CULTURE_CORE_OR_CREATIVE_ARTS_CORE,ENGL 2323,data\raw\catalogs\2024-2025\2024-2025_Catalog.docx,,CONTROLLED_ALIAS
2024-2025,LANGUAGE_PHILOSOPHY_AND_CULTURE_CORE_OR_CREATIVE_ARTS_CORE,ENGL 2326,data\raw\catalogs\2024-2025\2024-2025_Catalog.docx,,CONTROLLED_ALIAS
2024-2025,LANGUAGE_PHILOSOPHY_AND_CULTURE_CORE_OR_CREATIVE_ARTS_CORE,ENGL 2331,data\raw\catalogs\2024-2025\2024-2025_Catalog.docx,,CONTROLLED_ALIAS
2024-2025,LANGUAGE_PHILOSOPHY_AND_CULTURE_CORE_OR_CREATIVE_ARTS_CORE,ENGL 2341,data\raw\catalogs\2024-2025\2024-2025_Catalog.docx,,CONTROLLED_ALIAS
2024-2025,LANGUAGE_PHILOSOPHY_AND_CULTURE_CORE_OR_CREATIVE_ARTS_CORE,GEOG 1303,data\raw\catalogs\2024-2025\2024-2025_Catalog.docx,,CONTROLLED_ALIAS
2024-2025,LANGUAGE_PHILOSOPHY_AND_CULTURE_CORE_OR_CREATIVE_ARTS_CORE,HIST 2321,data\raw\catalogs\2024-2025\2024-2025_Catalog.docx,,CONTROLLED_ALIAS
2024-2025,LANGUAGE_PHILOSOPHY_AND_CULTURE_CORE_OR_CREATIVE_ARTS_CORE,HIST 2322,data\raw\catalogs\2024-2025\2024-2025_Catalog.docx,,CONTROLLED_ALIAS
2024-2025,LANGUAGE_PHILOSOPHY_AND_CULTURE_CORE_OR_CREATIVE_ARTS_CORE,HUMA 1315,data\raw\catalogs\2024-2025\2024-2025_Catalog.docx,,CONTROLLED_ALIAS
2024-2025,LANGUAGE_PHILOSOPHY_AND_CULTURE_CORE_OR_CREATIVE_ARTS_CORE,MUSI 1306,data\raw\catalogs\2024-2025\2024-2025_Catalog.docx,,CONTROLLED_ALIAS
2024-2025,LANGUAGE_PHILOSOPHY_AND_CULTURE_CORE_OR_CREATIVE_ARTS_CORE,PHIL 1301,data\raw\catalogs\2024-2025\2024-2025_Catalog.docx,,CONTROLLED_ALIAS
2024-2025,LANGUAGE_PHILOSOPHY_AND_CULTURE_CORE_OR_CREATIVE_ARTS_CORE,PHIL 2306,data\raw\catalogs\2024-2025\2024-2025_Catalog.docx,,CONTROLLED_ALIAS
2024-2025,LANGUAGE_PHILOSOPHY_AND_CULTURE_CORE_OR_CREATIVE_ARTS_CORE,SPAN 2311,data\raw\catalogs\2024-2025\2024-2025_Catalog.docx,,CONTROLLED_ALIAS
2024-2025,LANGUAGE_PHILOSOPHY_AND_CULTURE_OR_CREATIVE_ARTS,ARTS 1301,data\raw\catalogs\2024-2025\2024-2025_Catalog.docx,,CONTROLLED_ALIAS
2024-2025,LANGUAGE_PHILOSOPHY_AND_CULTURE_OR_CREATIVE_ARTS,ARTS 1303,data\raw\catalogs\2024-2025\2024-2025_Catalog.docx,,CONTROLLED_ALIAS
2024-2025,LANGUAGE_PHILOSOPHY_AND_CULTURE_OR_CREATIVE_ARTS,COMM 1307,data\raw\catalogs\2024-2025\2024-2025_Catalog.docx,,CONTROLLED_ALIAS
2024-2025,LANGUAGE_PHILOSOPHY_AND_CULTURE_OR_CREATIVE_ARTS,DRAM 1310,data\raw\catalogs\2024-2025\2024-2025_Catalog.docx,,CONTROLLED_ALIAS
2024-2025,LANGUAGE_PHILOSOPHY_AND_CULTURE_OR_CREATIVE_ARTS,DRAM 2366,data\raw\catalogs\2024-2025\2024-2025_Catalog.docx,,CONTROLLED_ALIAS
2024-2025,LANGUAGE_PHILOSOPHY_AND_CULTURE_OR_CREATIVE_ARTS,ENGL 2307,data\raw\catalogs\2024-2025\2024-2025_Catalog.docx,,CONTROLLED_ALIAS
2024-2025,LANGUAGE_PHILOSOPHY_AND_CULTURE_OR_CREATIVE_ARTS,ENGL 2322,data\raw\catalogs\2024-2025\2024-2025_Catalog.docx,,CONTROLLED_ALIAS
2024-2025,LANGUAGE_PHILOSOPHY_AND_CULTURE_OR_CREATIVE_ARTS,ENGL 2323,data\raw\catalogs\2024-2025\2024-2025_Catalog.docx,,CONTROLLED_ALIAS
2024-2025,LANGUAGE_PHILOSOPHY_AND_CULTURE_OR_CREATIVE_ARTS,ENGL 2326,data\raw\catalogs\2024-2025\2024-2025_Catalog.docx,,CONTROLLED_ALIAS
2024-2025,LANGUAGE_PHILOSOPHY_AND_CULTURE_OR_CREATIVE_ARTS,ENGL 2331,data\raw\catalogs\2024-2025\2024-2025_Catalog.docx,,CONTROLLED_ALIAS
2024-2025,LANGUAGE_PHILOSOPHY_AND_CULTURE_OR_CREATIVE_ARTS,ENGL 2341,data\raw\catalogs\2024-2025\2024-2025_Catalog.docx,,CONTROLLED_ALIAS
2024-2025,LANGUAGE_PHILOSOPHY_AND_CULTURE_OR_CREATIVE_ARTS,GEOG 1303,data\raw\catalogs\2024-2025\2024-2025_Catalog.docx,,CONTROLLED_ALIAS
2024-2025,LANGUAGE_PHILOSOPHY_AND_CULTURE_OR_CREATIVE_ARTS,HIST 2321,data\raw\catalogs\2024-2025\2024-2025_Catalog.docx,,CONTROLLED_ALIAS
2024-2025,LANGUAGE_PHILOSOPHY_AND_CULTURE_OR_CREATIVE_ARTS,HIST 2322,data\raw\catalogs\2024-2025\2024-2025_Catalog.docx,,CONTROLLED_ALIAS
2024-2025,LANGUAGE_PHILOSOPHY_AND_CULTURE_OR_CREATIVE_ARTS,HUMA 1315,data\raw\catalogs\2024-2025\2024-2025_Catalog.docx,,CONTROLLED_ALIAS
2024-2025,LANGUAGE_PHILOSOPHY_AND_CULTURE_OR_CREATIVE_ARTS,MUSI 1306,data\raw\catalogs\2024-2025\2024-2025_Catalog.docx,,CONTROLLED_ALIAS
2024-2025,LANGUAGE_PHILOSOPHY_AND_CULTURE_OR_CREATIVE_ARTS,PHIL 1301,data\raw\catalogs\2024-2025\2024-2025_Catalog.docx,,CONTROLLED_ALIAS
2024-2025,LANGUAGE_PHILOSOPHY_AND_CULTURE_OR_CREATIVE_ARTS,PHIL 2306,data\raw\catalogs\2024-2025\2024-2025_Catalog.docx,,CONTROLLED_ALIAS
2024-2025,LANGUAGE_PHILOSOPHY_AND_CULTURE_OR_CREATIVE_ARTS,SPAN 2311,data\raw\catalogs\2024-2025\2024-2025_Catalog.docx,,CONTROLLED_ALIAS
2024-2025,LANGUAGE_PHILOSOPHY_AND_CULTURE_OR_CREATIVE_ARTS_CORE,ARTS 1301,data\raw\catalogs\2024-2025\2024-2025_Catalog.docx,,CONTROLLED_ALIAS
2024-2025,LANGUAGE_PHILOSOPHY_AND_CULTURE_OR_CREATIVE_ARTS_CORE,ARTS 1303,data\raw\catalogs\2024-2025\2024-2025_Catalog.docx,,CONTROLLED_ALIAS
2024-2025,LANGUAGE_PHILOSOPHY_AND_CULTURE_OR_CREATIVE_ARTS_CORE,COMM 1307,data\raw\catalogs\2024-2025\2024-2025_Catalog.docx,,CONTROLLED_ALIAS
2024-2025,LANGUAGE_PHILOSOPHY_AND_CULTURE_OR_CREATIVE_ARTS_CORE,DRAM 1310,data\raw\catalogs\2024-2025\2024-2025_Catalog.docx,,CONTROLLED_ALIAS
2024-2025,LANGUAGE_PHILOSOPHY_AND_CULTURE_OR_CREATIVE_ARTS_CORE,DRAM 2366,data\raw\catalogs\2024-2025\2024-2025_Catalog.docx,,CONTROLLED_ALIAS
2024-2025,LANGUAGE_PHILOSOPHY_AND_CULTURE_OR_CREATIVE_ARTS_CORE,ENGL 2307,data\raw\catalogs\2024-2025\2024-2025_Catalog.docx,,CONTROLLED_ALIAS
2024-2025,LANGUAGE_PHILOSOPHY_AND_CULTURE_OR_CREATIVE_ARTS_CORE,ENGL 2322,data\raw\catalogs\2024-2025\2024-2025_Catalog.docx,,CONTROLLED_ALIAS
2024-2025,LANGUAGE_PHILOSOPHY_AND_CULTURE_OR_CREATIVE_ARTS_CORE,ENGL 2323,data\raw\catalogs\2024-2025\2024-2025_Catalog.docx,,CONTROLLED_ALIAS
2024-2025,LANGUAGE_PHILOSOPHY_AND_CULTURE_OR_CREATIVE_ARTS_CORE,ENGL 2326,data\raw\catalogs\2024-2025\2024-2025_Catalog.docx,,CONTROLLED_ALIAS
2024-2025,LANGUAGE_PHILOSOPHY_AND_CULTURE_OR_CREATIVE_ARTS_CORE,ENGL 2331,data\raw\catalogs\2024-2025\2024-2025_Catalog.docx,,CONTROLLED_ALIAS
2024-2025,LANGUAGE_PHILOSOPHY_AND_CULTURE_OR_CREATIVE_ARTS_CORE,ENGL 2341,data\raw\catalogs\2024-2025\2024-2025_Catalog.docx,,CONTROLLED_ALIAS
2024-2025,LANGUAGE_PHILOSOPHY_AND_CULTURE_OR_CREATIVE_ARTS_CORE,GEOG 1303,data\raw\catalogs\2024-2025\2024-2025_Catalog.docx,,CONTROLLED_ALIAS
2024-2025,LANGUAGE_PHILOSOPHY_AND_CULTURE_OR_CREATIVE_ARTS_CORE,HIST 2321,data\raw\catalogs\2024-2025\2024-2025_Catalog.docx,,CONTROLLED_ALIAS
2024-2025,LANGUAGE_PHILOSOPHY_AND_CULTURE_OR_CREATIVE_ARTS_CORE,HIST 2322,data\raw\catalogs\2024-2025\2024-2025_Catalog.docx,,CONTROLLED_ALIAS
2024-2025,LANGUAGE_PHILOSOPHY_AND_CULTURE_OR_CREATIVE_ARTS_CORE,HUMA 1315,data\raw\catalogs\2024-2025\2024-2025_Catalog.docx,,CONTROLLED_ALIAS
2024-2025,LANGUAGE_PHILOSOPHY_AND_CULTURE_OR_CREATIVE_ARTS_CORE,MUSI 1306,data\raw\catalogs\2024-2025\2024-2025_Catalog.docx,,CONTROLLED_ALIAS
2024-2025,LANGUAGE_PHILOSOPHY_AND_CULTURE_OR_CREATIVE_ARTS_CORE,PHIL 1301,data\raw\catalogs\2024-2025\2024-2025_Catalog.docx,,CONTROLLED_ALIAS
2024-2025,LANGUAGE_PHILOSOPHY_AND_CULTURE_OR_CREATIVE_ARTS_CORE,PHIL 2306,data\raw\catalogs\2024-2025\2024-2025_Catalog.docx,,CONTROLLED_ALIAS
2024-2025,LANGUAGE_PHILOSOPHY_AND_CULTURE_OR_CREATIVE_ARTS_CORE,SPAN 2311,data\raw\catalogs\2024-2025\2024-2025_Catalog.docx,,CONTROLLED_ALIAS
2024-2025,LANGUAGE_PHILOSOPHY_AND_CULTURE_OR_FINE_ARTS,ARTS 1301,data\raw\catalogs\2024-2025\2024-2025_Catalog.docx,,CONTROLLED_ALIAS
2024-2025,LANGUAGE_PHILOSOPHY_AND_CULTURE_OR_FINE_ARTS,ARTS 1303,data\raw\catalogs\2024-2025\2024-2025_Catalog.docx,,CONTROLLED_ALIAS
2024-2025,LANGUAGE_PHILOSOPHY_AND_CULTURE_OR_FINE_ARTS,COMM 1307,data\raw\catalogs\2024-2025\2024-2025_Catalog.docx,,CONTROLLED_ALIAS
2024-2025,LANGUAGE_PHILOSOPHY_AND_CULTURE_OR_FINE_ARTS,DRAM 1310,data\raw\catalogs\2024-2025\2024-2025_Catalog.docx,,CONTROLLED_ALIAS
2024-2025,LANGUAGE_PHILOSOPHY_AND_CULTURE_OR_FINE_ARTS,DRAM 2366,data\raw\catalogs\2024-2025\2024-2025_Catalog.docx,,CONTROLLED_ALIAS
2024-2025,LANGUAGE_PHILOSOPHY_AND_CULTURE_OR_FINE_ARTS,ENGL 2307,data\raw\catalogs\2024-2025\2024-2025_Catalog.docx,,CONTROLLED_ALIAS
2024-2025,LANGUAGE_PHILOSOPHY_AND_CULTURE_OR_FINE_ARTS,ENGL 2322,data\raw\catalogs\2024-2025\2024-2025_Catalog.docx,,CONTROLLED_ALIAS
2024-2025,LANGUAGE_PHILOSOPHY_AND_CULTURE_OR_FINE_ARTS,ENGL 2323,data\raw\catalogs\2024-2025\2024-2025_Catalog.docx,,CONTROLLED_ALIAS
2024-2025,LANGUAGE_PHILOSOPHY_AND_CULTURE_OR_FINE_ARTS,ENGL 2326,data\raw\catalogs\2024-2025\2024-2025_Catalog.docx,,CONTROLLED_ALIAS
2024-2025,LANGUAGE_PHILOSOPHY_AND_CULTURE_OR_FINE_ARTS,ENGL 2331,data\raw\catalogs\2024-2025\2024-2025_Catalog.docx,,CONTROLLED_ALIAS
2024-2025,LANGUAGE_PHILOSOPHY_AND_CULTURE_OR_FINE_ARTS,ENGL 2341,data\raw\catalogs\2024-2025\2024-2025_Catalog.docx,,CONTROLLED_ALIAS
2024-2025,LANGUAGE_PHILOSOPHY_AND_CULTURE_OR_FINE_ARTS,GEOG 1303,data\raw\catalogs\2024-2025\2024-2025_Catalog.docx,,CONTROLLED_ALIAS
2024-2025,LANGUAGE_PHILOSOPHY_AND_CULTURE_OR_FINE_ARTS,HIST 2321,data\raw\catalogs\2024-2025\2024-2025_Catalog.docx,,CONTROLLED_ALIAS
2024-2025,LANGUAGE_PHILOSOPHY_AND_CULTURE_OR_FINE_ARTS,HIST 2322,data\raw\catalogs\2024-2025\2024-2025_Catalog.docx,,CONTROLLED_ALIAS
2024-2025,LANGUAGE_PHILOSOPHY_AND_CULTURE_OR_FINE_ARTS,HUMA 1315,data\raw\catalogs\2024-2025\2024-2025_Catalog.docx,,CONTROLLED_ALIAS
2024-2025,LANGUAGE_PHILOSOPHY_AND_CULTURE_OR_FINE_ARTS,MUSI 1306,data\raw\catalogs\2024-2025\2024-2025_Catalog.docx,,CONTROLLED_ALIAS
2024-2025,LANGUAGE_PHILOSOPHY_AND_CULTURE_OR_FINE_ARTS,PHIL 1301,data\raw\catalogs\2024-2025\2024-2025_Catalog.docx,,CONTROLLED_ALIAS
2024-2025,LANGUAGE_PHILOSOPHY_AND_CULTURE_OR_FINE_ARTS,PHIL 2306,data\raw\catalogs\2024-2025\2024-2025_Catalog.docx,,CONTROLLED_ALIAS
2024-2025,LANGUAGE_PHILOSOPHY_AND_CULTURE_OR_FINE_ARTS,SPAN 2311,data\raw\catalogs\2024-2025\2024-2025_Catalog.docx,,CONTROLLED_ALIAS
2024-2025,LANGUAGE_PHILOSOPHY_CULTURE_OR_CREATIVE_ARTS,ARTS 1301,data\raw\catalogs\2024-2025\2024-2025_Catalog.docx,,CONTROLLED_ALIAS
2024-2025,LANGUAGE_PHILOSOPHY_CULTURE_OR_CREATIVE_ARTS,ARTS 1303,data\raw\catalogs\2024-2025\2024-2025_Catalog.docx,,CONTROLLED_ALIAS
2024-2025,LANGUAGE_PHILOSOPHY_CULTURE_OR_CREATIVE_ARTS,COMM 1307,data\raw\catalogs\2024-2025\2024-2025_Catalog.docx,,CONTROLLED_ALIAS
2024-2025,LANGUAGE_PHILOSOPHY_CULTURE_OR_CREATIVE_ARTS,DRAM 1310,data\raw\catalogs\2024-2025\2024-2025_Catalog.docx,,CONTROLLED_ALIAS
2024-2025,LANGUAGE_PHILOSOPHY_CULTURE_OR_CREATIVE_ARTS,DRAM 2366,data\raw\catalogs\2024-2025\2024-2025_Catalog.docx,,CONTROLLED_ALIAS
2024-2025,LANGUAGE_PHILOSOPHY_CULTURE_OR_CREATIVE_ARTS,ENGL 2307,data\raw\catalogs\2024-2025\2024-2025_Catalog.docx,,CONTROLLED_ALIAS
2024-2025,LANGUAGE_PHILOSOPHY_CULTURE_OR_CREATIVE_ARTS,ENGL 2322,data\raw\catalogs\2024-2025\2024-2025_Catalog.docx,,CONTROLLED_ALIAS
2024-2025,LANGUAGE_PHILOSOPHY_CULTURE_OR_CREATIVE_ARTS,ENGL 2323,data\raw\catalogs\2024-2025\2024-2025_Catalog.docx,,CONTROLLED_ALIAS
2024-2025,LANGUAGE_PHILOSOPHY_CULTURE_OR_CREATIVE_ARTS,ENGL 2326,data\raw\catalogs\2024-2025\2024-2025_Catalog.docx,,CONTROLLED_ALIAS
2024-2025,LANGUAGE_PHILOSOPHY_CULTURE_OR_CREATIVE_ARTS,ENGL 2331,data\raw\catalogs\2024-2025\2024-2025_Catalog.docx,,CONTROLLED_ALIAS
2024-2025,LANGUAGE_PHILOSOPHY_CULTURE_OR_CREATIVE_ARTS,ENGL 2341,data\raw\catalogs\2024-2025\2024-2025_Catalog.docx,,CONTROLLED_ALIAS
2024-2025,LANGUAGE_PHILOSOPHY_CULTURE_OR_CREATIVE_ARTS,GEOG 1303,data\raw\catalogs\2024-2025\2024-2025_Catalog.docx,,CONTROLLED_ALIAS
2024-2025,LANGUAGE_PHILOSOPHY_CULTURE_OR_CREATIVE_ARTS,HIST 2321,data\raw\catalogs\2024-2025\2024-2025_Catalog.docx,,CONTROLLED_ALIAS
2024-2025,LANGUAGE_PHILOSOPHY_CULTURE_OR_CREATIVE_ARTS,HIST 2322,data\raw\catalogs\2024-2025\2024-2025_Catalog.docx,,CONTROLLED_ALIAS
2024-2025,LANGUAGE_PHILOSOPHY_CULTURE_OR_CREATIVE_ARTS,HUMA 1315,data\raw\catalogs\2024-2025\2024-2025_Catalog.docx,,CONTROLLED_ALIAS
2024-2025,LANGUAGE_PHILOSOPHY_CULTURE_OR_CREATIVE_ARTS,MUSI 1306,data\raw\catalogs\2024-2025\2024-2025_Catalog.docx,,CONTROLLED_ALIAS
2024-2025,LANGUAGE_PHILOSOPHY_CULTURE_OR_CREATIVE_ARTS,PHIL 1301,data\raw\catalogs\2024-2025\2024-2025_Catalog.docx,,CONTROLLED_ALIAS
2024-2025,LANGUAGE_PHILOSOPHY_CULTURE_OR_CREATIVE_ARTS,PHIL 2306,data\raw\catalogs\2024-2025\2024-2025_Catalog.docx,,CONTROLLED_ALIAS
2024-2025,LANGUAGE_PHILOSOPHY_CULTURE_OR_CREATIVE_ARTS,SPAN 2311,data\raw\catalogs\2024-2025\2024-2025_Catalog.docx,,CONTROLLED_ALIAS
2024-2025,LANG_PHIL_CULTURE_OR_CREATIVE_ARTS,ARTS 1301,data\raw\catalogs\2024-2025\2024-2025_Catalog.docx,,CONTROLLED_ALIAS
2024-2025,LANG_PHIL_CULTURE_OR_CREATIVE_ARTS,ARTS 1303,data\raw\catalogs\2024-2025\2024-2025_Catalog.docx,,CONTROLLED_ALIAS
2024-2025,LANG_PHIL_CULTURE_OR_CREATIVE_ARTS,COMM 1307,data\raw\catalogs\2024-2025\2024-2025_Catalog.docx,,CONTROLLED_ALIAS
2024-2025,LANG_PHIL_CULTURE_OR_CREATIVE_ARTS,DRAM 1310,data\raw\catalogs\2024-2025\2024-2025_Catalog.docx,,CONTROLLED_ALIAS
2024-2025,LANG_PHIL_CULTURE_OR_CREATIVE_ARTS,DRAM 2366,data\raw\catalogs\2024-2025\2024-2025_Catalog.docx,,CONTROLLED_ALIAS
2024-2025,LANG_PHIL_CULTURE_OR_CREATIVE_ARTS,ENGL 2307,data\raw\catalogs\2024-2025\2024-2025_Catalog.docx,,CONTROLLED_ALIAS
2024-2025,LANG_PHIL_CULTURE_OR_CREATIVE_ARTS,ENGL 2322,data\raw\catalogs\2024-2025\2024-2025_Catalog.docx,,CONTROLLED_ALIAS
2024-2025,LANG_PHIL_CULTURE_OR_CREATIVE_ARTS,ENGL 2323,data\raw\catalogs\2024-2025\2024-2025_Catalog.docx,,CONTROLLED_ALIAS
2024-2025,LANG_PHIL_CULTURE_OR_CREATIVE_ARTS,ENGL 2326,data\raw\catalogs\2024-2025\2024-2025_Catalog.docx,,CONTROLLED_ALIAS
2024-2025,LANG_PHIL_CULTURE_OR_CREATIVE_ARTS,ENGL 2331,data\raw\catalogs\2024-2025\2024-2025_Catalog.docx,,CONTROLLED_ALIAS
2024-2025,LANG_PHIL_CULTURE_OR_CREATIVE_ARTS,ENGL 2341,data\raw\catalogs\2024-2025\2024-2025_Catalog.docx,,CONTROLLED_ALIAS
2024-2025,LANG_PHIL_CULTURE_OR_CREATIVE_ARTS,GEOG 1303,data\raw\catalogs\2024-2025\2024-2025_Catalog.docx,,CONTROLLED_ALIAS
2024-2025,LANG_PHIL_CULTURE_OR_CREATIVE_ARTS,HIST 2321,data\raw\catalogs\2024-2025\2024-2025_Catalog.docx,,CONTROLLED_ALIAS
2024-2025,LANG_PHIL_CULTURE_OR_CREATIVE_ARTS,HIST 2322,data\raw\catalogs\2024-2025\2024-2025_Catalog.docx,,CONTROLLED_ALIAS
2024-2025,LANG_PHIL_CULTURE_OR_CREATIVE_ARTS,HUMA 1315,data\raw\catalogs\2024-2025\2024-2025_Catalog.docx,,CONTROLLED_ALIAS
2024-2025,LANG_PHIL_CULTURE_OR_CREATIVE_ARTS,MUSI 1306,data\raw\catalogs\2024-2025\2024-2025_Catalog.docx,,CONTROLLED_ALIAS
2024-2025,LANG_PHIL_CULTURE_OR_CREATIVE_ARTS,PHIL 1301,data\raw\catalogs\2024-2025\2024-2025_Catalog.docx,,CONTROLLED_ALIAS
2024-2025,LANG_PHIL_CULTURE_OR_CREATIVE_ARTS,PHIL 2306,data\raw\catalogs\2024-2025\2024-2025_Catalog.docx,,CONTROLLED_ALIAS
2024-2025,LANG_PHIL_CULTURE_OR_CREATIVE_ARTS,SPAN 2311,data\raw\catalogs\2024-2025\2024-2025_Catalog.docx,,CONTROLLED_ALIAS
2024-2025,LIFE_AND_PHYSICAL_SCIENCE,BIOL 1406,data\raw\catalogs\2024-2025\2024-2025_Catalog.docx,,CONTROLLED_ALIAS
2024-2025,LIFE_AND_PHYSICAL_SCIENCE,BIOL 1407,data\raw\catalogs\2024-2025\2024-2025_Catalog.docx,,CONTROLLED_ALIAS
2024-2025,LIFE_AND_PHYSICAL_SCIENCE,BIOL 1408,data\raw\catalogs\2024-2025\2024-2025_Catalog.docx,,CONTROLLED_ALIAS
2024-2025,LIFE_AND_PHYSICAL_SCIENCE,BIOL 1409,data\raw\catalogs\2024-2025\2024-2025_Catalog.docx,,CONTROLLED_ALIAS
2024-2025,LIFE_AND_PHYSICAL_SCIENCE,BIOL 1411,data\raw\catalogs\2024-2025\2024-2025_Catalog.docx,,CONTROLLED_ALIAS
2024-2025,LIFE_AND_PHYSICAL_SCIENCE,BIOL 1413,data\raw\catalogs\2024-2025\2024-2025_Catalog.docx,,CONTROLLED_ALIAS
2024-2025,LIFE_AND_PHYSICAL_SCIENCE,BIOL 2401,data\raw\catalogs\2024-2025\2024-2025_Catalog.docx,,CONTROLLED_ALIAS
2024-2025,LIFE_AND_PHYSICAL_SCIENCE,BIOL 2402,data\raw\catalogs\2024-2025\2024-2025_Catalog.docx,,CONTROLLED_ALIAS
2024-2025,LIFE_AND_PHYSICAL_SCIENCE,BIOL 2406,data\raw\catalogs\2024-2025\2024-2025_Catalog.docx,,CONTROLLED_ALIAS
2024-2025,LIFE_AND_PHYSICAL_SCIENCE,CHEM 1406,data\raw\catalogs\2024-2025\2024-2025_Catalog.docx,,CONTROLLED_ALIAS
2024-2025,LIFE_AND_PHYSICAL_SCIENCE,CHEM 1407,data\raw\catalogs\2024-2025\2024-2025_Catalog.docx,,CONTROLLED_ALIAS
2024-2025,LIFE_AND_PHYSICAL_SCIENCE,CHEM 1411,data\raw\catalogs\2024-2025\2024-2025_Catalog.docx,,CONTROLLED_ALIAS
2024-2025,LIFE_AND_PHYSICAL_SCIENCE,CHEM 1412,data\raw\catalogs\2024-2025\2024-2025_Catalog.docx,,CONTROLLED_ALIAS
2024-2025,LIFE_AND_PHYSICAL_SCIENCE,GEOL 1403,data\raw\catalogs\2024-2025\2024-2025_Catalog.docx,,CONTROLLED_ALIAS
2024-2025,LIFE_AND_PHYSICAL_SCIENCE,GEOL 1404,data\raw\catalogs\2024-2025\2024-2025_Catalog.docx,,CONTROLLED_ALIAS
2024-2025,LIFE_AND_PHYSICAL_SCIENCE,PHYS 1401,data\raw\catalogs\2024-2025\2024-2025_Catalog.docx,,CONTROLLED_ALIAS
2024-2025,LIFE_AND_PHYSICAL_SCIENCE,PHYS 1405,data\raw\catalogs\2024-2025\2024-2025_Catalog.docx,,CONTROLLED_ALIAS
2024-2025,LIFE_AND_PHYSICAL_SCIENCE,PHYS 1407,data\raw\catalogs\2024-2025\2024-2025_Catalog.docx,,CONTROLLED_ALIAS
2024-2025,LIFE_AND_PHYSICAL_SCIENCE,PHYS 2425,data\raw\catalogs\2024-2025\2024-2025_Catalog.docx,,CONTROLLED_ALIAS
2024-2025,LIFE_AND_PHYSICAL_SCIENCE,PHYS 2426,data\raw\catalogs\2024-2025\2024-2025_Catalog.docx,,CONTROLLED_ALIAS
2024-2025,LIFE_AND_PHYSICAL_SCIENCES_CORE,BIOL 1406,data\raw\catalogs\2024-2025\2024-2025_Catalog.docx,15,CANONICAL
2024-2025,LIFE_AND_PHYSICAL_SCIENCES_CORE,BIOL 1407,data\raw\catalogs\2024-2025\2024-2025_Catalog.docx,15,CANONICAL
2024-2025,LIFE_AND_PHYSICAL_SCIENCES_CORE,BIOL 1408,data\raw\catalogs\2024-2025\2024-2025_Catalog.docx,15,CANONICAL
2024-2025,LIFE_AND_PHYSICAL_SCIENCES_CORE,BIOL 1409,data\raw\catalogs\2024-2025\2024-2025_Catalog.docx,15,CANONICAL
2024-2025,LIFE_AND_PHYSICAL_SCIENCES_CORE,BIOL 1411,data\raw\catalogs\2024-2025\2024-2025_Catalog.docx,15,CANONICAL
2024-2025,LIFE_AND_PHYSICAL_SCIENCES_CORE,BIOL 1413,data\raw\catalogs\2024-2025\2024-2025_Catalog.docx,15,CANONICAL
2024-2025,LIFE_AND_PHYSICAL_SCIENCES_CORE,BIOL 2401,data\raw\catalogs\2024-2025\2024-2025_Catalog.docx,15,CANONICAL
2024-2025,LIFE_AND_PHYSICAL_SCIENCES_CORE,BIOL 2402,data\raw\catalogs\2024-2025\2024-2025_Catalog.docx,15,CANONICAL
2024-2025,LIFE_AND_PHYSICAL_SCIENCES_CORE,BIOL 2406,data\raw\catalogs\2024-2025\2024-2025_Catalog.docx,15,CANONICAL
2024-2025,LIFE_AND_PHYSICAL_SCIENCES_CORE,CHEM 1406,data\raw\catalogs\2024-2025\2024-2025_Catalog.docx,15,CANONICAL
2024-2025,LIFE_AND_PHYSICAL_SCIENCES_CORE,CHEM 1407,data\raw\catalogs\2024-2025\2024-2025_Catalog.docx,15,CANONICAL
2024-2025,LIFE_AND_PHYSICAL_SCIENCES_CORE,CHEM 1411,data\raw\catalogs\2024-2025\2024-2025_Catalog.docx,15,CANONICAL
2024-2025,LIFE_AND_PHYSICAL_SCIENCES_CORE,CHEM 1412,data\raw\catalogs\2024-2025\2024-2025_Catalog.docx,15,CANONICAL
2024-2025,LIFE_AND_PHYSICAL_SCIENCES_CORE,GEOL 1403,data\raw\catalogs\2024-2025\2024-2025_Catalog.docx,15,CANONICAL
2024-2025,LIFE_AND_PHYSICAL_SCIENCES_CORE,GEOL 1404,data\raw\catalogs\2024-2025\2024-2025_Catalog.docx,15,CANONICAL
2024-2025,LIFE_AND_PHYSICAL_SCIENCES_CORE,PHYS 1401,data\raw\catalogs\2024-2025\2024-2025_Catalog.docx,15,CANONICAL
2024-2025,LIFE_AND_PHYSICAL_SCIENCES_CORE,PHYS 1405,data\raw\catalogs\2024-2025\2024-2025_Catalog.docx,15,CANONICAL
2024-2025,LIFE_AND_PHYSICAL_SCIENCES_CORE,PHYS 1407,data\raw\catalogs\2024-2025\2024-2025_Catalog.docx,15,CANONICAL
2024-2025,LIFE_AND_PHYSICAL_SCIENCES_CORE,PHYS 2425,data\raw\catalogs\2024-2025\2024-2025_Catalog.docx,15,CANONICAL
2024-2025,LIFE_AND_PHYSICAL_SCIENCES_CORE,PHYS 2426,data\raw\catalogs\2024-2025\2024-2025_Catalog.docx,15,CANONICAL
2024-2025,LIFE_AND_PHYSICAL_SCIENCE_CORE_030,BIOL 1406,data\raw\catalogs\2024-2025\2024-2025_Catalog.docx,,CONTROLLED_ALIAS
2024-2025,LIFE_AND_PHYSICAL_SCIENCE_CORE_030,BIOL 1407,data\raw\catalogs\2024-2025\2024-2025_Catalog.docx,,CONTROLLED_ALIAS
2024-2025,LIFE_AND_PHYSICAL_SCIENCE_CORE_030,BIOL 1408,data\raw\catalogs\2024-2025\2024-2025_Catalog.docx,,CONTROLLED_ALIAS
2024-2025,LIFE_AND_PHYSICAL_SCIENCE_CORE_030,BIOL 1409,data\raw\catalogs\2024-2025\2024-2025_Catalog.docx,,CONTROLLED_ALIAS
2024-2025,LIFE_AND_PHYSICAL_SCIENCE_CORE_030,BIOL 1411,data\raw\catalogs\2024-2025\2024-2025_Catalog.docx,,CONTROLLED_ALIAS
2024-2025,LIFE_AND_PHYSICAL_SCIENCE_CORE_030,BIOL 1413,data\raw\catalogs\2024-2025\2024-2025_Catalog.docx,,CONTROLLED_ALIAS
2024-2025,LIFE_AND_PHYSICAL_SCIENCE_CORE_030,BIOL 2401,data\raw\catalogs\2024-2025\2024-2025_Catalog.docx,,CONTROLLED_ALIAS
2024-2025,LIFE_AND_PHYSICAL_SCIENCE_CORE_030,BIOL 2402,data\raw\catalogs\2024-2025\2024-2025_Catalog.docx,,CONTROLLED_ALIAS
2024-2025,LIFE_AND_PHYSICAL_SCIENCE_CORE_030,BIOL 2406,data\raw\catalogs\2024-2025\2024-2025_Catalog.docx,,CONTROLLED_ALIAS
2024-2025,LIFE_AND_PHYSICAL_SCIENCE_CORE_030,CHEM 1406,data\raw\catalogs\2024-2025\2024-2025_Catalog.docx,,CONTROLLED_ALIAS
2024-2025,LIFE_AND_PHYSICAL_SCIENCE_CORE_030,CHEM 1407,data\raw\catalogs\2024-2025\2024-2025_Catalog.docx,,CONTROLLED_ALIAS
2024-2025,LIFE_AND_PHYSICAL_SCIENCE_CORE_030,CHEM 1411,data\raw\catalogs\2024-2025\2024-2025_Catalog.docx,,CONTROLLED_ALIAS
2024-2025,LIFE_AND_PHYSICAL_SCIENCE_CORE_030,CHEM 1412,data\raw\catalogs\2024-2025\2024-2025_Catalog.docx,,CONTROLLED_ALIAS
2024-2025,LIFE_AND_PHYSICAL_SCIENCE_CORE_030,GEOL 1403,data\raw\catalogs\2024-2025\2024-2025_Catalog.docx,,CONTROLLED_ALIAS
2024-2025,LIFE_AND_PHYSICAL_SCIENCE_CORE_030,GEOL 1404,data\raw\catalogs\2024-2025\2024-2025_Catalog.docx,,CONTROLLED_ALIAS
2024-2025,LIFE_AND_PHYSICAL_SCIENCE_CORE_030,PHYS 1401,data\raw\catalogs\2024-2025\2024-2025_Catalog.docx,,CONTROLLED_ALIAS
2024-2025,LIFE_AND_PHYSICAL_SCIENCE_CORE_030,PHYS 1405,data\raw\catalogs\2024-2025\2024-2025_Catalog.docx,,CONTROLLED_ALIAS
2024-2025,LIFE_AND_PHYSICAL_SCIENCE_CORE_030,PHYS 1407,data\raw\catalogs\2024-2025\2024-2025_Catalog.docx,,CONTROLLED_ALIAS
2024-2025,LIFE_AND_PHYSICAL_SCIENCE_CORE_030,PHYS 2425,data\raw\catalogs\2024-2025\2024-2025_Catalog.docx,,CONTROLLED_ALIAS
2024-2025,LIFE_AND_PHYSICAL_SCIENCE_CORE_030,PHYS 2426,data\raw\catalogs\2024-2025\2024-2025_Catalog.docx,,CONTROLLED_ALIAS
2024-2025,LIFE_OR_PHYSICAL_SCIENCE,BIOL 1406,data\raw\catalogs\2024-2025\2024-2025_Catalog.docx,,CONTROLLED_ALIAS
2024-2025,LIFE_OR_PHYSICAL_SCIENCE,BIOL 1407,data\raw\catalogs\2024-2025\2024-2025_Catalog.docx,,CONTROLLED_ALIAS
2024-2025,LIFE_OR_PHYSICAL_SCIENCE,BIOL 1408,data\raw\catalogs\2024-2025\2024-2025_Catalog.docx,,CONTROLLED_ALIAS
2024-2025,LIFE_OR_PHYSICAL_SCIENCE,BIOL 1409,data\raw\catalogs\2024-2025\2024-2025_Catalog.docx,,CONTROLLED_ALIAS
2024-2025,LIFE_OR_PHYSICAL_SCIENCE,BIOL 1411,data\raw\catalogs\2024-2025\2024-2025_Catalog.docx,,CONTROLLED_ALIAS
2024-2025,LIFE_OR_PHYSICAL_SCIENCE,BIOL 1413,data\raw\catalogs\2024-2025\2024-2025_Catalog.docx,,CONTROLLED_ALIAS
2024-2025,LIFE_OR_PHYSICAL_SCIENCE,BIOL 2401,data\raw\catalogs\2024-2025\2024-2025_Catalog.docx,,CONTROLLED_ALIAS
2024-2025,LIFE_OR_PHYSICAL_SCIENCE,BIOL 2402,data\raw\catalogs\2024-2025\2024-2025_Catalog.docx,,CONTROLLED_ALIAS
2024-2025,LIFE_OR_PHYSICAL_SCIENCE,BIOL 2406,data\raw\catalogs\2024-2025\2024-2025_Catalog.docx,,CONTROLLED_ALIAS
2024-2025,LIFE_OR_PHYSICAL_SCIENCE,CHEM 1406,data\raw\catalogs\2024-2025\2024-2025_Catalog.docx,,CONTROLLED_ALIAS
2024-2025,LIFE_OR_PHYSICAL_SCIENCE,CHEM 1407,data\raw\catalogs\2024-2025\2024-2025_Catalog.docx,,CONTROLLED_ALIAS
2024-2025,LIFE_OR_PHYSICAL_SCIENCE,CHEM 1411,data\raw\catalogs\2024-2025\2024-2025_Catalog.docx,,CONTROLLED_ALIAS
2024-2025,LIFE_OR_PHYSICAL_SCIENCE,CHEM 1412,data\raw\catalogs\2024-2025\2024-2025_Catalog.docx,,CONTROLLED_ALIAS
2024-2025,LIFE_OR_PHYSICAL_SCIENCE,GEOL 1403,data\raw\catalogs\2024-2025\2024-2025_Catalog.docx,,CONTROLLED_ALIAS
2024-2025,LIFE_OR_PHYSICAL_SCIENCE,GEOL 1404,data\raw\catalogs\2024-2025\2024-2025_Catalog.docx,,CONTROLLED_ALIAS
2024-2025,LIFE_OR_PHYSICAL_SCIENCE,PHYS 1401,data\raw\catalogs\2024-2025\2024-2025_Catalog.docx,,CONTROLLED_ALIAS
2024-2025,LIFE_OR_PHYSICAL_SCIENCE,PHYS 1405,data\raw\catalogs\2024-2025\2024-2025_Catalog.docx,,CONTROLLED_ALIAS
2024-2025,LIFE_OR_PHYSICAL_SCIENCE,PHYS 1407,data\raw\catalogs\2024-2025\2024-2025_Catalog.docx,,CONTROLLED_ALIAS
2024-2025,LIFE_OR_PHYSICAL_SCIENCE,PHYS 2425,data\raw\catalogs\2024-2025\2024-2025_Catalog.docx,,CONTROLLED_ALIAS
2024-2025,LIFE_OR_PHYSICAL_SCIENCE,PHYS 2426,data\raw\catalogs\2024-2025\2024-2025_Catalog.docx,,CONTROLLED_ALIAS
2024-2025,LIFE_OR_PHYSICAL_SCIENCES,BIOL 1406,data\raw\catalogs\2024-2025\2024-2025_Catalog.docx,,CONTROLLED_ALIAS
2024-2025,LIFE_OR_PHYSICAL_SCIENCES,BIOL 1407,data\raw\catalogs\2024-2025\2024-2025_Catalog.docx,,CONTROLLED_ALIAS
2024-2025,LIFE_OR_PHYSICAL_SCIENCES,BIOL 1408,data\raw\catalogs\2024-2025\2024-2025_Catalog.docx,,CONTROLLED_ALIAS
2024-2025,LIFE_OR_PHYSICAL_SCIENCES,BIOL 1409,data\raw\catalogs\2024-2025\2024-2025_Catalog.docx,,CONTROLLED_ALIAS
2024-2025,LIFE_OR_PHYSICAL_SCIENCES,BIOL 1411,data\raw\catalogs\2024-2025\2024-2025_Catalog.docx,,CONTROLLED_ALIAS
2024-2025,LIFE_OR_PHYSICAL_SCIENCES,BIOL 1413,data\raw\catalogs\2024-2025\2024-2025_Catalog.docx,,CONTROLLED_ALIAS
2024-2025,LIFE_OR_PHYSICAL_SCIENCES,BIOL 2401,data\raw\catalogs\2024-2025\2024-2025_Catalog.docx,,CONTROLLED_ALIAS
2024-2025,LIFE_OR_PHYSICAL_SCIENCES,BIOL 2402,data\raw\catalogs\2024-2025\2024-2025_Catalog.docx,,CONTROLLED_ALIAS
2024-2025,LIFE_OR_PHYSICAL_SCIENCES,BIOL 2406,data\raw\catalogs\2024-2025\2024-2025_Catalog.docx,,CONTROLLED_ALIAS
2024-2025,LIFE_OR_PHYSICAL_SCIENCES,CHEM 1406,data\raw\catalogs\2024-2025\2024-2025_Catalog.docx,,CONTROLLED_ALIAS
2024-2025,LIFE_OR_PHYSICAL_SCIENCES,CHEM 1407,data\raw\catalogs\2024-2025\2024-2025_Catalog.docx,,CONTROLLED_ALIAS
2024-2025,LIFE_OR_PHYSICAL_SCIENCES,CHEM 1411,data\raw\catalogs\2024-2025\2024-2025_Catalog.docx,,CONTROLLED_ALIAS
2024-2025,LIFE_OR_PHYSICAL_SCIENCES,CHEM 1412,data\raw\catalogs\2024-2025\2024-2025_Catalog.docx,,CONTROLLED_ALIAS
2024-2025,LIFE_OR_PHYSICAL_SCIENCES,GEOL 1403,data\raw\catalogs\2024-2025\2024-2025_Catalog.docx,,CONTROLLED_ALIAS
2024-2025,LIFE_OR_PHYSICAL_SCIENCES,GEOL 1404,data\raw\catalogs\2024-2025\2024-2025_Catalog.docx,,CONTROLLED_ALIAS
2024-2025,LIFE_OR_PHYSICAL_SCIENCES,PHYS 1401,data\raw\catalogs\2024-2025\2024-2025_Catalog.docx,,CONTROLLED_ALIAS
2024-2025,LIFE_OR_PHYSICAL_SCIENCES,PHYS 1405,data\raw\catalogs\2024-2025\2024-2025_Catalog.docx,,CONTROLLED_ALIAS
2024-2025,LIFE_OR_PHYSICAL_SCIENCES,PHYS 1407,data\raw\catalogs\2024-2025\2024-2025_Catalog.docx,,CONTROLLED_ALIAS
2024-2025,LIFE_OR_PHYSICAL_SCIENCES,PHYS 2425,data\raw\catalogs\2024-2025\2024-2025_Catalog.docx,,CONTROLLED_ALIAS
2024-2025,LIFE_OR_PHYSICAL_SCIENCES,PHYS 2426,data\raw\catalogs\2024-2025\2024-2025_Catalog.docx,,CONTROLLED_ALIAS
2024-2025,LIFE_SCIENCE_CORE_030,BIOL 1406,data\raw\catalogs\2024-2025\2024-2025_Catalog.docx,,CONTROLLED_ALIAS
2024-2025,LIFE_SCIENCE_CORE_030,BIOL 1407,data\raw\catalogs\2024-2025\2024-2025_Catalog.docx,,CONTROLLED_ALIAS
2024-2025,LIFE_SCIENCE_CORE_030,BIOL 1408,data\raw\catalogs\2024-2025\2024-2025_Catalog.docx,,CONTROLLED_ALIAS
2024-2025,LIFE_SCIENCE_CORE_030,BIOL 1409,data\raw\catalogs\2024-2025\2024-2025_Catalog.docx,,CONTROLLED_ALIAS
2024-2025,LIFE_SCIENCE_CORE_030,BIOL 1411,data\raw\catalogs\2024-2025\2024-2025_Catalog.docx,,CONTROLLED_ALIAS
2024-2025,LIFE_SCIENCE_CORE_030,BIOL 1413,data\raw\catalogs\2024-2025\2024-2025_Catalog.docx,,CONTROLLED_ALIAS
2024-2025,LIFE_SCIENCE_CORE_030,BIOL 2401,data\raw\catalogs\2024-2025\2024-2025_Catalog.docx,,CONTROLLED_ALIAS
2024-2025,LIFE_SCIENCE_CORE_030,BIOL 2402,data\raw\catalogs\2024-2025\2024-2025_Catalog.docx,,CONTROLLED_ALIAS
2024-2025,LIFE_SCIENCE_CORE_030,BIOL 2406,data\raw\catalogs\2024-2025\2024-2025_Catalog.docx,,CONTROLLED_ALIAS
2024-2025,MATHEMATICS_CORE,MATH 1314,data\raw\catalogs\2024-2025\2024-2025_Catalog.docx,15,CANONICAL
2024-2025,MATHEMATICS_CORE,MATH 1324,data\raw\catalogs\2024-2025\2024-2025_Catalog.docx,15,CANONICAL
2024-2025,MATHEMATICS_CORE,MATH 1332,data\raw\catalogs\2024-2025\2024-2025_Catalog.docx,15,CANONICAL
2024-2025,MATHEMATICS_CORE,MATH 1342,data\raw\catalogs\2024-2025\2024-2025_Catalog.docx,15,CANONICAL
2024-2025,MATHEMATICS_CORE,MATH 2312,data\raw\catalogs\2024-2025\2024-2025_Catalog.docx,15,CANONICAL
2024-2025,MATHEMATICS_CORE,MATH 2413,data\raw\catalogs\2024-2025\2024-2025_Catalog.docx,15,CANONICAL
2024-2025,MATHEMATICS_CORE,MATH 2414,data\raw\catalogs\2024-2025\2024-2025_Catalog.docx,15,CANONICAL
2024-2025,PHYSICAL_SCIENCE,CHEM 1406,data\raw\catalogs\2024-2025\2024-2025_Catalog.docx,,CONTROLLED_ALIAS
2024-2025,PHYSICAL_SCIENCE,CHEM 1407,data\raw\catalogs\2024-2025\2024-2025_Catalog.docx,,CONTROLLED_ALIAS
2024-2025,PHYSICAL_SCIENCE,CHEM 1411,data\raw\catalogs\2024-2025\2024-2025_Catalog.docx,,CONTROLLED_ALIAS
2024-2025,PHYSICAL_SCIENCE,CHEM 1412,data\raw\catalogs\2024-2025\2024-2025_Catalog.docx,,CONTROLLED_ALIAS
2024-2025,PHYSICAL_SCIENCE,GEOL 1403,data\raw\catalogs\2024-2025\2024-2025_Catalog.docx,,CONTROLLED_ALIAS
2024-2025,PHYSICAL_SCIENCE,GEOL 1404,data\raw\catalogs\2024-2025\2024-2025_Catalog.docx,,CONTROLLED_ALIAS
2024-2025,PHYSICAL_SCIENCE,PHYS 1401,data\raw\catalogs\2024-2025\2024-2025_Catalog.docx,,CONTROLLED_ALIAS
2024-2025,PHYSICAL_SCIENCE,PHYS 1405,data\raw\catalogs\2024-2025\2024-2025_Catalog.docx,,CONTROLLED_ALIAS
2024-2025,PHYSICAL_SCIENCE,PHYS 1407,data\raw\catalogs\2024-2025\2024-2025_Catalog.docx,,CONTROLLED_ALIAS
2024-2025,PHYSICAL_SCIENCE,PHYS 2425,data\raw\catalogs\2024-2025\2024-2025_Catalog.docx,,CONTROLLED_ALIAS
2024-2025,PHYSICAL_SCIENCE,PHYS 2426,data\raw\catalogs\2024-2025\2024-2025_Catalog.docx,,CONTROLLED_ALIAS
2024-2025,PHYSICAL_SCIENCE_CORE_030,CHEM 1406,data\raw\catalogs\2024-2025\2024-2025_Catalog.docx,,CONTROLLED_ALIAS
2024-2025,PHYSICAL_SCIENCE_CORE_030,CHEM 1407,data\raw\catalogs\2024-2025\2024-2025_Catalog.docx,,CONTROLLED_ALIAS
2024-2025,PHYSICAL_SCIENCE_CORE_030,CHEM 1411,data\raw\catalogs\2024-2025\2024-2025_Catalog.docx,,CONTROLLED_ALIAS
2024-2025,PHYSICAL_SCIENCE_CORE_030,CHEM 1412,data\raw\catalogs\2024-2025\2024-2025_Catalog.docx,,CONTROLLED_ALIAS
2024-2025,PHYSICAL_SCIENCE_CORE_030,GEOL 1403,data\raw\catalogs\2024-2025\2024-2025_Catalog.docx,,CONTROLLED_ALIAS
2024-2025,PHYSICAL_SCIENCE_CORE_030,GEOL 1404,data\raw\catalogs\2024-2025\2024-2025_Catalog.docx,,CONTROLLED_ALIAS
2024-2025,PHYSICAL_SCIENCE_CORE_030,PHYS 1401,data\raw\catalogs\2024-2025\2024-2025_Catalog.docx,,CONTROLLED_ALIAS
2024-2025,PHYSICAL_SCIENCE_CORE_030,PHYS 1405,data\raw\catalogs\2024-2025\2024-2025_Catalog.docx,,CONTROLLED_ALIAS
2024-2025,PHYSICAL_SCIENCE_CORE_030,PHYS 1407,data\raw\catalogs\2024-2025\2024-2025_Catalog.docx,,CONTROLLED_ALIAS
2024-2025,PHYSICAL_SCIENCE_CORE_030,PHYS 2425,data\raw\catalogs\2024-2025\2024-2025_Catalog.docx,,CONTROLLED_ALIAS
2024-2025,PHYSICAL_SCIENCE_CORE_030,PHYS 2426,data\raw\catalogs\2024-2025\2024-2025_Catalog.docx,,CONTROLLED_ALIAS
2024-2025,SOCIAL_AND_BEHAVIORAL_SCIENCE_CORE,ECON 2301,data\raw\catalogs\2024-2025\2024-2025_Catalog.docx,15,CANONICAL
2024-2025,SOCIAL_AND_BEHAVIORAL_SCIENCE_CORE,ECON 2302,data\raw\catalogs\2024-2025\2024-2025_Catalog.docx,15,CANONICAL
2024-2025,SOCIAL_AND_BEHAVIORAL_SCIENCE_CORE,GEOG 1301,data\raw\catalogs\2024-2025\2024-2025_Catalog.docx,15,CANONICAL
2024-2025,SOCIAL_AND_BEHAVIORAL_SCIENCE_CORE,GEOG 1302,data\raw\catalogs\2024-2025\2024-2025_Catalog.docx,15,CANONICAL
2024-2025,SOCIAL_AND_BEHAVIORAL_SCIENCE_CORE,PSYC 2301,data\raw\catalogs\2024-2025\2024-2025_Catalog.docx,15,CANONICAL
2024-2025,SOCIAL_AND_BEHAVIORAL_SCIENCE_CORE,SOCI 1301,data\raw\catalogs\2024-2025\2024-2025_Catalog.docx,15,CANONICAL
2024-2025,SOCIAL_AND_BEHAVIORAL_SCIENCE_E,ECON 2301,data\raw\catalogs\2024-2025\2024-2025_Catalog.docx,,CONTROLLED_ALIAS
2024-2025,SOCIAL_AND_BEHAVIORAL_SCIENCE_E,ECON 2302,data\raw\catalogs\2024-2025\2024-2025_Catalog.docx,,CONTROLLED_ALIAS
2024-2025,SOCIAL_AND_BEHAVIORAL_SCIENCE_E,GEOG 1301,data\raw\catalogs\2024-2025\2024-2025_Catalog.docx,,CONTROLLED_ALIAS
2024-2025,SOCIAL_AND_BEHAVIORAL_SCIENCE_E,GEOG 1302,data\raw\catalogs\2024-2025\2024-2025_Catalog.docx,,CONTROLLED_ALIAS
2024-2025,SOCIAL_AND_BEHAVIORAL_SCIENCE_E,PSYC 2301,data\raw\catalogs\2024-2025\2024-2025_Catalog.docx,,CONTROLLED_ALIAS
2024-2025,SOCIAL_AND_BEHAVIORAL_SCIENCE_E,SOCI 1301,data\raw\catalogs\2024-2025\2024-2025_Catalog.docx,,CONTROLLED_ALIAS
2024-2025,SOCIAL_BEHAVIORAL_SCIENCE,ECON 2301,data\raw\catalogs\2024-2025\2024-2025_Catalog.docx,,CONTROLLED_ALIAS
2024-2025,SOCIAL_BEHAVIORAL_SCIENCE,ECON 2302,data\raw\catalogs\2024-2025\2024-2025_Catalog.docx,,CONTROLLED_ALIAS
2024-2025,SOCIAL_BEHAVIORAL_SCIENCE,GEOG 1301,data\raw\catalogs\2024-2025\2024-2025_Catalog.docx,,CONTROLLED_ALIAS
2024-2025,SOCIAL_BEHAVIORAL_SCIENCE,GEOG 1302,data\raw\catalogs\2024-2025\2024-2025_Catalog.docx,,CONTROLLED_ALIAS
2024-2025,SOCIAL_BEHAVIORAL_SCIENCE,PSYC 2301,data\raw\catalogs\2024-2025\2024-2025_Catalog.docx,,CONTROLLED_ALIAS
2024-2025,SOCIAL_BEHAVIORAL_SCIENCE,SOCI 1301,data\raw\catalogs\2024-2025\2024-2025_Catalog.docx,,CONTROLLED_ALIAS
2024-2025,SOCIAL_BEHAVIORAL_SCIENCE_CORE,ECON 2301,data\raw\catalogs\2024-2025\2024-2025_Catalog.docx,,CONTROLLED_ALIAS
2024-2025,SOCIAL_BEHAVIORAL_SCIENCE_CORE,ECON 2302,data\raw\catalogs\2024-2025\2024-2025_Catalog.docx,,CONTROLLED_ALIAS
2024-2025,SOCIAL_BEHAVIORAL_SCIENCE_CORE,GEOG 1301,data\raw\catalogs\2024-2025\2024-2025_Catalog.docx,,CONTROLLED_ALIAS
2024-2025,SOCIAL_BEHAVIORAL_SCIENCE_CORE,GEOG 1302,data\raw\catalogs\2024-2025\2024-2025_Catalog.docx,,CONTROLLED_ALIAS
2024-2025,SOCIAL_BEHAVIORAL_SCIENCE_CORE,PSYC 2301,data\raw\catalogs\2024-2025\2024-2025_Catalog.docx,,CONTROLLED_ALIAS
2024-2025,SOCIAL_BEHAVIORAL_SCIENCE_CORE,SOCI 1301,data\raw\catalogs\2024-2025\2024-2025_Catalog.docx,,CONTROLLED_ALIAS
2024-2025,SOCIAL_BEHAVIORAL_SCIENCE_ELECTIVE,ECON 2301,data\raw\catalogs\2024-2025\2024-2025_Catalog.docx,,CONTROLLED_ALIAS
2024-2025,SOCIAL_BEHAVIORAL_SCIENCE_ELECTIVE,ECON 2302,data\raw\catalogs\2024-2025\2024-2025_Catalog.docx,,CONTROLLED_ALIAS
2024-2025,SOCIAL_BEHAVIORAL_SCIENCE_ELECTIVE,GEOG 1301,data\raw\catalogs\2024-2025\2024-2025_Catalog.docx,,CONTROLLED_ALIAS
2024-2025,SOCIAL_BEHAVIORAL_SCIENCE_ELECTIVE,GEOG 1302,data\raw\catalogs\2024-2025\2024-2025_Catalog.docx,,CONTROLLED_ALIAS
2024-2025,SOCIAL_BEHAVIORAL_SCIENCE_ELECTIVE,PSYC 2301,data\raw\catalogs\2024-2025\2024-2025_Catalog.docx,,CONTROLLED_ALIAS
2024-2025,SOCIAL_BEHAVIORAL_SCIENCE_ELECTIVE,SOCI 1301,data\raw\catalogs\2024-2025\2024-2025_Catalog.docx,,CONTROLLED_ALIAS
2025-2026,AMERICAN_HISTORY_CORE,HIST 1301,data\raw\catalogs\2025-2026\2025-2026_Catalog.docx,13,CANONICAL
2025-2026,AMERICAN_HISTORY_CORE,HIST 1302,data\raw\catalogs\2025-2026\2025-2026_Catalog.docx,13,CANONICAL
2025-2026,AMERICAN_HISTORY_CORE,HIST 2301,data\raw\catalogs\2025-2026\2025-2026_Catalog.docx,13,CANONICAL
2025-2026,COMMUNICATION_CORE,ENGL 1301,data\raw\catalogs\2025-2026\2025-2026_Catalog.docx,13,CANONICAL
2025-2026,COMMUNICATION_CORE,ENGL 1302,data\raw\catalogs\2025-2026\2025-2026_Catalog.docx,13,CANONICAL
2025-2026,COMMUNICATION_CORE,ENGL 2311,data\raw\catalogs\2025-2026\2025-2026_Catalog.docx,13,CANONICAL
2025-2026,COMMUNICATION_CORE,SPCH 1315,data\raw\catalogs\2025-2026\2025-2026_Catalog.docx,13,CANONICAL
2025-2026,COMMUNICATION_OR_COMPONENT_AREA_OPTION,ARTS 1303,data\raw\catalogs\2025-2026\2025-2026_Catalog.docx,,CONTROLLED_ALIAS
2025-2026,COMMUNICATION_OR_COMPONENT_AREA_OPTION,BCIS 1305,data\raw\catalogs\2025-2026\2025-2026_Catalog.docx,,CONTROLLED_ALIAS
2025-2026,COMMUNICATION_OR_COMPONENT_AREA_OPTION,BIOL 1406,data\raw\catalogs\2025-2026\2025-2026_Catalog.docx,,CONTROLLED_ALIAS
2025-2026,COMMUNICATION_OR_COMPONENT_AREA_OPTION,BIOL 1407,data\raw\catalogs\2025-2026\2025-2026_Catalog.docx,,CONTROLLED_ALIAS
2025-2026,COMMUNICATION_OR_COMPONENT_AREA_OPTION,BIOL 1408,data\raw\catalogs\2025-2026\2025-2026_Catalog.docx,,CONTROLLED_ALIAS
2025-2026,COMMUNICATION_OR_COMPONENT_AREA_OPTION,BIOL 1409,data\raw\catalogs\2025-2026\2025-2026_Catalog.docx,,CONTROLLED_ALIAS
2025-2026,COMMUNICATION_OR_COMPONENT_AREA_OPTION,BIOL 1411,data\raw\catalogs\2025-2026\2025-2026_Catalog.docx,,CONTROLLED_ALIAS
2025-2026,COMMUNICATION_OR_COMPONENT_AREA_OPTION,BIOL 1413,data\raw\catalogs\2025-2026\2025-2026_Catalog.docx,,CONTROLLED_ALIAS
2025-2026,COMMUNICATION_OR_COMPONENT_AREA_OPTION,BIOL 2401,data\raw\catalogs\2025-2026\2025-2026_Catalog.docx,,CONTROLLED_ALIAS
2025-2026,COMMUNICATION_OR_COMPONENT_AREA_OPTION,BIOL 2402,data\raw\catalogs\2025-2026\2025-2026_Catalog.docx,,CONTROLLED_ALIAS
2025-2026,COMMUNICATION_OR_COMPONENT_AREA_OPTION,BIOL 2404,data\raw\catalogs\2025-2026\2025-2026_Catalog.docx,,CONTROLLED_ALIAS
2025-2026,COMMUNICATION_OR_COMPONENT_AREA_OPTION,BIOL 2406,data\raw\catalogs\2025-2026\2025-2026_Catalog.docx,,CONTROLLED_ALIAS
2025-2026,COMMUNICATION_OR_COMPONENT_AREA_OPTION,BUSI 1305,data\raw\catalogs\2025-2026\2025-2026_Catalog.docx,,CONTROLLED_ALIAS
2025-2026,COMMUNICATION_OR_COMPONENT_AREA_OPTION,CHEM 1406,data\raw\catalogs\2025-2026\2025-2026_Catalog.docx,,CONTROLLED_ALIAS
2025-2026,COMMUNICATION_OR_COMPONENT_AREA_OPTION,CHEM 1407,data\raw\catalogs\2025-2026\2025-2026_Catalog.docx,,CONTROLLED_ALIAS
2025-2026,COMMUNICATION_OR_COMPONENT_AREA_OPTION,CHEM 1411,data\raw\catalogs\2025-2026\2025-2026_Catalog.docx,,CONTROLLED_ALIAS
2025-2026,COMMUNICATION_OR_COMPONENT_AREA_OPTION,CHEM 1412,data\raw\catalogs\2025-2026\2025-2026_Catalog.docx,,CONTROLLED_ALIAS
2025-2026,COMMUNICATION_OR_COMPONENT_AREA_OPTION,COMM 1307,data\raw\catalogs\2025-2026\2025-2026_Catalog.docx,,CONTROLLED_ALIAS
2025-2026,COMMUNICATION_OR_COMPONENT_AREA_OPTION,COSC 1301,data\raw\catalogs\2025-2026\2025-2026_Catalog.docx,,CONTROLLED_ALIAS
2025-2026,COMMUNICATION_OR_COMPONENT_AREA_OPTION,DRAM 2366,data\raw\catalogs\2025-2026\2025-2026_Catalog.docx,,CONTROLLED_ALIAS
2025-2026,COMMUNICATION_OR_COMPONENT_AREA_OPTION,ECON 2301,data\raw\catalogs\2025-2026\2025-2026_Catalog.docx,,CONTROLLED_ALIAS
2025-2026,COMMUNICATION_OR_COMPONENT_AREA_OPTION,ECON 2302,data\raw\catalogs\2025-2026\2025-2026_Catalog.docx,,CONTROLLED_ALIAS
2025-2026,COMMUNICATION_OR_COMPONENT_AREA_OPTION,EDUC 1300,data\raw\catalogs\2025-2026\2025-2026_Catalog.docx,,CONTROLLED_ALIAS
2025-2026,COMMUNICATION_OR_COMPONENT_AREA_OPTION,ENGL 1301,data\raw\catalogs\2025-2026\2025-2026_Catalog.docx,,CONTROLLED_ALIAS
2025-2026,COMMUNICATION_OR_COMPONENT_AREA_OPTION,ENGL 1302,data\raw\catalogs\2025-2026\2025-2026_Catalog.docx,,CONTROLLED_ALIAS
2025-2026,COMMUNICATION_OR_COMPONENT_AREA_OPTION,ENGL 2307,data\raw\catalogs\2025-2026\2025-2026_Catalog.docx,,CONTROLLED_ALIAS
2025-2026,COMMUNICATION_OR_COMPONENT_AREA_OPTION,ENGL 2311,data\raw\catalogs\2025-2026\2025-2026_Catalog.docx,,CONTROLLED_ALIAS
2025-2026,COMMUNICATION_OR_COMPONENT_AREA_OPTION,ENGR 2308,data\raw\catalogs\2025-2026\2025-2026_Catalog.docx,,CONTROLLED_ALIAS
2025-2026,COMMUNICATION_OR_COMPONENT_AREA_OPTION,GEOG 1303,data\raw\catalogs\2025-2026\2025-2026_Catalog.docx,,CONTROLLED_ALIAS
2025-2026,COMMUNICATION_OR_COMPONENT_AREA_OPTION,GEOL 1403,data\raw\catalogs\2025-2026\2025-2026_Catalog.docx,,CONTROLLED_ALIAS
2025-2026,COMMUNICATION_OR_COMPONENT_AREA_OPTION,GEOL 1404,data\raw\catalogs\2025-2026\2025-2026_Catalog.docx,,CONTROLLED_ALIAS
2025-2026,COMMUNICATION_OR_COMPONENT_AREA_OPTION,MATH 1314,data\raw\catalogs\2025-2026\2025-2026_Catalog.docx,,CONTROLLED_ALIAS
2025-2026,COMMUNICATION_OR_COMPONENT_AREA_OPTION,MATH 1324,data\raw\catalogs\2025-2026\2025-2026_Catalog.docx,,CONTROLLED_ALIAS
2025-2026,COMMUNICATION_OR_COMPONENT_AREA_OPTION,MATH 1325,data\raw\catalogs\2025-2026\2025-2026_Catalog.docx,,CONTROLLED_ALIAS
2025-2026,COMMUNICATION_OR_COMPONENT_AREA_OPTION,MATH 1332,data\raw\catalogs\2025-2026\2025-2026_Catalog.docx,,CONTROLLED_ALIAS
2025-2026,COMMUNICATION_OR_COMPONENT_AREA_OPTION,MATH 1342,data\raw\catalogs\2025-2026\2025-2026_Catalog.docx,,CONTROLLED_ALIAS
2025-2026,COMMUNICATION_OR_COMPONENT_AREA_OPTION,MATH 1350,data\raw\catalogs\2025-2026\2025-2026_Catalog.docx,,CONTROLLED_ALIAS
2025-2026,COMMUNICATION_OR_COMPONENT_AREA_OPTION,MATH 1351,data\raw\catalogs\2025-2026\2025-2026_Catalog.docx,,CONTROLLED_ALIAS
2025-2026,COMMUNICATION_OR_COMPONENT_AREA_OPTION,MATH 2312,data\raw\catalogs\2025-2026\2025-2026_Catalog.docx,,CONTROLLED_ALIAS
2025-2026,COMMUNICATION_OR_COMPONENT_AREA_OPTION,MATH 2413,data\raw\catalogs\2025-2026\2025-2026_Catalog.docx,,CONTROLLED_ALIAS
2025-2026,COMMUNICATION_OR_COMPONENT_AREA_OPTION,MATH 2414,data\raw\catalogs\2025-2026\2025-2026_Catalog.docx,,CONTROLLED_ALIAS
2025-2026,COMMUNICATION_OR_COMPONENT_AREA_OPTION,PHIL 1301,data\raw\catalogs\2025-2026\2025-2026_Catalog.docx,,CONTROLLED_ALIAS
2025-2026,COMMUNICATION_OR_COMPONENT_AREA_OPTION,PHIL 2306,data\raw\catalogs\2025-2026\2025-2026_Catalog.docx,,CONTROLLED_ALIAS
2025-2026,COMMUNICATION_OR_COMPONENT_AREA_OPTION,PHYS 1401,data\raw\catalogs\2025-2026\2025-2026_Catalog.docx,,CONTROLLED_ALIAS
2025-2026,COMMUNICATION_OR_COMPONENT_AREA_OPTION,PHYS 1405,data\raw\catalogs\2025-2026\2025-2026_Catalog.docx,,CONTROLLED_ALIAS
2025-2026,COMMUNICATION_OR_COMPONENT_AREA_OPTION,PHYS 1407,data\raw\catalogs\2025-2026\2025-2026_Catalog.docx,,CONTROLLED_ALIAS
2025-2026,COMMUNICATION_OR_COMPONENT_AREA_OPTION,PHYS 2425,data\raw\catalogs\2025-2026\2025-2026_Catalog.docx,,CONTROLLED_ALIAS
2025-2026,COMMUNICATION_OR_COMPONENT_AREA_OPTION,PHYS 2426,data\raw\catalogs\2025-2026\2025-2026_Catalog.docx,,CONTROLLED_ALIAS
2025-2026,COMMUNICATION_OR_COMPONENT_AREA_OPTION,PSYC 2301,data\raw\catalogs\2025-2026\2025-2026_Catalog.docx,,CONTROLLED_ALIAS
2025-2026,COMMUNICATION_OR_COMPONENT_AREA_OPTION,PSYC 2314,data\raw\catalogs\2025-2026\2025-2026_Catalog.docx,,CONTROLLED_ALIAS
2025-2026,COMMUNICATION_OR_COMPONENT_AREA_OPTION,SOCI 1301,data\raw\catalogs\2025-2026\2025-2026_Catalog.docx,,CONTROLLED_ALIAS
2025-2026,COMMUNICATION_OR_COMPONENT_AREA_OPTION,SOCI 1306,data\raw\catalogs\2025-2026\2025-2026_Catalog.docx,,CONTROLLED_ALIAS
2025-2026,COMMUNICATION_OR_COMPONENT_AREA_OPTION,SOCI 2301,data\raw\catalogs\2025-2026\2025-2026_Catalog.docx,,CONTROLLED_ALIAS
2025-2026,COMMUNICATION_OR_COMPONENT_AREA_OPTION,SPCH 1311,data\raw\catalogs\2025-2026\2025-2026_Catalog.docx,,CONTROLLED_ALIAS
2025-2026,COMMUNICATION_OR_COMPONENT_AREA_OPTION,SPCH 1315,data\raw\catalogs\2025-2026\2025-2026_Catalog.docx,,CONTROLLED_ALIAS
2025-2026,COMMUNICATION_OR_COMPONENT_AREA_OPTION,SPCH 1318,data\raw\catalogs\2025-2026\2025-2026_Catalog.docx,,CONTROLLED_ALIAS
2025-2026,COMMUNICATION_OR_COMPONENT_AREA_OPTION,SPCH 1321,data\raw\catalogs\2025-2026\2025-2026_Catalog.docx,,CONTROLLED_ALIAS
2025-2026,COMMUNICATION_OR_COMPONENT_AREA_OPTION,TECA 1354,data\raw\catalogs\2025-2026\2025-2026_Catalog.docx,,CONTROLLED_ALIAS
2025-2026,COMPONENT_AREA_OPTION_CORE,ARTS 1303,data\raw\catalogs\2025-2026\2025-2026_Catalog.docx,13,CANONICAL
2025-2026,COMPONENT_AREA_OPTION_CORE,BCIS 1305,data\raw\catalogs\2025-2026\2025-2026_Catalog.docx,13,CANONICAL
2025-2026,COMPONENT_AREA_OPTION_CORE,BIOL 1406,data\raw\catalogs\2025-2026\2025-2026_Catalog.docx,13,CANONICAL
2025-2026,COMPONENT_AREA_OPTION_CORE,BIOL 1407,data\raw\catalogs\2025-2026\2025-2026_Catalog.docx,13,CANONICAL
2025-2026,COMPONENT_AREA_OPTION_CORE,BIOL 1408,data\raw\catalogs\2025-2026\2025-2026_Catalog.docx,13,CANONICAL
2025-2026,COMPONENT_AREA_OPTION_CORE,BIOL 1409,data\raw\catalogs\2025-2026\2025-2026_Catalog.docx,13,CANONICAL
2025-2026,COMPONENT_AREA_OPTION_CORE,BIOL 1411,data\raw\catalogs\2025-2026\2025-2026_Catalog.docx,13,CANONICAL
2025-2026,COMPONENT_AREA_OPTION_CORE,BIOL 1413,data\raw\catalogs\2025-2026\2025-2026_Catalog.docx,13,CANONICAL
2025-2026,COMPONENT_AREA_OPTION_CORE,BIOL 2401,data\raw\catalogs\2025-2026\2025-2026_Catalog.docx,13,CANONICAL
2025-2026,COMPONENT_AREA_OPTION_CORE,BIOL 2402,data\raw\catalogs\2025-2026\2025-2026_Catalog.docx,13,CANONICAL
2025-2026,COMPONENT_AREA_OPTION_CORE,BIOL 2404,data\raw\catalogs\2025-2026\2025-2026_Catalog.docx,13,CANONICAL
2025-2026,COMPONENT_AREA_OPTION_CORE,BIOL 2406,data\raw\catalogs\2025-2026\2025-2026_Catalog.docx,13,CANONICAL
2025-2026,COMPONENT_AREA_OPTION_CORE,BUSI 1305,data\raw\catalogs\2025-2026\2025-2026_Catalog.docx,13,CANONICAL
2025-2026,COMPONENT_AREA_OPTION_CORE,CHEM 1406,data\raw\catalogs\2025-2026\2025-2026_Catalog.docx,13,CANONICAL
2025-2026,COMPONENT_AREA_OPTION_CORE,CHEM 1407,data\raw\catalogs\2025-2026\2025-2026_Catalog.docx,13,CANONICAL
2025-2026,COMPONENT_AREA_OPTION_CORE,CHEM 1411,data\raw\catalogs\2025-2026\2025-2026_Catalog.docx,13,CANONICAL
2025-2026,COMPONENT_AREA_OPTION_CORE,CHEM 1412,data\raw\catalogs\2025-2026\2025-2026_Catalog.docx,13,CANONICAL
2025-2026,COMPONENT_AREA_OPTION_CORE,COMM 1307,data\raw\catalogs\2025-2026\2025-2026_Catalog.docx,13,CANONICAL
2025-2026,COMPONENT_AREA_OPTION_CORE,COSC 1301,data\raw\catalogs\2025-2026\2025-2026_Catalog.docx,13,CANONICAL
2025-2026,COMPONENT_AREA_OPTION_CORE,DRAM 2366,data\raw\catalogs\2025-2026\2025-2026_Catalog.docx,13,CANONICAL
2025-2026,COMPONENT_AREA_OPTION_CORE,ECON 2301,data\raw\catalogs\2025-2026\2025-2026_Catalog.docx,13,CANONICAL
2025-2026,COMPONENT_AREA_OPTION_CORE,ECON 2302,data\raw\catalogs\2025-2026\2025-2026_Catalog.docx,13,CANONICAL
2025-2026,COMPONENT_AREA_OPTION_CORE,EDUC 1300,data\raw\catalogs\2025-2026\2025-2026_Catalog.docx,13,CANONICAL
2025-2026,COMPONENT_AREA_OPTION_CORE,ENGL 1302,data\raw\catalogs\2025-2026\2025-2026_Catalog.docx,13,CANONICAL
2025-2026,COMPONENT_AREA_OPTION_CORE,ENGL 2307,data\raw\catalogs\2025-2026\2025-2026_Catalog.docx,13,CANONICAL
2025-2026,COMPONENT_AREA_OPTION_CORE,ENGL 2311,data\raw\catalogs\2025-2026\2025-2026_Catalog.docx,13,CANONICAL
2025-2026,COMPONENT_AREA_OPTION_CORE,ENGR 2308,data\raw\catalogs\2025-2026\2025-2026_Catalog.docx,13,CANONICAL
2025-2026,COMPONENT_AREA_OPTION_CORE,GEOG 1303,data\raw\catalogs\2025-2026\2025-2026_Catalog.docx,13,CANONICAL
2025-2026,COMPONENT_AREA_OPTION_CORE,GEOL 1403,data\raw\catalogs\2025-2026\2025-2026_Catalog.docx,13,CANONICAL
2025-2026,COMPONENT_AREA_OPTION_CORE,GEOL 1404,data\raw\catalogs\2025-2026\2025-2026_Catalog.docx,13,CANONICAL
2025-2026,COMPONENT_AREA_OPTION_CORE,MATH 1314,data\raw\catalogs\2025-2026\2025-2026_Catalog.docx,13,CANONICAL
2025-2026,COMPONENT_AREA_OPTION_CORE,MATH 1324,data\raw\catalogs\2025-2026\2025-2026_Catalog.docx,13,CANONICAL
2025-2026,COMPONENT_AREA_OPTION_CORE,MATH 1325,data\raw\catalogs\2025-2026\2025-2026_Catalog.docx,13,CANONICAL
2025-2026,COMPONENT_AREA_OPTION_CORE,MATH 1332,data\raw\catalogs\2025-2026\2025-2026_Catalog.docx,13,CANONICAL
2025-2026,COMPONENT_AREA_OPTION_CORE,MATH 1342,data\raw\catalogs\2025-2026\2025-2026_Catalog.docx,13,CANONICAL
2025-2026,COMPONENT_AREA_OPTION_CORE,MATH 1350,data\raw\catalogs\2025-2026\2025-2026_Catalog.docx,13,CANONICAL
2025-2026,COMPONENT_AREA_OPTION_CORE,MATH 1351,data\raw\catalogs\2025-2026\2025-2026_Catalog.docx,13,CANONICAL
2025-2026,COMPONENT_AREA_OPTION_CORE,MATH 2312,data\raw\catalogs\2025-2026\2025-2026_Catalog.docx,13,CANONICAL
2025-2026,COMPONENT_AREA_OPTION_CORE,MATH 2413,data\raw\catalogs\2025-2026\2025-2026_Catalog.docx,13,CANONICAL
2025-2026,COMPONENT_AREA_OPTION_CORE,MATH 2414,data\raw\catalogs\2025-2026\2025-2026_Catalog.docx,13,CANONICAL
2025-2026,COMPONENT_AREA_OPTION_CORE,PHIL 1301,data\raw\catalogs\2025-2026\2025-2026_Catalog.docx,13,CANONICAL
2025-2026,COMPONENT_AREA_OPTION_CORE,PHIL 2306,data\raw\catalogs\2025-2026\2025-2026_Catalog.docx,13,CANONICAL
2025-2026,COMPONENT_AREA_OPTION_CORE,PHYS 1401,data\raw\catalogs\2025-2026\2025-2026_Catalog.docx,13,CANONICAL
2025-2026,COMPONENT_AREA_OPTION_CORE,PHYS 1405,data\raw\catalogs\2025-2026\2025-2026_Catalog.docx,13,CANONICAL
2025-2026,COMPONENT_AREA_OPTION_CORE,PHYS 1407,data\raw\catalogs\2025-2026\2025-2026_Catalog.docx,13,CANONICAL
2025-2026,COMPONENT_AREA_OPTION_CORE,PHYS 2425,data\raw\catalogs\2025-2026\2025-2026_Catalog.docx,13,CANONICAL
2025-2026,COMPONENT_AREA_OPTION_CORE,PHYS 2426,data\raw\catalogs\2025-2026\2025-2026_Catalog.docx,13,CANONICAL
2025-2026,COMPONENT_AREA_OPTION_CORE,PSYC 2301,data\raw\catalogs\2025-2026\2025-2026_Catalog.docx,13,CANONICAL
2025-2026,COMPONENT_AREA_OPTION_CORE,PSYC 2314,data\raw\catalogs\2025-2026\2025-2026_Catalog.docx,13,CANONICAL
2025-2026,COMPONENT_AREA_OPTION_CORE,SOCI 1301,data\raw\catalogs\2025-2026\2025-2026_Catalog.docx,13,CANONICAL
2025-2026,COMPONENT_AREA_OPTION_CORE,SOCI 1306,data\raw\catalogs\2025-2026\2025-2026_Catalog.docx,13,CANONICAL
2025-2026,COMPONENT_AREA_OPTION_CORE,SOCI 2301,data\raw\catalogs\2025-2026\2025-2026_Catalog.docx,13,CANONICAL
2025-2026,COMPONENT_AREA_OPTION_CORE,SPCH 1311,data\raw\catalogs\2025-2026\2025-2026_Catalog.docx,13,CANONICAL
2025-2026,COMPONENT_AREA_OPTION_CORE,SPCH 1315,data\raw\catalogs\2025-2026\2025-2026_Catalog.docx,13,CANONICAL
2025-2026,COMPONENT_AREA_OPTION_CORE,SPCH 1318,data\raw\catalogs\2025-2026\2025-2026_Catalog.docx,13,CANONICAL
2025-2026,COMPONENT_AREA_OPTION_CORE,SPCH 1321,data\raw\catalogs\2025-2026\2025-2026_Catalog.docx,13,CANONICAL
2025-2026,COMPONENT_AREA_OPTION_CORE,TECA 1354,data\raw\catalogs\2025-2026\2025-2026_Catalog.docx,13,CANONICAL
2025-2026,CREATIVE_ARTS_CORE,ARTS 1301,data\raw\catalogs\2025-2026\2025-2026_Catalog.docx,13,CANONICAL
2025-2026,CREATIVE_ARTS_CORE,DRAM 1310,data\raw\catalogs\2025-2026\2025-2026_Catalog.docx,13,CANONICAL
2025-2026,CREATIVE_ARTS_CORE,DRAM 2366,data\raw\catalogs\2025-2026\2025-2026_Catalog.docx,13,CANONICAL
2025-2026,CREATIVE_ARTS_CORE,ENGL 2307,data\raw\catalogs\2025-2026\2025-2026_Catalog.docx,13,CANONICAL
2025-2026,CREATIVE_ARTS_CORE,MUSI 1306,data\raw\catalogs\2025-2026\2025-2026_Catalog.docx,13,CANONICAL
2025-2026,CREATIVE_ARTS_CORE_ARTS_CORE,ARTS 1301,data\raw\catalogs\2025-2026\2025-2026_Catalog.docx,,CONTROLLED_ALIAS
2025-2026,CREATIVE_ARTS_CORE_ARTS_CORE,DRAM 1310,data\raw\catalogs\2025-2026\2025-2026_Catalog.docx,,CONTROLLED_ALIAS
2025-2026,CREATIVE_ARTS_CORE_ARTS_CORE,DRAM 2366,data\raw\catalogs\2025-2026\2025-2026_Catalog.docx,,CONTROLLED_ALIAS
2025-2026,CREATIVE_ARTS_CORE_ARTS_CORE,ENGL 2307,data\raw\catalogs\2025-2026\2025-2026_Catalog.docx,,CONTROLLED_ALIAS
2025-2026,CREATIVE_ARTS_CORE_ARTS_CORE,MUSI 1306,data\raw\catalogs\2025-2026\2025-2026_Catalog.docx,,CONTROLLED_ALIAS
2025-2026,GOVERNMENT_POLITICAL_SCIENCE_CORE,GOVT 2305,data\raw\catalogs\2025-2026\2025-2026_Catalog.docx,13,CANONICAL
2025-2026,GOVERNMENT_POLITICAL_SCIENCE_CORE,GOVT 2306,data\raw\catalogs\2025-2026\2025-2026_Catalog.docx,13,CANONICAL
2025-2026,LANGUAGE_AND_PHILOSOPHY_OR_CREATIVE_ARTS,ARTS 1301,data\raw\catalogs\2025-2026\2025-2026_Catalog.docx,,CONTROLLED_ALIAS
2025-2026,LANGUAGE_AND_PHILOSOPHY_OR_CREATIVE_ARTS,ARTS 1303,data\raw\catalogs\2025-2026\2025-2026_Catalog.docx,,CONTROLLED_ALIAS
2025-2026,LANGUAGE_AND_PHILOSOPHY_OR_CREATIVE_ARTS,COMM 1307,data\raw\catalogs\2025-2026\2025-2026_Catalog.docx,,CONTROLLED_ALIAS
2025-2026,LANGUAGE_AND_PHILOSOPHY_OR_CREATIVE_ARTS,DRAM 1310,data\raw\catalogs\2025-2026\2025-2026_Catalog.docx,,CONTROLLED_ALIAS
2025-2026,LANGUAGE_AND_PHILOSOPHY_OR_CREATIVE_ARTS,DRAM 2366,data\raw\catalogs\2025-2026\2025-2026_Catalog.docx,,CONTROLLED_ALIAS
2025-2026,LANGUAGE_AND_PHILOSOPHY_OR_CREATIVE_ARTS,ENGL 2307,data\raw\catalogs\2025-2026\2025-2026_Catalog.docx,,CONTROLLED_ALIAS
2025-2026,LANGUAGE_AND_PHILOSOPHY_OR_CREATIVE_ARTS,ENGL 2322,data\raw\catalogs\2025-2026\2025-2026_Catalog.docx,,CONTROLLED_ALIAS
2025-2026,LANGUAGE_AND_PHILOSOPHY_OR_CREATIVE_ARTS,ENGL 2323,data\raw\catalogs\2025-2026\2025-2026_Catalog.docx,,CONTROLLED_ALIAS
2025-2026,LANGUAGE_AND_PHILOSOPHY_OR_CREATIVE_ARTS,ENGL 2326,data\raw\catalogs\2025-2026\2025-2026_Catalog.docx,,CONTROLLED_ALIAS
2025-2026,LANGUAGE_AND_PHILOSOPHY_OR_CREATIVE_ARTS,ENGL 2331,data\raw\catalogs\2025-2026\2025-2026_Catalog.docx,,CONTROLLED_ALIAS
2025-2026,LANGUAGE_AND_PHILOSOPHY_OR_CREATIVE_ARTS,ENGL 2341,data\raw\catalogs\2025-2026\2025-2026_Catalog.docx,,CONTROLLED_ALIAS
2025-2026,LANGUAGE_AND_PHILOSOPHY_OR_CREATIVE_ARTS,GEOG 1303,data\raw\catalogs\2025-2026\2025-2026_Catalog.docx,,CONTROLLED_ALIAS
2025-2026,LANGUAGE_AND_PHILOSOPHY_OR_CREATIVE_ARTS,HIST 2321,data\raw\catalogs\2025-2026\2025-2026_Catalog.docx,,CONTROLLED_ALIAS
2025-2026,LANGUAGE_AND_PHILOSOPHY_OR_CREATIVE_ARTS,HIST 2322,data\raw\catalogs\2025-2026\2025-2026_Catalog.docx,,CONTROLLED_ALIAS
2025-2026,LANGUAGE_AND_PHILOSOPHY_OR_CREATIVE_ARTS,HUMA 1315,data\raw\catalogs\2025-2026\2025-2026_Catalog.docx,,CONTROLLED_ALIAS
2025-2026,LANGUAGE_AND_PHILOSOPHY_OR_CREATIVE_ARTS,MUSI 1306,data\raw\catalogs\2025-2026\2025-2026_Catalog.docx,,CONTROLLED_ALIAS
2025-2026,LANGUAGE_AND_PHILOSOPHY_OR_CREATIVE_ARTS,PHIL 1301,data\raw\catalogs\2025-2026\2025-2026_Catalog.docx,,CONTROLLED_ALIAS
2025-2026,LANGUAGE_AND_PHILOSOPHY_OR_CREATIVE_ARTS,PHIL 2306,data\raw\catalogs\2025-2026\2025-2026_Catalog.docx,,CONTROLLED_ALIAS
2025-2026,LANGUAGE_AND_PHILOSOPHY_OR_CREATIVE_ARTS,SPAN 2311,data\raw\catalogs\2025-2026\2025-2026_Catalog.docx,,CONTROLLED_ALIAS
2025-2026,LANGUAGE_PHILOSOPHY_AND_CULTURE_CORE,ARTS 1303,data\raw\catalogs\2025-2026\2025-2026_Catalog.docx,13,CANONICAL
2025-2026,LANGUAGE_PHILOSOPHY_AND_CULTURE_CORE,COMM 1307,data\raw\catalogs\2025-2026\2025-2026_Catalog.docx,13,CANONICAL
2025-2026,LANGUAGE_PHILOSOPHY_AND_CULTURE_CORE,ENGL 2322,data\raw\catalogs\2025-2026\2025-2026_Catalog.docx,13,CANONICAL
2025-2026,LANGUAGE_PHILOSOPHY_AND_CULTURE_CORE,ENGL 2323,data\raw\catalogs\2025-2026\2025-2026_Catalog.docx,13,CANONICAL
2025-2026,LANGUAGE_PHILOSOPHY_AND_CULTURE_CORE,ENGL 2326,data\raw\catalogs\2025-2026\2025-2026_Catalog.docx,13,CANONICAL
2025-2026,LANGUAGE_PHILOSOPHY_AND_CULTURE_CORE,ENGL 2331,data\raw\catalogs\2025-2026\2025-2026_Catalog.docx,13,CANONICAL
2025-2026,LANGUAGE_PHILOSOPHY_AND_CULTURE_CORE,ENGL 2341,data\raw\catalogs\2025-2026\2025-2026_Catalog.docx,13,CANONICAL
2025-2026,LANGUAGE_PHILOSOPHY_AND_CULTURE_CORE,GEOG 1303,data\raw\catalogs\2025-2026\2025-2026_Catalog.docx,13,CANONICAL
2025-2026,LANGUAGE_PHILOSOPHY_AND_CULTURE_CORE,HIST 2321,data\raw\catalogs\2025-2026\2025-2026_Catalog.docx,13,CANONICAL
2025-2026,LANGUAGE_PHILOSOPHY_AND_CULTURE_CORE,HIST 2322,data\raw\catalogs\2025-2026\2025-2026_Catalog.docx,13,CANONICAL
2025-2026,LANGUAGE_PHILOSOPHY_AND_CULTURE_CORE,HUMA 1315,data\raw\catalogs\2025-2026\2025-2026_Catalog.docx,13,CANONICAL
2025-2026,LANGUAGE_PHILOSOPHY_AND_CULTURE_CORE,PHIL 1301,data\raw\catalogs\2025-2026\2025-2026_Catalog.docx,13,CANONICAL
2025-2026,LANGUAGE_PHILOSOPHY_AND_CULTURE_CORE,PHIL 2306,data\raw\catalogs\2025-2026\2025-2026_Catalog.docx,13,CANONICAL
2025-2026,LANGUAGE_PHILOSOPHY_AND_CULTURE_CORE,SPAN 2311,data\raw\catalogs\2025-2026\2025-2026_Catalog.docx,13,CANONICAL
2025-2026,LANGUAGE_PHILOSOPHY_AND_CULTURE_CORE_040_OR_CREATIVE_ARTS_CORE_050,ARTS 1301,data\raw\catalogs\2025-2026\2025-2026_Catalog.docx,,CONTROLLED_ALIAS
2025-2026,LANGUAGE_PHILOSOPHY_AND_CULTURE_CORE_040_OR_CREATIVE_ARTS_CORE_050,ARTS 1303,data\raw\catalogs\2025-2026\2025-2026_Catalog.docx,,CONTROLLED_ALIAS
2025-2026,LANGUAGE_PHILOSOPHY_AND_CULTURE_CORE_040_OR_CREATIVE_ARTS_CORE_050,COMM 1307,data\raw\catalogs\2025-2026\2025-2026_Catalog.docx,,CONTROLLED_ALIAS
2025-2026,LANGUAGE_PHILOSOPHY_AND_CULTURE_CORE_040_OR_CREATIVE_ARTS_CORE_050,DRAM 1310,data\raw\catalogs\2025-2026\2025-2026_Catalog.docx,,CONTROLLED_ALIAS
2025-2026,LANGUAGE_PHILOSOPHY_AND_CULTURE_CORE_040_OR_CREATIVE_ARTS_CORE_050,DRAM 2366,data\raw\catalogs\2025-2026\2025-2026_Catalog.docx,,CONTROLLED_ALIAS
2025-2026,LANGUAGE_PHILOSOPHY_AND_CULTURE_CORE_040_OR_CREATIVE_ARTS_CORE_050,ENGL 2307,data\raw\catalogs\2025-2026\2025-2026_Catalog.docx,,CONTROLLED_ALIAS
2025-2026,LANGUAGE_PHILOSOPHY_AND_CULTURE_CORE_040_OR_CREATIVE_ARTS_CORE_050,ENGL 2322,data\raw\catalogs\2025-2026\2025-2026_Catalog.docx,,CONTROLLED_ALIAS
2025-2026,LANGUAGE_PHILOSOPHY_AND_CULTURE_CORE_040_OR_CREATIVE_ARTS_CORE_050,ENGL 2323,data\raw\catalogs\2025-2026\2025-2026_Catalog.docx,,CONTROLLED_ALIAS
2025-2026,LANGUAGE_PHILOSOPHY_AND_CULTURE_CORE_040_OR_CREATIVE_ARTS_CORE_050,ENGL 2326,data\raw\catalogs\2025-2026\2025-2026_Catalog.docx,,CONTROLLED_ALIAS
2025-2026,LANGUAGE_PHILOSOPHY_AND_CULTURE_CORE_040_OR_CREATIVE_ARTS_CORE_050,ENGL 2331,data\raw\catalogs\2025-2026\2025-2026_Catalog.docx,,CONTROLLED_ALIAS
2025-2026,LANGUAGE_PHILOSOPHY_AND_CULTURE_CORE_040_OR_CREATIVE_ARTS_CORE_050,ENGL 2341,data\raw\catalogs\2025-2026\2025-2026_Catalog.docx,,CONTROLLED_ALIAS
2025-2026,LANGUAGE_PHILOSOPHY_AND_CULTURE_CORE_040_OR_CREATIVE_ARTS_CORE_050,GEOG 1303,data\raw\catalogs\2025-2026\2025-2026_Catalog.docx,,CONTROLLED_ALIAS
2025-2026,LANGUAGE_PHILOSOPHY_AND_CULTURE_CORE_040_OR_CREATIVE_ARTS_CORE_050,HIST 2321,data\raw\catalogs\2025-2026\2025-2026_Catalog.docx,,CONTROLLED_ALIAS
2025-2026,LANGUAGE_PHILOSOPHY_AND_CULTURE_CORE_040_OR_CREATIVE_ARTS_CORE_050,HIST 2322,data\raw\catalogs\2025-2026\2025-2026_Catalog.docx,,CONTROLLED_ALIAS
2025-2026,LANGUAGE_PHILOSOPHY_AND_CULTURE_CORE_040_OR_CREATIVE_ARTS_CORE_050,HUMA 1315,data\raw\catalogs\2025-2026\2025-2026_Catalog.docx,,CONTROLLED_ALIAS
2025-2026,LANGUAGE_PHILOSOPHY_AND_CULTURE_CORE_040_OR_CREATIVE_ARTS_CORE_050,MUSI 1306,data\raw\catalogs\2025-2026\2025-2026_Catalog.docx,,CONTROLLED_ALIAS
2025-2026,LANGUAGE_PHILOSOPHY_AND_CULTURE_CORE_040_OR_CREATIVE_ARTS_CORE_050,PHIL 1301,data\raw\catalogs\2025-2026\2025-2026_Catalog.docx,,CONTROLLED_ALIAS
2025-2026,LANGUAGE_PHILOSOPHY_AND_CULTURE_CORE_040_OR_CREATIVE_ARTS_CORE_050,PHIL 2306,data\raw\catalogs\2025-2026\2025-2026_Catalog.docx,,CONTROLLED_ALIAS
2025-2026,LANGUAGE_PHILOSOPHY_AND_CULTURE_CORE_040_OR_CREATIVE_ARTS_CORE_050,SPAN 2311,data\raw\catalogs\2025-2026\2025-2026_Catalog.docx,,CONTROLLED_ALIAS
2025-2026,LANGUAGE_PHILOSOPHY_AND_CULTURE_CORE_OR_CREATIVE_ARTS_CORE,ARTS 1301,data\raw\catalogs\2025-2026\2025-2026_Catalog.docx,,CONTROLLED_ALIAS
2025-2026,LANGUAGE_PHILOSOPHY_AND_CULTURE_CORE_OR_CREATIVE_ARTS_CORE,ARTS 1303,data\raw\catalogs\2025-2026\2025-2026_Catalog.docx,,CONTROLLED_ALIAS
2025-2026,LANGUAGE_PHILOSOPHY_AND_CULTURE_CORE_OR_CREATIVE_ARTS_CORE,COMM 1307,data\raw\catalogs\2025-2026\2025-2026_Catalog.docx,,CONTROLLED_ALIAS
2025-2026,LANGUAGE_PHILOSOPHY_AND_CULTURE_CORE_OR_CREATIVE_ARTS_CORE,DRAM 1310,data\raw\catalogs\2025-2026\2025-2026_Catalog.docx,,CONTROLLED_ALIAS
2025-2026,LANGUAGE_PHILOSOPHY_AND_CULTURE_CORE_OR_CREATIVE_ARTS_CORE,DRAM 2366,data\raw\catalogs\2025-2026\2025-2026_Catalog.docx,,CONTROLLED_ALIAS
2025-2026,LANGUAGE_PHILOSOPHY_AND_CULTURE_CORE_OR_CREATIVE_ARTS_CORE,ENGL 2307,data\raw\catalogs\2025-2026\2025-2026_Catalog.docx,,CONTROLLED_ALIAS
2025-2026,LANGUAGE_PHILOSOPHY_AND_CULTURE_CORE_OR_CREATIVE_ARTS_CORE,ENGL 2322,data\raw\catalogs\2025-2026\2025-2026_Catalog.docx,,CONTROLLED_ALIAS
2025-2026,LANGUAGE_PHILOSOPHY_AND_CULTURE_CORE_OR_CREATIVE_ARTS_CORE,ENGL 2323,data\raw\catalogs\2025-2026\2025-2026_Catalog.docx,,CONTROLLED_ALIAS
2025-2026,LANGUAGE_PHILOSOPHY_AND_CULTURE_CORE_OR_CREATIVE_ARTS_CORE,ENGL 2326,data\raw\catalogs\2025-2026\2025-2026_Catalog.docx,,CONTROLLED_ALIAS
2025-2026,LANGUAGE_PHILOSOPHY_AND_CULTURE_CORE_OR_CREATIVE_ARTS_CORE,ENGL 2331,data\raw\catalogs\2025-2026\2025-2026_Catalog.docx,,CONTROLLED_ALIAS
2025-2026,LANGUAGE_PHILOSOPHY_AND_CULTURE_CORE_OR_CREATIVE_ARTS_CORE,ENGL 2341,data\raw\catalogs\2025-2026\2025-2026_Catalog.docx,,CONTROLLED_ALIAS
2025-2026,LANGUAGE_PHILOSOPHY_AND_CULTURE_CORE_OR_CREATIVE_ARTS_CORE,GEOG 1303,data\raw\catalogs\2025-2026\2025-2026_Catalog.docx,,CONTROLLED_ALIAS
2025-2026,LANGUAGE_PHILOSOPHY_AND_CULTURE_CORE_OR_CREATIVE_ARTS_CORE,HIST 2321,data\raw\catalogs\2025-2026\2025-2026_Catalog.docx,,CONTROLLED_ALIAS
2025-2026,LANGUAGE_PHILOSOPHY_AND_CULTURE_CORE_OR_CREATIVE_ARTS_CORE,HIST 2322,data\raw\catalogs\2025-2026\2025-2026_Catalog.docx,,CONTROLLED_ALIAS
2025-2026,LANGUAGE_PHILOSOPHY_AND_CULTURE_CORE_OR_CREATIVE_ARTS_CORE,HUMA 1315,data\raw\catalogs\2025-2026\2025-2026_Catalog.docx,,CONTROLLED_ALIAS
2025-2026,LANGUAGE_PHILOSOPHY_AND_CULTURE_CORE_OR_CREATIVE_ARTS_CORE,MUSI 1306,data\raw\catalogs\2025-2026\2025-2026_Catalog.docx,,CONTROLLED_ALIAS
2025-2026,LANGUAGE_PHILOSOPHY_AND_CULTURE_CORE_OR_CREATIVE_ARTS_CORE,PHIL 1301,data\raw\catalogs\2025-2026\2025-2026_Catalog.docx,,CONTROLLED_ALIAS
2025-2026,LANGUAGE_PHILOSOPHY_AND_CULTURE_CORE_OR_CREATIVE_ARTS_CORE,PHIL 2306,data\raw\catalogs\2025-2026\2025-2026_Catalog.docx,,CONTROLLED_ALIAS
2025-2026,LANGUAGE_PHILOSOPHY_AND_CULTURE_CORE_OR_CREATIVE_ARTS_CORE,SPAN 2311,data\raw\catalogs\2025-2026\2025-2026_Catalog.docx,,CONTROLLED_ALIAS
2025-2026,LANGUAGE_PHILOSOPHY_AND_CULTURE_OR_CREATIVE_ARTS,ARTS 1301,data\raw\catalogs\2025-2026\2025-2026_Catalog.docx,,CONTROLLED_ALIAS
2025-2026,LANGUAGE_PHILOSOPHY_AND_CULTURE_OR_CREATIVE_ARTS,ARTS 1303,data\raw\catalogs\2025-2026\2025-2026_Catalog.docx,,CONTROLLED_ALIAS
2025-2026,LANGUAGE_PHILOSOPHY_AND_CULTURE_OR_CREATIVE_ARTS,COMM 1307,data\raw\catalogs\2025-2026\2025-2026_Catalog.docx,,CONTROLLED_ALIAS
2025-2026,LANGUAGE_PHILOSOPHY_AND_CULTURE_OR_CREATIVE_ARTS,DRAM 1310,data\raw\catalogs\2025-2026\2025-2026_Catalog.docx,,CONTROLLED_ALIAS
2025-2026,LANGUAGE_PHILOSOPHY_AND_CULTURE_OR_CREATIVE_ARTS,DRAM 2366,data\raw\catalogs\2025-2026\2025-2026_Catalog.docx,,CONTROLLED_ALIAS
2025-2026,LANGUAGE_PHILOSOPHY_AND_CULTURE_OR_CREATIVE_ARTS,ENGL 2307,data\raw\catalogs\2025-2026\2025-2026_Catalog.docx,,CONTROLLED_ALIAS
2025-2026,LANGUAGE_PHILOSOPHY_AND_CULTURE_OR_CREATIVE_ARTS,ENGL 2322,data\raw\catalogs\2025-2026\2025-2026_Catalog.docx,,CONTROLLED_ALIAS
2025-2026,LANGUAGE_PHILOSOPHY_AND_CULTURE_OR_CREATIVE_ARTS,ENGL 2323,data\raw\catalogs\2025-2026\2025-2026_Catalog.docx,,CONTROLLED_ALIAS
2025-2026,LANGUAGE_PHILOSOPHY_AND_CULTURE_OR_CREATIVE_ARTS,ENGL 2326,data\raw\catalogs\2025-2026\2025-2026_Catalog.docx,,CONTROLLED_ALIAS
2025-2026,LANGUAGE_PHILOSOPHY_AND_CULTURE_OR_CREATIVE_ARTS,ENGL 2331,data\raw\catalogs\2025-2026\2025-2026_Catalog.docx,,CONTROLLED_ALIAS
2025-2026,LANGUAGE_PHILOSOPHY_AND_CULTURE_OR_CREATIVE_ARTS,ENGL 2341,data\raw\catalogs\2025-2026\2025-2026_Catalog.docx,,CONTROLLED_ALIAS
2025-2026,LANGUAGE_PHILOSOPHY_AND_CULTURE_OR_CREATIVE_ARTS,GEOG 1303,data\raw\catalogs\2025-2026\2025-2026_Catalog.docx,,CONTROLLED_ALIAS
2025-2026,LANGUAGE_PHILOSOPHY_AND_CULTURE_OR_CREATIVE_ARTS,HIST 2321,data\raw\catalogs\2025-2026\2025-2026_Catalog.docx,,CONTROLLED_ALIAS
2025-2026,LANGUAGE_PHILOSOPHY_AND_CULTURE_OR_CREATIVE_ARTS,HIST 2322,data\raw\catalogs\2025-2026\2025-2026_Catalog.docx,,CONTROLLED_ALIAS
2025-2026,LANGUAGE_PHILOSOPHY_AND_CULTURE_OR_CREATIVE_ARTS,HUMA 1315,data\raw\catalogs\2025-2026\2025-2026_Catalog.docx,,CONTROLLED_ALIAS
2025-2026,LANGUAGE_PHILOSOPHY_AND_CULTURE_OR_CREATIVE_ARTS,MUSI 1306,data\raw\catalogs\2025-2026\2025-2026_Catalog.docx,,CONTROLLED_ALIAS
2025-2026,LANGUAGE_PHILOSOPHY_AND_CULTURE_OR_CREATIVE_ARTS,PHIL 1301,data\raw\catalogs\2025-2026\2025-2026_Catalog.docx,,CONTROLLED_ALIAS
2025-2026,LANGUAGE_PHILOSOPHY_AND_CULTURE_OR_CREATIVE_ARTS,PHIL 2306,data\raw\catalogs\2025-2026\2025-2026_Catalog.docx,,CONTROLLED_ALIAS
2025-2026,LANGUAGE_PHILOSOPHY_AND_CULTURE_OR_CREATIVE_ARTS,SPAN 2311,data\raw\catalogs\2025-2026\2025-2026_Catalog.docx,,CONTROLLED_ALIAS
2025-2026,LANGUAGE_PHILOSOPHY_AND_CULTURE_OR_CREATIVE_ARTS_CORE,ARTS 1301,data\raw\catalogs\2025-2026\2025-2026_Catalog.docx,,CONTROLLED_ALIAS
2025-2026,LANGUAGE_PHILOSOPHY_AND_CULTURE_OR_CREATIVE_ARTS_CORE,ARTS 1303,data\raw\catalogs\2025-2026\2025-2026_Catalog.docx,,CONTROLLED_ALIAS
2025-2026,LANGUAGE_PHILOSOPHY_AND_CULTURE_OR_CREATIVE_ARTS_CORE,COMM 1307,data\raw\catalogs\2025-2026\2025-2026_Catalog.docx,,CONTROLLED_ALIAS
2025-2026,LANGUAGE_PHILOSOPHY_AND_CULTURE_OR_CREATIVE_ARTS_CORE,DRAM 1310,data\raw\catalogs\2025-2026\2025-2026_Catalog.docx,,CONTROLLED_ALIAS
2025-2026,LANGUAGE_PHILOSOPHY_AND_CULTURE_OR_CREATIVE_ARTS_CORE,DRAM 2366,data\raw\catalogs\2025-2026\2025-2026_Catalog.docx,,CONTROLLED_ALIAS
2025-2026,LANGUAGE_PHILOSOPHY_AND_CULTURE_OR_CREATIVE_ARTS_CORE,ENGL 2307,data\raw\catalogs\2025-2026\2025-2026_Catalog.docx,,CONTROLLED_ALIAS
2025-2026,LANGUAGE_PHILOSOPHY_AND_CULTURE_OR_CREATIVE_ARTS_CORE,ENGL 2322,data\raw\catalogs\2025-2026\2025-2026_Catalog.docx,,CONTROLLED_ALIAS
2025-2026,LANGUAGE_PHILOSOPHY_AND_CULTURE_OR_CREATIVE_ARTS_CORE,ENGL 2323,data\raw\catalogs\2025-2026\2025-2026_Catalog.docx,,CONTROLLED_ALIAS
2025-2026,LANGUAGE_PHILOSOPHY_AND_CULTURE_OR_CREATIVE_ARTS_CORE,ENGL 2326,data\raw\catalogs\2025-2026\2025-2026_Catalog.docx,,CONTROLLED_ALIAS
2025-2026,LANGUAGE_PHILOSOPHY_AND_CULTURE_OR_CREATIVE_ARTS_CORE,ENGL 2331,data\raw\catalogs\2025-2026\2025-2026_Catalog.docx,,CONTROLLED_ALIAS
2025-2026,LANGUAGE_PHILOSOPHY_AND_CULTURE_OR_CREATIVE_ARTS_CORE,ENGL 2341,data\raw\catalogs\2025-2026\2025-2026_Catalog.docx,,CONTROLLED_ALIAS
2025-2026,LANGUAGE_PHILOSOPHY_AND_CULTURE_OR_CREATIVE_ARTS_CORE,GEOG 1303,data\raw\catalogs\2025-2026\2025-2026_Catalog.docx,,CONTROLLED_ALIAS
2025-2026,LANGUAGE_PHILOSOPHY_AND_CULTURE_OR_CREATIVE_ARTS_CORE,HIST 2321,data\raw\catalogs\2025-2026\2025-2026_Catalog.docx,,CONTROLLED_ALIAS
2025-2026,LANGUAGE_PHILOSOPHY_AND_CULTURE_OR_CREATIVE_ARTS_CORE,HIST 2322,data\raw\catalogs\2025-2026\2025-2026_Catalog.docx,,CONTROLLED_ALIAS
2025-2026,LANGUAGE_PHILOSOPHY_AND_CULTURE_OR_CREATIVE_ARTS_CORE,HUMA 1315,data\raw\catalogs\2025-2026\2025-2026_Catalog.docx,,CONTROLLED_ALIAS
2025-2026,LANGUAGE_PHILOSOPHY_AND_CULTURE_OR_CREATIVE_ARTS_CORE,MUSI 1306,data\raw\catalogs\2025-2026\2025-2026_Catalog.docx,,CONTROLLED_ALIAS
2025-2026,LANGUAGE_PHILOSOPHY_AND_CULTURE_OR_CREATIVE_ARTS_CORE,PHIL 1301,data\raw\catalogs\2025-2026\2025-2026_Catalog.docx,,CONTROLLED_ALIAS
2025-2026,LANGUAGE_PHILOSOPHY_AND_CULTURE_OR_CREATIVE_ARTS_CORE,PHIL 2306,data\raw\catalogs\2025-2026\2025-2026_Catalog.docx,,CONTROLLED_ALIAS
2025-2026,LANGUAGE_PHILOSOPHY_AND_CULTURE_OR_CREATIVE_ARTS_CORE,SPAN 2311,data\raw\catalogs\2025-2026\2025-2026_Catalog.docx,,CONTROLLED_ALIAS
2025-2026,LANGUAGE_PHILOSOPHY_AND_CULTURE_OR_FINE_ARTS,ARTS 1301,data\raw\catalogs\2025-2026\2025-2026_Catalog.docx,,CONTROLLED_ALIAS
2025-2026,LANGUAGE_PHILOSOPHY_AND_CULTURE_OR_FINE_ARTS,ARTS 1303,data\raw\catalogs\2025-2026\2025-2026_Catalog.docx,,CONTROLLED_ALIAS
2025-2026,LANGUAGE_PHILOSOPHY_AND_CULTURE_OR_FINE_ARTS,COMM 1307,data\raw\catalogs\2025-2026\2025-2026_Catalog.docx,,CONTROLLED_ALIAS
2025-2026,LANGUAGE_PHILOSOPHY_AND_CULTURE_OR_FINE_ARTS,DRAM 1310,data\raw\catalogs\2025-2026\2025-2026_Catalog.docx,,CONTROLLED_ALIAS
2025-2026,LANGUAGE_PHILOSOPHY_AND_CULTURE_OR_FINE_ARTS,DRAM 2366,data\raw\catalogs\2025-2026\2025-2026_Catalog.docx,,CONTROLLED_ALIAS
2025-2026,LANGUAGE_PHILOSOPHY_AND_CULTURE_OR_FINE_ARTS,ENGL 2307,data\raw\catalogs\2025-2026\2025-2026_Catalog.docx,,CONTROLLED_ALIAS
2025-2026,LANGUAGE_PHILOSOPHY_AND_CULTURE_OR_FINE_ARTS,ENGL 2322,data\raw\catalogs\2025-2026\2025-2026_Catalog.docx,,CONTROLLED_ALIAS
2025-2026,LANGUAGE_PHILOSOPHY_AND_CULTURE_OR_FINE_ARTS,ENGL 2323,data\raw\catalogs\2025-2026\2025-2026_Catalog.docx,,CONTROLLED_ALIAS
2025-2026,LANGUAGE_PHILOSOPHY_AND_CULTURE_OR_FINE_ARTS,ENGL 2326,data\raw\catalogs\2025-2026\2025-2026_Catalog.docx,,CONTROLLED_ALIAS
2025-2026,LANGUAGE_PHILOSOPHY_AND_CULTURE_OR_FINE_ARTS,ENGL 2331,data\raw\catalogs\2025-2026\2025-2026_Catalog.docx,,CONTROLLED_ALIAS
2025-2026,LANGUAGE_PHILOSOPHY_AND_CULTURE_OR_FINE_ARTS,ENGL 2341,data\raw\catalogs\2025-2026\2025-2026_Catalog.docx,,CONTROLLED_ALIAS
2025-2026,LANGUAGE_PHILOSOPHY_AND_CULTURE_OR_FINE_ARTS,GEOG 1303,data\raw\catalogs\2025-2026\2025-2026_Catalog.docx,,CONTROLLED_ALIAS
2025-2026,LANGUAGE_PHILOSOPHY_AND_CULTURE_OR_FINE_ARTS,HIST 2321,data\raw\catalogs\2025-2026\2025-2026_Catalog.docx,,CONTROLLED_ALIAS
2025-2026,LANGUAGE_PHILOSOPHY_AND_CULTURE_OR_FINE_ARTS,HIST 2322,data\raw\catalogs\2025-2026\2025-2026_Catalog.docx,,CONTROLLED_ALIAS
2025-2026,LANGUAGE_PHILOSOPHY_AND_CULTURE_OR_FINE_ARTS,HUMA 1315,data\raw\catalogs\2025-2026\2025-2026_Catalog.docx,,CONTROLLED_ALIAS
2025-2026,LANGUAGE_PHILOSOPHY_AND_CULTURE_OR_FINE_ARTS,MUSI 1306,data\raw\catalogs\2025-2026\2025-2026_Catalog.docx,,CONTROLLED_ALIAS
2025-2026,LANGUAGE_PHILOSOPHY_AND_CULTURE_OR_FINE_ARTS,PHIL 1301,data\raw\catalogs\2025-2026\2025-2026_Catalog.docx,,CONTROLLED_ALIAS
2025-2026,LANGUAGE_PHILOSOPHY_AND_CULTURE_OR_FINE_ARTS,PHIL 2306,data\raw\catalogs\2025-2026\2025-2026_Catalog.docx,,CONTROLLED_ALIAS
2025-2026,LANGUAGE_PHILOSOPHY_AND_CULTURE_OR_FINE_ARTS,SPAN 2311,data\raw\catalogs\2025-2026\2025-2026_Catalog.docx,,CONTROLLED_ALIAS
2025-2026,LANGUAGE_PHILOSOPHY_CULTURE_OR_CREATIVE_ARTS,ARTS 1301,data\raw\catalogs\2025-2026\2025-2026_Catalog.docx,,CONTROLLED_ALIAS
2025-2026,LANGUAGE_PHILOSOPHY_CULTURE_OR_CREATIVE_ARTS,ARTS 1303,data\raw\catalogs\2025-2026\2025-2026_Catalog.docx,,CONTROLLED_ALIAS
2025-2026,LANGUAGE_PHILOSOPHY_CULTURE_OR_CREATIVE_ARTS,COMM 1307,data\raw\catalogs\2025-2026\2025-2026_Catalog.docx,,CONTROLLED_ALIAS
2025-2026,LANGUAGE_PHILOSOPHY_CULTURE_OR_CREATIVE_ARTS,DRAM 1310,data\raw\catalogs\2025-2026\2025-2026_Catalog.docx,,CONTROLLED_ALIAS
2025-2026,LANGUAGE_PHILOSOPHY_CULTURE_OR_CREATIVE_ARTS,DRAM 2366,data\raw\catalogs\2025-2026\2025-2026_Catalog.docx,,CONTROLLED_ALIAS
2025-2026,LANGUAGE_PHILOSOPHY_CULTURE_OR_CREATIVE_ARTS,ENGL 2307,data\raw\catalogs\2025-2026\2025-2026_Catalog.docx,,CONTROLLED_ALIAS
2025-2026,LANGUAGE_PHILOSOPHY_CULTURE_OR_CREATIVE_ARTS,ENGL 2322,data\raw\catalogs\2025-2026\2025-2026_Catalog.docx,,CONTROLLED_ALIAS
2025-2026,LANGUAGE_PHILOSOPHY_CULTURE_OR_CREATIVE_ARTS,ENGL 2323,data\raw\catalogs\2025-2026\2025-2026_Catalog.docx,,CONTROLLED_ALIAS
2025-2026,LANGUAGE_PHILOSOPHY_CULTURE_OR_CREATIVE_ARTS,ENGL 2326,data\raw\catalogs\2025-2026\2025-2026_Catalog.docx,,CONTROLLED_ALIAS
2025-2026,LANGUAGE_PHILOSOPHY_CULTURE_OR_CREATIVE_ARTS,ENGL 2331,data\raw\catalogs\2025-2026\2025-2026_Catalog.docx,,CONTROLLED_ALIAS
2025-2026,LANGUAGE_PHILOSOPHY_CULTURE_OR_CREATIVE_ARTS,ENGL 2341,data\raw\catalogs\2025-2026\2025-2026_Catalog.docx,,CONTROLLED_ALIAS
2025-2026,LANGUAGE_PHILOSOPHY_CULTURE_OR_CREATIVE_ARTS,GEOG 1303,data\raw\catalogs\2025-2026\2025-2026_Catalog.docx,,CONTROLLED_ALIAS
2025-2026,LANGUAGE_PHILOSOPHY_CULTURE_OR_CREATIVE_ARTS,HIST 2321,data\raw\catalogs\2025-2026\2025-2026_Catalog.docx,,CONTROLLED_ALIAS
2025-2026,LANGUAGE_PHILOSOPHY_CULTURE_OR_CREATIVE_ARTS,HIST 2322,data\raw\catalogs\2025-2026\2025-2026_Catalog.docx,,CONTROLLED_ALIAS
2025-2026,LANGUAGE_PHILOSOPHY_CULTURE_OR_CREATIVE_ARTS,HUMA 1315,data\raw\catalogs\2025-2026\2025-2026_Catalog.docx,,CONTROLLED_ALIAS
2025-2026,LANGUAGE_PHILOSOPHY_CULTURE_OR_CREATIVE_ARTS,MUSI 1306,data\raw\catalogs\2025-2026\2025-2026_Catalog.docx,,CONTROLLED_ALIAS
2025-2026,LANGUAGE_PHILOSOPHY_CULTURE_OR_CREATIVE_ARTS,PHIL 1301,data\raw\catalogs\2025-2026\2025-2026_Catalog.docx,,CONTROLLED_ALIAS
2025-2026,LANGUAGE_PHILOSOPHY_CULTURE_OR_CREATIVE_ARTS,PHIL 2306,data\raw\catalogs\2025-2026\2025-2026_Catalog.docx,,CONTROLLED_ALIAS
2025-2026,LANGUAGE_PHILOSOPHY_CULTURE_OR_CREATIVE_ARTS,SPAN 2311,data\raw\catalogs\2025-2026\2025-2026_Catalog.docx,,CONTROLLED_ALIAS
2025-2026,LANG_PHIL_CULTURE_OR_CREATIVE_ARTS,ARTS 1301,data\raw\catalogs\2025-2026\2025-2026_Catalog.docx,,CONTROLLED_ALIAS
2025-2026,LANG_PHIL_CULTURE_OR_CREATIVE_ARTS,ARTS 1303,data\raw\catalogs\2025-2026\2025-2026_Catalog.docx,,CONTROLLED_ALIAS
2025-2026,LANG_PHIL_CULTURE_OR_CREATIVE_ARTS,COMM 1307,data\raw\catalogs\2025-2026\2025-2026_Catalog.docx,,CONTROLLED_ALIAS
2025-2026,LANG_PHIL_CULTURE_OR_CREATIVE_ARTS,DRAM 1310,data\raw\catalogs\2025-2026\2025-2026_Catalog.docx,,CONTROLLED_ALIAS
2025-2026,LANG_PHIL_CULTURE_OR_CREATIVE_ARTS,DRAM 2366,data\raw\catalogs\2025-2026\2025-2026_Catalog.docx,,CONTROLLED_ALIAS
2025-2026,LANG_PHIL_CULTURE_OR_CREATIVE_ARTS,ENGL 2307,data\raw\catalogs\2025-2026\2025-2026_Catalog.docx,,CONTROLLED_ALIAS
2025-2026,LANG_PHIL_CULTURE_OR_CREATIVE_ARTS,ENGL 2322,data\raw\catalogs\2025-2026\2025-2026_Catalog.docx,,CONTROLLED_ALIAS
2025-2026,LANG_PHIL_CULTURE_OR_CREATIVE_ARTS,ENGL 2323,data\raw\catalogs\2025-2026\2025-2026_Catalog.docx,,CONTROLLED_ALIAS
2025-2026,LANG_PHIL_CULTURE_OR_CREATIVE_ARTS,ENGL 2326,data\raw\catalogs\2025-2026\2025-2026_Catalog.docx,,CONTROLLED_ALIAS
2025-2026,LANG_PHIL_CULTURE_OR_CREATIVE_ARTS,ENGL 2331,data\raw\catalogs\2025-2026\2025-2026_Catalog.docx,,CONTROLLED_ALIAS
2025-2026,LANG_PHIL_CULTURE_OR_CREATIVE_ARTS,ENGL 2341,data\raw\catalogs\2025-2026\2025-2026_Catalog.docx,,CONTROLLED_ALIAS
2025-2026,LANG_PHIL_CULTURE_OR_CREATIVE_ARTS,GEOG 1303,data\raw\catalogs\2025-2026\2025-2026_Catalog.docx,,CONTROLLED_ALIAS
2025-2026,LANG_PHIL_CULTURE_OR_CREATIVE_ARTS,HIST 2321,data\raw\catalogs\2025-2026\2025-2026_Catalog.docx,,CONTROLLED_ALIAS
2025-2026,LANG_PHIL_CULTURE_OR_CREATIVE_ARTS,HIST 2322,data\raw\catalogs\2025-2026\2025-2026_Catalog.docx,,CONTROLLED_ALIAS
2025-2026,LANG_PHIL_CULTURE_OR_CREATIVE_ARTS,HUMA 1315,data\raw\catalogs\2025-2026\2025-2026_Catalog.docx,,CONTROLLED_ALIAS
2025-2026,LANG_PHIL_CULTURE_OR_CREATIVE_ARTS,MUSI 1306,data\raw\catalogs\2025-2026\2025-2026_Catalog.docx,,CONTROLLED_ALIAS
2025-2026,LANG_PHIL_CULTURE_OR_CREATIVE_ARTS,PHIL 1301,data\raw\catalogs\2025-2026\2025-2026_Catalog.docx,,CONTROLLED_ALIAS
2025-2026,LANG_PHIL_CULTURE_OR_CREATIVE_ARTS,PHIL 2306,data\raw\catalogs\2025-2026\2025-2026_Catalog.docx,,CONTROLLED_ALIAS
2025-2026,LANG_PHIL_CULTURE_OR_CREATIVE_ARTS,SPAN 2311,data\raw\catalogs\2025-2026\2025-2026_Catalog.docx,,CONTROLLED_ALIAS
2025-2026,LIFE_AND_PHYSICAL_SCIENCE,BIOL 1406,data\raw\catalogs\2025-2026\2025-2026_Catalog.docx,,CONTROLLED_ALIAS
2025-2026,LIFE_AND_PHYSICAL_SCIENCE,BIOL 1407,data\raw\catalogs\2025-2026\2025-2026_Catalog.docx,,CONTROLLED_ALIAS
2025-2026,LIFE_AND_PHYSICAL_SCIENCE,BIOL 1408,data\raw\catalogs\2025-2026\2025-2026_Catalog.docx,,CONTROLLED_ALIAS
2025-2026,LIFE_AND_PHYSICAL_SCIENCE,BIOL 1409,data\raw\catalogs\2025-2026\2025-2026_Catalog.docx,,CONTROLLED_ALIAS
2025-2026,LIFE_AND_PHYSICAL_SCIENCE,BIOL 1411,data\raw\catalogs\2025-2026\2025-2026_Catalog.docx,,CONTROLLED_ALIAS
2025-2026,LIFE_AND_PHYSICAL_SCIENCE,BIOL 1413,data\raw\catalogs\2025-2026\2025-2026_Catalog.docx,,CONTROLLED_ALIAS
2025-2026,LIFE_AND_PHYSICAL_SCIENCE,BIOL 2401,data\raw\catalogs\2025-2026\2025-2026_Catalog.docx,,CONTROLLED_ALIAS
2025-2026,LIFE_AND_PHYSICAL_SCIENCE,BIOL 2402,data\raw\catalogs\2025-2026\2025-2026_Catalog.docx,,CONTROLLED_ALIAS
2025-2026,LIFE_AND_PHYSICAL_SCIENCE,BIOL 2404,data\raw\catalogs\2025-2026\2025-2026_Catalog.docx,,CONTROLLED_ALIAS
2025-2026,LIFE_AND_PHYSICAL_SCIENCE,BIOL 2406,data\raw\catalogs\2025-2026\2025-2026_Catalog.docx,,CONTROLLED_ALIAS
2025-2026,LIFE_AND_PHYSICAL_SCIENCE,CHEM 1406,data\raw\catalogs\2025-2026\2025-2026_Catalog.docx,,CONTROLLED_ALIAS
2025-2026,LIFE_AND_PHYSICAL_SCIENCE,CHEM 1407,data\raw\catalogs\2025-2026\2025-2026_Catalog.docx,,CONTROLLED_ALIAS
2025-2026,LIFE_AND_PHYSICAL_SCIENCE,CHEM 1411,data\raw\catalogs\2025-2026\2025-2026_Catalog.docx,,CONTROLLED_ALIAS
2025-2026,LIFE_AND_PHYSICAL_SCIENCE,CHEM 1412,data\raw\catalogs\2025-2026\2025-2026_Catalog.docx,,CONTROLLED_ALIAS
2025-2026,LIFE_AND_PHYSICAL_SCIENCE,GEOL 1403,data\raw\catalogs\2025-2026\2025-2026_Catalog.docx,,CONTROLLED_ALIAS
2025-2026,LIFE_AND_PHYSICAL_SCIENCE,GEOL 1404,data\raw\catalogs\2025-2026\2025-2026_Catalog.docx,,CONTROLLED_ALIAS
2025-2026,LIFE_AND_PHYSICAL_SCIENCE,PHYS 1401,data\raw\catalogs\2025-2026\2025-2026_Catalog.docx,,CONTROLLED_ALIAS
2025-2026,LIFE_AND_PHYSICAL_SCIENCE,PHYS 1405,data\raw\catalogs\2025-2026\2025-2026_Catalog.docx,,CONTROLLED_ALIAS
2025-2026,LIFE_AND_PHYSICAL_SCIENCE,PHYS 1407,data\raw\catalogs\2025-2026\2025-2026_Catalog.docx,,CONTROLLED_ALIAS
2025-2026,LIFE_AND_PHYSICAL_SCIENCE,PHYS 2425,data\raw\catalogs\2025-2026\2025-2026_Catalog.docx,,CONTROLLED_ALIAS
2025-2026,LIFE_AND_PHYSICAL_SCIENCE,PHYS 2426,data\raw\catalogs\2025-2026\2025-2026_Catalog.docx,,CONTROLLED_ALIAS
2025-2026,LIFE_AND_PHYSICAL_SCIENCES_CORE,BIOL 1406,data\raw\catalogs\2025-2026\2025-2026_Catalog.docx,13,CANONICAL
2025-2026,LIFE_AND_PHYSICAL_SCIENCES_CORE,BIOL 1407,data\raw\catalogs\2025-2026\2025-2026_Catalog.docx,13,CANONICAL
2025-2026,LIFE_AND_PHYSICAL_SCIENCES_CORE,BIOL 1408,data\raw\catalogs\2025-2026\2025-2026_Catalog.docx,13,CANONICAL
2025-2026,LIFE_AND_PHYSICAL_SCIENCES_CORE,BIOL 1409,data\raw\catalogs\2025-2026\2025-2026_Catalog.docx,13,CANONICAL
2025-2026,LIFE_AND_PHYSICAL_SCIENCES_CORE,BIOL 1411,data\raw\catalogs\2025-2026\2025-2026_Catalog.docx,13,CANONICAL
2025-2026,LIFE_AND_PHYSICAL_SCIENCES_CORE,BIOL 1413,data\raw\catalogs\2025-2026\2025-2026_Catalog.docx,13,CANONICAL
2025-2026,LIFE_AND_PHYSICAL_SCIENCES_CORE,BIOL 2401,data\raw\catalogs\2025-2026\2025-2026_Catalog.docx,13,CANONICAL
2025-2026,LIFE_AND_PHYSICAL_SCIENCES_CORE,BIOL 2402,data\raw\catalogs\2025-2026\2025-2026_Catalog.docx,13,CANONICAL
2025-2026,LIFE_AND_PHYSICAL_SCIENCES_CORE,BIOL 2404,data\raw\catalogs\2025-2026\2025-2026_Catalog.docx,13,CANONICAL
2025-2026,LIFE_AND_PHYSICAL_SCIENCES_CORE,BIOL 2406,data\raw\catalogs\2025-2026\2025-2026_Catalog.docx,13,CANONICAL
2025-2026,LIFE_AND_PHYSICAL_SCIENCES_CORE,CHEM 1406,data\raw\catalogs\2025-2026\2025-2026_Catalog.docx,13,CANONICAL
2025-2026,LIFE_AND_PHYSICAL_SCIENCES_CORE,CHEM 1407,data\raw\catalogs\2025-2026\2025-2026_Catalog.docx,13,CANONICAL
2025-2026,LIFE_AND_PHYSICAL_SCIENCES_CORE,CHEM 1411,data\raw\catalogs\2025-2026\2025-2026_Catalog.docx,13,CANONICAL
2025-2026,LIFE_AND_PHYSICAL_SCIENCES_CORE,CHEM 1412,data\raw\catalogs\2025-2026\2025-2026_Catalog.docx,13,CANONICAL
2025-2026,LIFE_AND_PHYSICAL_SCIENCES_CORE,GEOL 1403,data\raw\catalogs\2025-2026\2025-2026_Catalog.docx,13,CANONICAL
2025-2026,LIFE_AND_PHYSICAL_SCIENCES_CORE,GEOL 1404,data\raw\catalogs\2025-2026\2025-2026_Catalog.docx,13,CANONICAL
2025-2026,LIFE_AND_PHYSICAL_SCIENCES_CORE,PHYS 1401,data\raw\catalogs\2025-2026\2025-2026_Catalog.docx,13,CANONICAL
2025-2026,LIFE_AND_PHYSICAL_SCIENCES_CORE,PHYS 1405,data\raw\catalogs\2025-2026\2025-2026_Catalog.docx,13,CANONICAL
2025-2026,LIFE_AND_PHYSICAL_SCIENCES_CORE,PHYS 1407,data\raw\catalogs\2025-2026\2025-2026_Catalog.docx,13,CANONICAL
2025-2026,LIFE_AND_PHYSICAL_SCIENCES_CORE,PHYS 2425,data\raw\catalogs\2025-2026\2025-2026_Catalog.docx,13,CANONICAL
2025-2026,LIFE_AND_PHYSICAL_SCIENCES_CORE,PHYS 2426,data\raw\catalogs\2025-2026\2025-2026_Catalog.docx,13,CANONICAL
2025-2026,LIFE_AND_PHYSICAL_SCIENCE_CORE_030,BIOL 1406,data\raw\catalogs\2025-2026\2025-2026_Catalog.docx,,CONTROLLED_ALIAS
2025-2026,LIFE_AND_PHYSICAL_SCIENCE_CORE_030,BIOL 1407,data\raw\catalogs\2025-2026\2025-2026_Catalog.docx,,CONTROLLED_ALIAS
2025-2026,LIFE_AND_PHYSICAL_SCIENCE_CORE_030,BIOL 1408,data\raw\catalogs\2025-2026\2025-2026_Catalog.docx,,CONTROLLED_ALIAS
2025-2026,LIFE_AND_PHYSICAL_SCIENCE_CORE_030,BIOL 1409,data\raw\catalogs\2025-2026\2025-2026_Catalog.docx,,CONTROLLED_ALIAS
2025-2026,LIFE_AND_PHYSICAL_SCIENCE_CORE_030,BIOL 1411,data\raw\catalogs\2025-2026\2025-2026_Catalog.docx,,CONTROLLED_ALIAS
2025-2026,LIFE_AND_PHYSICAL_SCIENCE_CORE_030,BIOL 1413,data\raw\catalogs\2025-2026\2025-2026_Catalog.docx,,CONTROLLED_ALIAS
2025-2026,LIFE_AND_PHYSICAL_SCIENCE_CORE_030,BIOL 2401,data\raw\catalogs\2025-2026\2025-2026_Catalog.docx,,CONTROLLED_ALIAS
2025-2026,LIFE_AND_PHYSICAL_SCIENCE_CORE_030,BIOL 2402,data\raw\catalogs\2025-2026\2025-2026_Catalog.docx,,CONTROLLED_ALIAS
2025-2026,LIFE_AND_PHYSICAL_SCIENCE_CORE_030,BIOL 2404,data\raw\catalogs\2025-2026\2025-2026_Catalog.docx,,CONTROLLED_ALIAS
2025-2026,LIFE_AND_PHYSICAL_SCIENCE_CORE_030,BIOL 2406,data\raw\catalogs\2025-2026\2025-2026_Catalog.docx,,CONTROLLED_ALIAS
2025-2026,LIFE_AND_PHYSICAL_SCIENCE_CORE_030,CHEM 1406,data\raw\catalogs\2025-2026\2025-2026_Catalog.docx,,CONTROLLED_ALIAS
2025-2026,LIFE_AND_PHYSICAL_SCIENCE_CORE_030,CHEM 1407,data\raw\catalogs\2025-2026\2025-2026_Catalog.docx,,CONTROLLED_ALIAS
2025-2026,LIFE_AND_PHYSICAL_SCIENCE_CORE_030,CHEM 1411,data\raw\catalogs\2025-2026\2025-2026_Catalog.docx,,CONTROLLED_ALIAS
2025-2026,LIFE_AND_PHYSICAL_SCIENCE_CORE_030,CHEM 1412,data\raw\catalogs\2025-2026\2025-2026_Catalog.docx,,CONTROLLED_ALIAS
2025-2026,LIFE_AND_PHYSICAL_SCIENCE_CORE_030,GEOL 1403,data\raw\catalogs\2025-2026\2025-2026_Catalog.docx,,CONTROLLED_ALIAS
2025-2026,LIFE_AND_PHYSICAL_SCIENCE_CORE_030,GEOL 1404,data\raw\catalogs\2025-2026\2025-2026_Catalog.docx,,CONTROLLED_ALIAS
2025-2026,LIFE_AND_PHYSICAL_SCIENCE_CORE_030,PHYS 1401,data\raw\catalogs\2025-2026\2025-2026_Catalog.docx,,CONTROLLED_ALIAS
2025-2026,LIFE_AND_PHYSICAL_SCIENCE_CORE_030,PHYS 1405,data\raw\catalogs\2025-2026\2025-2026_Catalog.docx,,CONTROLLED_ALIAS
2025-2026,LIFE_AND_PHYSICAL_SCIENCE_CORE_030,PHYS 1407,data\raw\catalogs\2025-2026\2025-2026_Catalog.docx,,CONTROLLED_ALIAS
2025-2026,LIFE_AND_PHYSICAL_SCIENCE_CORE_030,PHYS 2425,data\raw\catalogs\2025-2026\2025-2026_Catalog.docx,,CONTROLLED_ALIAS
2025-2026,LIFE_AND_PHYSICAL_SCIENCE_CORE_030,PHYS 2426,data\raw\catalogs\2025-2026\2025-2026_Catalog.docx,,CONTROLLED_ALIAS
2025-2026,LIFE_OR_PHYSICAL_SCIENCE,BIOL 1406,data\raw\catalogs\2025-2026\2025-2026_Catalog.docx,,CONTROLLED_ALIAS
2025-2026,LIFE_OR_PHYSICAL_SCIENCE,BIOL 1407,data\raw\catalogs\2025-2026\2025-2026_Catalog.docx,,CONTROLLED_ALIAS
2025-2026,LIFE_OR_PHYSICAL_SCIENCE,BIOL 1408,data\raw\catalogs\2025-2026\2025-2026_Catalog.docx,,CONTROLLED_ALIAS
2025-2026,LIFE_OR_PHYSICAL_SCIENCE,BIOL 1409,data\raw\catalogs\2025-2026\2025-2026_Catalog.docx,,CONTROLLED_ALIAS
2025-2026,LIFE_OR_PHYSICAL_SCIENCE,BIOL 1411,data\raw\catalogs\2025-2026\2025-2026_Catalog.docx,,CONTROLLED_ALIAS
2025-2026,LIFE_OR_PHYSICAL_SCIENCE,BIOL 1413,data\raw\catalogs\2025-2026\2025-2026_Catalog.docx,,CONTROLLED_ALIAS
2025-2026,LIFE_OR_PHYSICAL_SCIENCE,BIOL 2401,data\raw\catalogs\2025-2026\2025-2026_Catalog.docx,,CONTROLLED_ALIAS
2025-2026,LIFE_OR_PHYSICAL_SCIENCE,BIOL 2402,data\raw\catalogs\2025-2026\2025-2026_Catalog.docx,,CONTROLLED_ALIAS
2025-2026,LIFE_OR_PHYSICAL_SCIENCE,BIOL 2404,data\raw\catalogs\2025-2026\2025-2026_Catalog.docx,,CONTROLLED_ALIAS
2025-2026,LIFE_OR_PHYSICAL_SCIENCE,BIOL 2406,data\raw\catalogs\2025-2026\2025-2026_Catalog.docx,,CONTROLLED_ALIAS
2025-2026,LIFE_OR_PHYSICAL_SCIENCE,CHEM 1406,data\raw\catalogs\2025-2026\2025-2026_Catalog.docx,,CONTROLLED_ALIAS
2025-2026,LIFE_OR_PHYSICAL_SCIENCE,CHEM 1407,data\raw\catalogs\2025-2026\2025-2026_Catalog.docx,,CONTROLLED_ALIAS
2025-2026,LIFE_OR_PHYSICAL_SCIENCE,CHEM 1411,data\raw\catalogs\2025-2026\2025-2026_Catalog.docx,,CONTROLLED_ALIAS
2025-2026,LIFE_OR_PHYSICAL_SCIENCE,CHEM 1412,data\raw\catalogs\2025-2026\2025-2026_Catalog.docx,,CONTROLLED_ALIAS
2025-2026,LIFE_OR_PHYSICAL_SCIENCE,GEOL 1403,data\raw\catalogs\2025-2026\2025-2026_Catalog.docx,,CONTROLLED_ALIAS
2025-2026,LIFE_OR_PHYSICAL_SCIENCE,GEOL 1404,data\raw\catalogs\2025-2026\2025-2026_Catalog.docx,,CONTROLLED_ALIAS
2025-2026,LIFE_OR_PHYSICAL_SCIENCE,PHYS 1401,data\raw\catalogs\2025-2026\2025-2026_Catalog.docx,,CONTROLLED_ALIAS
2025-2026,LIFE_OR_PHYSICAL_SCIENCE,PHYS 1405,data\raw\catalogs\2025-2026\2025-2026_Catalog.docx,,CONTROLLED_ALIAS
2025-2026,LIFE_OR_PHYSICAL_SCIENCE,PHYS 1407,data\raw\catalogs\2025-2026\2025-2026_Catalog.docx,,CONTROLLED_ALIAS
2025-2026,LIFE_OR_PHYSICAL_SCIENCE,PHYS 2425,data\raw\catalogs\2025-2026\2025-2026_Catalog.docx,,CONTROLLED_ALIAS
2025-2026,LIFE_OR_PHYSICAL_SCIENCE,PHYS 2426,data\raw\catalogs\2025-2026\2025-2026_Catalog.docx,,CONTROLLED_ALIAS
2025-2026,LIFE_OR_PHYSICAL_SCIENCES,BIOL 1406,data\raw\catalogs\2025-2026\2025-2026_Catalog.docx,,CONTROLLED_ALIAS
2025-2026,LIFE_OR_PHYSICAL_SCIENCES,BIOL 1407,data\raw\catalogs\2025-2026\2025-2026_Catalog.docx,,CONTROLLED_ALIAS
2025-2026,LIFE_OR_PHYSICAL_SCIENCES,BIOL 1408,data\raw\catalogs\2025-2026\2025-2026_Catalog.docx,,CONTROLLED_ALIAS
2025-2026,LIFE_OR_PHYSICAL_SCIENCES,BIOL 1409,data\raw\catalogs\2025-2026\2025-2026_Catalog.docx,,CONTROLLED_ALIAS
2025-2026,LIFE_OR_PHYSICAL_SCIENCES,BIOL 1411,data\raw\catalogs\2025-2026\2025-2026_Catalog.docx,,CONTROLLED_ALIAS
2025-2026,LIFE_OR_PHYSICAL_SCIENCES,BIOL 1413,data\raw\catalogs\2025-2026\2025-2026_Catalog.docx,,CONTROLLED_ALIAS
2025-2026,LIFE_OR_PHYSICAL_SCIENCES,BIOL 2401,data\raw\catalogs\2025-2026\2025-2026_Catalog.docx,,CONTROLLED_ALIAS
2025-2026,LIFE_OR_PHYSICAL_SCIENCES,BIOL 2402,data\raw\catalogs\2025-2026\2025-2026_Catalog.docx,,CONTROLLED_ALIAS
2025-2026,LIFE_OR_PHYSICAL_SCIENCES,BIOL 2404,data\raw\catalogs\2025-2026\2025-2026_Catalog.docx,,CONTROLLED_ALIAS
2025-2026,LIFE_OR_PHYSICAL_SCIENCES,BIOL 2406,data\raw\catalogs\2025-2026\2025-2026_Catalog.docx,,CONTROLLED_ALIAS
2025-2026,LIFE_OR_PHYSICAL_SCIENCES,CHEM 1406,data\raw\catalogs\2025-2026\2025-2026_Catalog.docx,,CONTROLLED_ALIAS
2025-2026,LIFE_OR_PHYSICAL_SCIENCES,CHEM 1407,data\raw\catalogs\2025-2026\2025-2026_Catalog.docx,,CONTROLLED_ALIAS
2025-2026,LIFE_OR_PHYSICAL_SCIENCES,CHEM 1411,data\raw\catalogs\2025-2026\2025-2026_Catalog.docx,,CONTROLLED_ALIAS
2025-2026,LIFE_OR_PHYSICAL_SCIENCES,CHEM 1412,data\raw\catalogs\2025-2026\2025-2026_Catalog.docx,,CONTROLLED_ALIAS
2025-2026,LIFE_OR_PHYSICAL_SCIENCES,GEOL 1403,data\raw\catalogs\2025-2026\2025-2026_Catalog.docx,,CONTROLLED_ALIAS
2025-2026,LIFE_OR_PHYSICAL_SCIENCES,GEOL 1404,data\raw\catalogs\2025-2026\2025-2026_Catalog.docx,,CONTROLLED_ALIAS
2025-2026,LIFE_OR_PHYSICAL_SCIENCES,PHYS 1401,data\raw\catalogs\2025-2026\2025-2026_Catalog.docx,,CONTROLLED_ALIAS
2025-2026,LIFE_OR_PHYSICAL_SCIENCES,PHYS 1405,data\raw\catalogs\2025-2026\2025-2026_Catalog.docx,,CONTROLLED_ALIAS
2025-2026,LIFE_OR_PHYSICAL_SCIENCES,PHYS 1407,data\raw\catalogs\2025-2026\2025-2026_Catalog.docx,,CONTROLLED_ALIAS
2025-2026,LIFE_OR_PHYSICAL_SCIENCES,PHYS 2425,data\raw\catalogs\2025-2026\2025-2026_Catalog.docx,,CONTROLLED_ALIAS
2025-2026,LIFE_OR_PHYSICAL_SCIENCES,PHYS 2426,data\raw\catalogs\2025-2026\2025-2026_Catalog.docx,,CONTROLLED_ALIAS
2025-2026,LIFE_SCIENCE_CORE_030,BIOL 1406,data\raw\catalogs\2025-2026\2025-2026_Catalog.docx,,CONTROLLED_ALIAS
2025-2026,LIFE_SCIENCE_CORE_030,BIOL 1407,data\raw\catalogs\2025-2026\2025-2026_Catalog.docx,,CONTROLLED_ALIAS
2025-2026,LIFE_SCIENCE_CORE_030,BIOL 1408,data\raw\catalogs\2025-2026\2025-2026_Catalog.docx,,CONTROLLED_ALIAS
2025-2026,LIFE_SCIENCE_CORE_030,BIOL 1409,data\raw\catalogs\2025-2026\2025-2026_Catalog.docx,,CONTROLLED_ALIAS
2025-2026,LIFE_SCIENCE_CORE_030,BIOL 1411,data\raw\catalogs\2025-2026\2025-2026_Catalog.docx,,CONTROLLED_ALIAS
2025-2026,LIFE_SCIENCE_CORE_030,BIOL 1413,data\raw\catalogs\2025-2026\2025-2026_Catalog.docx,,CONTROLLED_ALIAS
2025-2026,LIFE_SCIENCE_CORE_030,BIOL 2401,data\raw\catalogs\2025-2026\2025-2026_Catalog.docx,,CONTROLLED_ALIAS
2025-2026,LIFE_SCIENCE_CORE_030,BIOL 2402,data\raw\catalogs\2025-2026\2025-2026_Catalog.docx,,CONTROLLED_ALIAS
2025-2026,LIFE_SCIENCE_CORE_030,BIOL 2404,data\raw\catalogs\2025-2026\2025-2026_Catalog.docx,,CONTROLLED_ALIAS
2025-2026,LIFE_SCIENCE_CORE_030,BIOL 2406,data\raw\catalogs\2025-2026\2025-2026_Catalog.docx,,CONTROLLED_ALIAS
2025-2026,MATHEMATICS_CORE,MATH 1314,data\raw\catalogs\2025-2026\2025-2026_Catalog.docx,13,CANONICAL
2025-2026,MATHEMATICS_CORE,MATH 1324,data\raw\catalogs\2025-2026\2025-2026_Catalog.docx,13,CANONICAL
2025-2026,MATHEMATICS_CORE,MATH 1332,data\raw\catalogs\2025-2026\2025-2026_Catalog.docx,13,CANONICAL
2025-2026,MATHEMATICS_CORE,MATH 1342,data\raw\catalogs\2025-2026\2025-2026_Catalog.docx,13,CANONICAL
2025-2026,MATHEMATICS_CORE,MATH 2312,data\raw\catalogs\2025-2026\2025-2026_Catalog.docx,13,CANONICAL
2025-2026,MATHEMATICS_CORE,MATH 2413,data\raw\catalogs\2025-2026\2025-2026_Catalog.docx,13,CANONICAL
2025-2026,MATHEMATICS_CORE,MATH 2414,data\raw\catalogs\2025-2026\2025-2026_Catalog.docx,13,CANONICAL
2025-2026,PHYSICAL_SCIENCE,CHEM 1406,data\raw\catalogs\2025-2026\2025-2026_Catalog.docx,,CONTROLLED_ALIAS
2025-2026,PHYSICAL_SCIENCE,CHEM 1407,data\raw\catalogs\2025-2026\2025-2026_Catalog.docx,,CONTROLLED_ALIAS
2025-2026,PHYSICAL_SCIENCE,CHEM 1411,data\raw\catalogs\2025-2026\2025-2026_Catalog.docx,,CONTROLLED_ALIAS
2025-2026,PHYSICAL_SCIENCE,CHEM 1412,data\raw\catalogs\2025-2026\2025-2026_Catalog.docx,,CONTROLLED_ALIAS
2025-2026,PHYSICAL_SCIENCE,GEOL 1403,data\raw\catalogs\2025-2026\2025-2026_Catalog.docx,,CONTROLLED_ALIAS
2025-2026,PHYSICAL_SCIENCE,GEOL 1404,data\raw\catalogs\2025-2026\2025-2026_Catalog.docx,,CONTROLLED_ALIAS
2025-2026,PHYSICAL_SCIENCE,PHYS 1401,data\raw\catalogs\2025-2026\2025-2026_Catalog.docx,,CONTROLLED_ALIAS
2025-2026,PHYSICAL_SCIENCE,PHYS 1405,data\raw\catalogs\2025-2026\2025-2026_Catalog.docx,,CONTROLLED_ALIAS
2025-2026,PHYSICAL_SCIENCE,PHYS 1407,data\raw\catalogs\2025-2026\2025-2026_Catalog.docx,,CONTROLLED_ALIAS
2025-2026,PHYSICAL_SCIENCE,PHYS 2425,data\raw\catalogs\2025-2026\2025-2026_Catalog.docx,,CONTROLLED_ALIAS
2025-2026,PHYSICAL_SCIENCE,PHYS 2426,data\raw\catalogs\2025-2026\2025-2026_Catalog.docx,,CONTROLLED_ALIAS
2025-2026,PHYSICAL_SCIENCE_CORE_030,CHEM 1406,data\raw\catalogs\2025-2026\2025-2026_Catalog.docx,,CONTROLLED_ALIAS
2025-2026,PHYSICAL_SCIENCE_CORE_030,CHEM 1407,data\raw\catalogs\2025-2026\2025-2026_Catalog.docx,,CONTROLLED_ALIAS
2025-2026,PHYSICAL_SCIENCE_CORE_030,CHEM 1411,data\raw\catalogs\2025-2026\2025-2026_Catalog.docx,,CONTROLLED_ALIAS
2025-2026,PHYSICAL_SCIENCE_CORE_030,CHEM 1412,data\raw\catalogs\2025-2026\2025-2026_Catalog.docx,,CONTROLLED_ALIAS
2025-2026,PHYSICAL_SCIENCE_CORE_030,GEOL 1403,data\raw\catalogs\2025-2026\2025-2026_Catalog.docx,,CONTROLLED_ALIAS
2025-2026,PHYSICAL_SCIENCE_CORE_030,GEOL 1404,data\raw\catalogs\2025-2026\2025-2026_Catalog.docx,,CONTROLLED_ALIAS
2025-2026,PHYSICAL_SCIENCE_CORE_030,PHYS 1401,data\raw\catalogs\2025-2026\2025-2026_Catalog.docx,,CONTROLLED_ALIAS
2025-2026,PHYSICAL_SCIENCE_CORE_030,PHYS 1405,data\raw\catalogs\2025-2026\2025-2026_Catalog.docx,,CONTROLLED_ALIAS
2025-2026,PHYSICAL_SCIENCE_CORE_030,PHYS 1407,data\raw\catalogs\2025-2026\2025-2026_Catalog.docx,,CONTROLLED_ALIAS
2025-2026,PHYSICAL_SCIENCE_CORE_030,PHYS 2425,data\raw\catalogs\2025-2026\2025-2026_Catalog.docx,,CONTROLLED_ALIAS
2025-2026,PHYSICAL_SCIENCE_CORE_030,PHYS 2426,data\raw\catalogs\2025-2026\2025-2026_Catalog.docx,,CONTROLLED_ALIAS
2025-2026,SOCIAL_AND_BEHAVIORAL_SCIENCE_CORE,ECON 2301,data\raw\catalogs\2025-2026\2025-2026_Catalog.docx,13,CANONICAL
2025-2026,SOCIAL_AND_BEHAVIORAL_SCIENCE_CORE,ECON 2302,data\raw\catalogs\2025-2026\2025-2026_Catalog.docx,13,CANONICAL
2025-2026,SOCIAL_AND_BEHAVIORAL_SCIENCE_CORE,ENGR 2308,data\raw\catalogs\2025-2026\2025-2026_Catalog.docx,13,CANONICAL
2025-2026,SOCIAL_AND_BEHAVIORAL_SCIENCE_CORE,GEOG 1301,data\raw\catalogs\2025-2026\2025-2026_Catalog.docx,13,CANONICAL
2025-2026,SOCIAL_AND_BEHAVIORAL_SCIENCE_CORE,GEOG 1302,data\raw\catalogs\2025-2026\2025-2026_Catalog.docx,13,CANONICAL
2025-2026,SOCIAL_AND_BEHAVIORAL_SCIENCE_CORE,PSYC 2301,data\raw\catalogs\2025-2026\2025-2026_Catalog.docx,13,CANONICAL
2025-2026,SOCIAL_AND_BEHAVIORAL_SCIENCE_CORE,SOCI 1301,data\raw\catalogs\2025-2026\2025-2026_Catalog.docx,13,CANONICAL
2025-2026,SOCIAL_AND_BEHAVIORAL_SCIENCE_CORE,TECA 1354,data\raw\catalogs\2025-2026\2025-2026_Catalog.docx,13,CANONICAL
2025-2026,SOCIAL_AND_BEHAVIORAL_SCIENCE_E,ECON 2301,data\raw\catalogs\2025-2026\2025-2026_Catalog.docx,,CONTROLLED_ALIAS
2025-2026,SOCIAL_AND_BEHAVIORAL_SCIENCE_E,ECON 2302,data\raw\catalogs\2025-2026\2025-2026_Catalog.docx,,CONTROLLED_ALIAS
2025-2026,SOCIAL_AND_BEHAVIORAL_SCIENCE_E,ENGR 2308,data\raw\catalogs\2025-2026\2025-2026_Catalog.docx,,CONTROLLED_ALIAS
2025-2026,SOCIAL_AND_BEHAVIORAL_SCIENCE_E,GEOG 1301,data\raw\catalogs\2025-2026\2025-2026_Catalog.docx,,CONTROLLED_ALIAS
2025-2026,SOCIAL_AND_BEHAVIORAL_SCIENCE_E,GEOG 1302,data\raw\catalogs\2025-2026\2025-2026_Catalog.docx,,CONTROLLED_ALIAS
2025-2026,SOCIAL_AND_BEHAVIORAL_SCIENCE_E,PSYC 2301,data\raw\catalogs\2025-2026\2025-2026_Catalog.docx,,CONTROLLED_ALIAS
2025-2026,SOCIAL_AND_BEHAVIORAL_SCIENCE_E,SOCI 1301,data\raw\catalogs\2025-2026\2025-2026_Catalog.docx,,CONTROLLED_ALIAS
2025-2026,SOCIAL_AND_BEHAVIORAL_SCIENCE_E,TECA 1354,data\raw\catalogs\2025-2026\2025-2026_Catalog.docx,,CONTROLLED_ALIAS
2025-2026,SOCIAL_BEHAVIORAL_SCIENCE,ECON 2301,data\raw\catalogs\2025-2026\2025-2026_Catalog.docx,,CONTROLLED_ALIAS
2025-2026,SOCIAL_BEHAVIORAL_SCIENCE,ECON 2302,data\raw\catalogs\2025-2026\2025-2026_Catalog.docx,,CONTROLLED_ALIAS
2025-2026,SOCIAL_BEHAVIORAL_SCIENCE,ENGR 2308,data\raw\catalogs\2025-2026\2025-2026_Catalog.docx,,CONTROLLED_ALIAS
2025-2026,SOCIAL_BEHAVIORAL_SCIENCE,GEOG 1301,data\raw\catalogs\2025-2026\2025-2026_Catalog.docx,,CONTROLLED_ALIAS
2025-2026,SOCIAL_BEHAVIORAL_SCIENCE,GEOG 1302,data\raw\catalogs\2025-2026\2025-2026_Catalog.docx,,CONTROLLED_ALIAS
2025-2026,SOCIAL_BEHAVIORAL_SCIENCE,PSYC 2301,data\raw\catalogs\2025-2026\2025-2026_Catalog.docx,,CONTROLLED_ALIAS
2025-2026,SOCIAL_BEHAVIORAL_SCIENCE,SOCI 1301,data\raw\catalogs\2025-2026\2025-2026_Catalog.docx,,CONTROLLED_ALIAS
2025-2026,SOCIAL_BEHAVIORAL_SCIENCE,TECA 1354,data\raw\catalogs\2025-2026\2025-2026_Catalog.docx,,CONTROLLED_ALIAS
2025-2026,SOCIAL_BEHAVIORAL_SCIENCE_CORE,ECON 2301,data\raw\catalogs\2025-2026\2025-2026_Catalog.docx,,CONTROLLED_ALIAS
2025-2026,SOCIAL_BEHAVIORAL_SCIENCE_CORE,ECON 2302,data\raw\catalogs\2025-2026\2025-2026_Catalog.docx,,CONTROLLED_ALIAS
2025-2026,SOCIAL_BEHAVIORAL_SCIENCE_CORE,ENGR 2308,data\raw\catalogs\2025-2026\2025-2026_Catalog.docx,,CONTROLLED_ALIAS
2025-2026,SOCIAL_BEHAVIORAL_SCIENCE_CORE,GEOG 1301,data\raw\catalogs\2025-2026\2025-2026_Catalog.docx,,CONTROLLED_ALIAS
2025-2026,SOCIAL_BEHAVIORAL_SCIENCE_CORE,GEOG 1302,data\raw\catalogs\2025-2026\2025-2026_Catalog.docx,,CONTROLLED_ALIAS
2025-2026,SOCIAL_BEHAVIORAL_SCIENCE_CORE,PSYC 2301,data\raw\catalogs\2025-2026\2025-2026_Catalog.docx,,CONTROLLED_ALIAS
2025-2026,SOCIAL_BEHAVIORAL_SCIENCE_CORE,SOCI 1301,data\raw\catalogs\2025-2026\2025-2026_Catalog.docx,,CONTROLLED_ALIAS
2025-2026,SOCIAL_BEHAVIORAL_SCIENCE_CORE,TECA 1354,data\raw\catalogs\2025-2026\2025-2026_Catalog.docx,,CONTROLLED_ALIAS
2025-2026,SOCIAL_BEHAVIORAL_SCIENCE_ELECTIVE,ECON 2301,data\raw\catalogs\2025-2026\2025-2026_Catalog.docx,,CONTROLLED_ALIAS
2025-2026,SOCIAL_BEHAVIORAL_SCIENCE_ELECTIVE,ECON 2302,data\raw\catalogs\2025-2026\2025-2026_Catalog.docx,,CONTROLLED_ALIAS
2025-2026,SOCIAL_BEHAVIORAL_SCIENCE_ELECTIVE,ENGR 2308,data\raw\catalogs\2025-2026\2025-2026_Catalog.docx,,CONTROLLED_ALIAS
2025-2026,SOCIAL_BEHAVIORAL_SCIENCE_ELECTIVE,GEOG 1301,data\raw\catalogs\2025-2026\2025-2026_Catalog.docx,,CONTROLLED_ALIAS
2025-2026,SOCIAL_BEHAVIORAL_SCIENCE_ELECTIVE,GEOG 1302,data\raw\catalogs\2025-2026\2025-2026_Catalog.docx,,CONTROLLED_ALIAS
2025-2026,SOCIAL_BEHAVIORAL_SCIENCE_ELECTIVE,PSYC 2301,data\raw\catalogs\2025-2026\2025-2026_Catalog.docx,,CONTROLLED_ALIAS
2025-2026,SOCIAL_BEHAVIORAL_SCIENCE_ELECTIVE,SOCI 1301,data\raw\catalogs\2025-2026\2025-2026_Catalog.docx,,CONTROLLED_ALIAS
2025-2026,SOCIAL_BEHAVIORAL_SCIENCE_ELECTIVE,TECA 1354,data\raw\catalogs\2025-2026\2025-2026_Catalog.docx,,CONTROLLED_ALIAS
